Workbook
Name _1st_shift_percentage: Data!$B$60
Name _2nd_shift_percentage: Data!$B$59
Name Amazon_Replen: Data!$B$58
Name Autobagger_Bander: Data!$B$28
Name Autobagger_Operator: Data!$B$27
Name Average_units_per_bin: Data!$B$52
Name Cartbuilding: Data!$B$18
Name Cartons_per_hour_Cubiscan: Data!$B$38
Name Cubiscan: Data!$B$36
Name DD: #REF!
Name DTC: Data!$B$9
Name DTC_to_replen: Data!$B$35
Name Exceptions: Data!$B$42
Name Gift_cards: Data!$B$21
Name Gift_cards_per_hour: Data!$B$26
Name Hours_1st: Data!$B$3
Name Hours_2nd: Data!$B$4
Name Inventory: Data!$B$50
Name Narvar: Data!$B$41
Name Open_orders: Data!$B$54
Name Overstock: Data!$B$33
Name Overstock_cycle_count: Data!$B$53
Name Pecentage_of_goal_2nd: Data!$B$6
Name Percentage_1st_Goal: Data!$B$43
Name Percentage_2nd_Goal: Data!$B$44
Name Percentage_Exceptions: Data!$B$47
Name Percentage_Narvar: Data!$B$45
Name Percentage_Non_Narvar: Data!$B$46
Name Percentage_of_goal_1st: Data!$B$5
Name Percentage_regular: Data!$B$14
Name Percentage_singles: Data!$B$15
Name Picking_cycle_count: Data!$B$51
Name Pieces_per_package: Data!$B$48
Name Planning: Data!$B$2
Name Receiving: Data!$B$34
Name Receiving_DD: #REF!
Name Region_1: Data!$B$10
Name Region_2: Data!$B$11
Name Region_7: Data!$B$12
Name Repack: Data!$B$22
Name Repack_goal: Data!$B$23
Name Replenishment_pull: Data!$B$31
Name Replenishment_throw: Data!$B$32
Name Resets: Data!$B$24
Name Resets_per_hour: Data!$B$25
Name Returns: Data!$B$39
Name Returns_put_away: Data!$B$40
Name Ship_bulk: Data!$B$16
Name Ship_singles: Data!$B$17
Name Stocking: Data!$B$30
Name Taper: Data!$B$19
Name Truck_loader: Data!$B$20
Name Units_per_carton: Data!$B$37
Name UPT: Data!$B$13
Name Wholesale: Data!$B$57

Sheet Outbound
A1: Fiscal Week | B1: =VLOOKUP(B3,FiscalCalendar!$A:$C,3,FALSE) -> 1 | C1: =VLOOKUP(C3,FiscalCalendar!$A:$C,3,FALSE) -> 1 | D1: =VLOOKUP(D3,FiscalCalendar!$A:$C,3,FALSE) -> 1 | E1: =VLOOKUP(E3,FiscalCalendar!$A:$C,3,FALSE) -> 1 | F1: =VLOOKUP(F3,FiscalCalendar!$A:$C,3,FALSE) -> 1 | G1: =VLOOKUP(G3,FiscalCalendar!$A:$C,3,FALSE) -> 1 | H1: =VLOOKUP(H3,FiscalCalendar!$A:$C,3,FALSE) -> 1 | I1: =VLOOKUP(I3,FiscalCalendar!$A:$C,3,FALSE) -> 2 | ... NA1: =VLOOKUP(NA3,FiscalCalendar!$A:$C,3,FALSE) -> 52
B2: Sunday | C2: Monday | D2: Tuesday | E2: Wednesday | F2: Thursday | G2: Friday | H2: Saturday | I2: Sunday | J2: Monday | K2: Tuesday | L2: Wednesday | M2: Thursday | N2: Friday | O2: Saturday | P2: Sunday | Q2: Monday | R2: Tuesday | S2: Wednesday | T2: Thursday | U2: Friday | V2: Saturday | W2: Sunday | X2: Monday | Y2: Tuesday | Z2: Wednesday | AA2: Thursday | AB2: Friday | AC2: Saturday | AD2: Sunday | AE2: Monday | AF2: Tuesday | AG2: Wednesday | AH2: Thursday | AI2: Friday | AJ2: Saturday | AK2: Sunday | AL2: Monday | AM2: Tuesday | AN2: Wednesday | AO2: Thursday | AP2: Friday | AQ2: Saturday | AR2: Sunday | AS2: Monday | AT2: Tuesday | AU2: Wednesday | AV2: Thursday | AW2: Friday | AX2: Saturday | AY2: Sunday | AZ2: Monday | BA2: Tuesday | BB2: Wednesday | BC2: Thursday | BD2: Friday | BE2: Saturday | BF2: Sunday | BG2: Monday | BH2: Tuesday | BI2: Wednesday | BJ2: Thursday | BK2: Friday | BL2: Saturday | BM2: Sunday | BN2: Monday | BO2: Tuesday | BP2: Wednesday | BQ2: Thursday | BR2: Friday | BS2: Saturday | BT2: Sunday | BU2: Monday | BV2: Tuesday | BW2: Wednesday | BX2: Thursday | BY2: Friday | BZ2: Saturday | CA2: Sunday | CB2: Monday | CC2: Tuesday | CD2: Wednesday | CE2: Thursday | CF2: Friday | CG2: Saturday | CH2: Sunday | CI2: Monday | CJ2: Tuesday | CK2: Wednesday | CL2: Thursday | CM2: Friday | CN2: Saturday | CO2: Sunday | CP2: Monday | CQ2: Tuesday | CR2: Wednesday | CS2: Thursday | CT2: Friday | CU2: Saturday | CV2: Sunday | CW2: Monday | CX2: Tuesday | CY2: Wednesday | CZ2: Thursday | DA2: Friday | DB2: Saturday | DC2: Sunday | DD2: Monday | DE2: Tuesday | DF2: Wednesday | DG2: Thursday | DH2: Friday | DI2: Saturday | DJ2: Sunday | DK2: Monday | DL2: Tuesday | DM2: Wednesday | DN2: Thursday | DO2: Friday | DP2: Saturday | DQ2: Sunday | DR2: Monday | DS2: Tuesday | DT2: Wednesday | DU2: Thursday | DV2: Friday | DW2: Saturday | DX2: Sunday | DY2: Monday | DZ2: Tuesday | EA2: Wednesday | EB2: Thursday | EC2: Friday | ED2: Saturday | EE2: Sunday | EF2: Monday | EG2: Tuesday | EH2: Wednesday | EI2: Thursday | EJ2: Friday | EK2: Saturday | EL2: Sunday | EM2: Monday | EN2: Tuesday | EO2: Wednesday | EP2: Thursday | EQ2: Friday | ER2: Saturday | ES2: Sunday | ET2: Monday | EU2: Tuesday | EV2: Wednesday | EW2: Thursday | EX2: Friday | EY2: Saturday | EZ2: Sunday | FA2: Monday | FB2: Tuesday | FC2: Wednesday | FD2: Thursday | FE2: Friday | FF2: Saturday | FG2: Sunday | FH2: Monday | FI2: Tuesday | FJ2: Wednesday | FK2: Thursday | FL2: Friday | FM2: Saturday | FN2: Sunday | FO2: Monday | FP2: Tuesday | FQ2: Wednesday | FR2: Thursday | FS2: Friday | FT2: Saturday | FU2: Sunday | FV2: Monday | FW2: Tuesday | FX2: Wednesday | FY2: Thursday | FZ2: Friday | GA2: Saturday | GB2: Sunday | GC2: Monday | GD2: Tuesday | GE2: Wednesday | GF2: Thursday | GG2: Friday | GH2: Saturday | GI2: Sunday | GJ2: Monday | GK2: Tuesday | GL2: Wednesday | GM2: Thursday | GN2: Friday | GO2: Saturday | GP2: Sunday | GQ2: Monday | GR2: Tuesday | GS2: Wednesday | GT2: Thursday | GU2: Friday | GV2: Saturday | GW2: Sunday | GX2: Monday | GY2: Tuesday | GZ2: Wednesday | HA2: Thursday | HB2: Friday | HC2: Saturday | HD2: Sunday | HE2: Monday | HF2: Tuesday | HG2: Wednesday | HH2: Thursday | HI2: Friday | HJ2: Saturday | HK2: Sunday | HL2: Monday | HM2: Tuesday | HN2: Wednesday | HO2: Thursday | HP2: Friday | HQ2: Saturday | HR2: Sunday | HS2: Monday | HT2: Tuesday | HU2: Wednesday | HV2: Thursday | HW2: Friday | HX2: Saturday | HY2: Sunday | HZ2: Monday | IA2: Tuesday | IB2: Wednesday | IC2: Thursday | ID2: Friday | IE2: Saturday | IF2: Sunday | IG2: Monday | IH2: Tuesday | II2: Wednesday | IJ2: Thursday | IK2: Friday | IL2: Saturday | IM2: Sunday | IN2: Monday | IO2: Tuesday | IP2: Wednesday | IQ2: Thursday | IR2: Friday | IS2: Saturday | IT2: Sunday | IU2: Monday | IV2: Tuesday | IW2: Wednesday | IX2: Thursday | IY2: Friday | IZ2: Saturday | JA2: Sunday | JB2: Monday | JC2: Tuesday | JD2: Wednesday | JE2: Thursday | JF2: Friday | JG2: Saturday | JH2: Sunday | JI2: Monday | JJ2: Tuesday | JK2: Wednesday | JL2: Thursday | JM2: Friday | JN2: Saturday | JO2: Sunday | JP2: Monday | JQ2: Tuesday | JR2: Wednesday | JS2: Thursday | JT2: Friday | JU2: Saturday | JV2: Sunday | JW2: Monday | JX2: Tuesday | JY2: Wednesday | JZ2: Thursday | KA2: Friday | KB2: Saturday | KC2: Sunday | KD2: Monday | KE2: Tuesday | KF2: Wednesday | KG2: Thursday | KH2: Friday | KI2: Saturday | KJ2: Sunday | KK2: Monday | KL2: Tuesday | KM2: Wednesday | KN2: Thursday | KO2: Friday | KP2: Saturday | KQ2: Sunday | KR2: Monday | KS2: Tuesday | KT2: Wednesday | KU2: Thursday | KV2: Friday | KW2: Saturday | KX2: Sunday | KY2: Monday | KZ2: Tuesday | LA2: Wednesday | LB2: Thursday | LC2: Friday | LD2: Saturday | LE2: Sunday | LF2: Monday | LG2: Tuesday | LH2: Wednesday | LI2: Thursday | LJ2: Friday | LK2: Saturday | LL2: Sunday | LM2: Monday | LN2: Tuesday | LO2: Wednesday | LP2: Thursday | LQ2: Friday | LR2: Saturday | LS2: Sunday | LT2: Monday | LU2: Tuesday | LV2: Wednesday | LW2: Thursday | LX2: Friday | LY2: Saturday | LZ2: Sunday | MA2: Monday | MB2: Tuesday | MC2: Wednesday | MD2: Thursday | ME2: Friday | MF2: Saturday | MG2: Sunday | MH2: Monday | MI2: Tuesday | MJ2: Wednesday | MK2: Thursday | ML2: Friday | MM2: Saturday | MN2: Sunday | MO2: Monday | MP2: Tuesday | MQ2: Wednesday | MR2: Thursday | MS2: Friday | MT2: Saturday | MU2: Sunday | MV2: Monday | MW2: Tuesday | MX2: Wednesday | MY2: Thursday | MZ2: Friday | NA2: Saturday | NB2: Sunday | NC2: Monday | ND2: Tuesday
B3: 45326 | C3: 45327 | D3: 45328 | E3: 45329 | F3: 45330 | G3: 45331 | H3: 45332 | I3: 45333 | J3: 45334 | K3: 45335 | L3: 45336 | M3: 45337 | N3: 45338 | O3: 45339 | P3: 45340 | Q3: 45341 | R3: 45342 | S3: 45343 | T3: 45344 | U3: 45345 | V3: 45346 | W3: 45347 | X3: 45348 | Y3: 45349 | Z3: 45350 | AA3: 45351 | AB3: 45352 | AC3: 45353 | AD3: 45354 | AE3: 45355 | AF3: 45356 | AG3: 45357 | AH3: 45358 | AI3: 45359 | AJ3: 45360 | AK3: 45361 | AL3: 45362 | AM3: 45363 | AN3: 45364 | AO3: 45365 | AP3: 45366 | AQ3: 45367 | AR3: 45368 | AS3: 45369 | AT3: 45370 | AU3: 45371 | AV3: 45372 | AW3: 45373 | AX3: 45374 | AY3: 45375 | AZ3: 45376 | BA3: 45377 | BB3: 45378 | BC3: 45379 | BD3: 45380 | BE3: 45381 | BF3: 45382 | BG3: 45383 | BH3: 45384 | BI3: 45385 | BJ3: 45386 | BK3: 45387 | BL3: 45388 | BM3: 45389 | BN3: 45390 | BO3: 45391 | BP3: 45392 | BQ3: 45393 | BR3: 45394 | BS3: 45395 | BT3: 45396 | BU3: 45397 | BV3: 45398 | BW3: 45399 | BX3: 45400 | BY3: 45401 | BZ3: 45402 | CA3: 45403 | CB3: 45404 | CC3: 45405 | CD3: 45406 | CE3: 45407 | CF3: 45408 | CG3: 45409 | CH3: 45410 | CI3: 45411 | CJ3: 45412 | CK3: 45413 | CL3: 45414 | CM3: 45415 | CN3: 45416 | CO3: 45417 | CP3: 45418 | CQ3: 45419 | CR3: 45420 | CS3: 45421 | CT3: 45422 | CU3: 45423 | CV3: 45424 | CW3: 45425 | CX3: 45426 | CY3: 45427 | CZ3: 45428 | DA3: 45429 | DB3: 45430 | DC3: 45431 | DD3: 45432 | DE3: 45433 | DF3: 45434 | DG3: 45435 | DH3: 45436 | DI3: 45437 | DJ3: 45438 | DK3: 45439 | DL3: 45440 | DM3: 45441 | DN3: 45442 | DO3: 45443 | DP3: 45444 | DQ3: 45445 | DR3: 45446 | DS3: 45447 | DT3: 45448 | DU3: 45449 | DV3: 45450 | DW3: 45451 | DX3: 45452 | DY3: 45453 | DZ3: 45454 | EA3: 45455 | EB3: 45456 | EC3: 45457 | ED3: 45458 | EE3: 45459 | EF3: 45460 | EG3: 45461 | EH3: 45462 | EI3: 45463 | EJ3: 45464 | EK3: 45465 | EL3: 45466 | EM3: 45467 | EN3: 45468 | EO3: 45469 | EP3: 45470 | EQ3: 45471 | ER3: 45472 | ES3: 45473 | ET3: 45474 | EU3: 45475 | EV3: 45476 | EW3: 45477 | EX3: 45478 | EY3: 45479 | EZ3: 45480 | FA3: 45481 | FB3: 45482 | FC3: 45483 | FD3: 45484 | FE3: 45485 | FF3: 45486 | FG3: 45487 | FH3: 45488 | FI3: 45489 | FJ3: 45490 | FK3: 45491 | FL3: 45492 | FM3: 45493 | FN3: 45494 | FO3: 45495 | FP3: 45496 | FQ3: 45497 | FR3: 45498 | FS3: 45499 | FT3: 45500 | FU3: 45501 | FV3: 45502 | FW3: 45503 | FX3: 45504 | FY3: 45505 | FZ3: 45506 | GA3: 45507 | GB3: 45508 | GC3: 45509 | GD3: 45510 | GE3: 45511 | GF3: 45512 | GG3: 45513 | GH3: 45514 | GI3: 45515 | GJ3: 45516 | GK3: 45517 | GL3: 45518 | GM3: 45519 | GN3: 45520 | GO3: 45521 | GP3: 45522 | GQ3: 45523 | GR3: 45524 | GS3: 45525 | GT3: 45526 | GU3: 45527 | GV3: 45528 | GW3: 45529 | GX3: 45530 | GY3: 45531 | GZ3: 45532 | HA3: 45533 | HB3: 45534 | HC3: 45535 | HD3: 45536 | HE3: 45537 | HF3: 45538 | HG3: 45539 | HH3: 45540 | HI3: 45541 | HJ3: 45542 | HK3: 45543 | HL3: 45544 | HM3: 45545 | HN3: 45546 | HO3: 45547 | HP3: 45548 | HQ3: 45549 | HR3: 45550 | HS3: 45551 | HT3: 45552 | HU3: 45553 | HV3: 45554 | HW3: 45555 | HX3: 45556 | HY3: 45557 | HZ3: 45558 | IA3: 45559 | IB3: 45560 | IC3: 45561 | ID3: 45562 | IE3: 45563 | IF3: 45564 | IG3: 45565 | IH3: 45566 | II3: 45567 | IJ3: 45568 | IK3: 45569 | IL3: 45570 | IM3: 45571 | IN3: 45572 | IO3: 45573 | IP3: 45574 | IQ3: 45575 | IR3: 45576 | IS3: 45577 | IT3: 45578 | IU3: 45579 | IV3: 45580 | IW3: 45581 | IX3: 45582 | IY3: 45583 | IZ3: 45584 | JA3: 45585 | JB3: 45586 | JC3: 45587 | JD3: 45588 | JE3: 45589 | JF3: 45590 | JG3: 45591 | JH3: 45592 | JI3: 45593 | JJ3: 45594 | JK3: 45595 | JL3: 45596 | JM3: 45597 | JN3: 45598 | JO3: 45599 | JP3: 45600 | JQ3: 45601 | JR3: 45602 | JS3: 45603 | JT3: 45604 | JU3: 45605 | JV3: 45606 | JW3: 45607 | JX3: 45608 | JY3: 45609 | JZ3: 45610 | KA3: 45611 | KB3: 45612 | KC3: 45613 | KD3: 45614 | KE3: 45615 | KF3: 45616 | KG3: 45617 | KH3: 45618 | KI3: 45619 | KJ3: 45620 | KK3: 45621 | KL3: 45622 | KM3: 45623 | KN3: 45624 | KO3: 45625 | KP3: 45626 | KQ3: 45627 | KR3: 45628 | KS3: 45629 | KT3: 45630 | KU3: 45631 | KV3: 45632 | KW3: 45633 | KX3: 45634 | KY3: 45635 | KZ3: 45636 | LA3: 45637 | LB3: 45638 | LC3: 45639 | LD3: 45640 | LE3: 45641 | LF3: 45642 | LG3: 45643 | LH3: 45644 | LI3: 45645 | LJ3: 45646 | LK3: 45647 | LL3: 45648 | LM3: 45649 | LN3: 45650 | LO3: 45651 | LP3: 45652 | LQ3: 45653 | LR3: 45654 | LS3: 45655 | LT3: 45656 | LU3: 45657 | LV3: 45658 | LW3: 45659 | LX3: 45660 | LY3: 45661 | LZ3: 45662 | MA3: 45663 | MB3: 45664 | MC3: 45665 | MD3: 45666 | ME3: 45667 | MF3: 45668 | MG3: 45669 | MH3: 45670 | MI3: 45671 | MJ3: 45672 | MK3: 45673 | ML3: 45674 | MM3: 45675 | MN3: 45676 | MO3: 45677 | MP3: 45678 | MQ3: 45679 | MR3: 45680 | MS3: 45681 | MT3: 45682 | MU3: 45683 | MV3: 45684 | MW3: 45685 | MX3: 45686 | MY3: 45687 | MZ3: 45688 | NA3: 45689 | NB3: 45690 | NC3: 45691 | ND3: 45692
A4: Orders | BG4: Stress Test | BW4: OT for next Friday? | CE4: F&F Sale | CF4: OT/GIG? | CH4: 2nd 10 hours | CI4: Goals w/ 10 GIG + 50 | CQ4: One truck for FedEx | CW4: Gigs for next week? | CY4: Updated | CZ4: Gigs for Sun? | DA4: Updated | DD4: 5 GIG per day, WE at 40 | DF4: Memorial Day Sale | DJ4: Goals at 50 hrs + 5 GIG | DZ4: Schedule for week of 6/23- Days off Monday? | EG4: Dayshift off next Monday for Fri/Sat? | EM4: Days off? | EO4: 20 GIG 10/10 | ES4: 2nd 10 hrs | EX4: OT 1st | FB4: OT WE | FE4: OT 1st and 2nd | FF4: Vol Days | GA4: Quarter End | GE4: Bastian- shipping down | GQ4: Review OT/GIG next week | HB4: Vol 1st? | HE4: GIGs, WE OT- 2nd 10 hrs | IA4: UPDATED | IB4: F&F schedule for Week of 10/6 | IX4: Updated | KM4: Updated | KY4: SP (GE) Cut-off | LE4: Last Day for Ground | LH4: Last Day for 3D | LI4: 2D HI/AK Cut-off | LL4: Last Day for Overnights | LW4: GIG??
A5: Remaining Volume (Units) | B5: 9965 | C5: =B5-B7+B10 -> 11431 | D5: =C5-C7+C10 -> 8974 | E5: =D5-D7+D10 -> 10764 | F5: =E5-E7+E10 -> 10533 | G5: =F5-F7+F10 -> 9827 | H5: =G5-G7+G10 -> 13249 | I5: =H5-H7+H10 -> 14210 | J5: =I5-I7+I10 -> 11337 | ... CI5: =CH5-CH7+CH10 -> 30949 | CJ5: 18054 | CK5: =CJ5-CJ7+CJ10 -> 33890 | CL5: =CK5-CK7+CK10 -> 42204 | CM5: =CL5-CL7+CL10 -> 32075 | CN5: =CM5-CM7+CM10 -> 35636 | CO5: =CN5-CN7+CN10 -> 25965 | CP5: =CO5-CO7+CO10 -> 36277 | CQ5: =CP5-CP7+CP10 -> 33617 | CR5: =CQ5-CQ7+CQ10 -> 24566 | ... DD5: =DC5-DC7+DC10 -> 18254 | DE5: 18965 | DF5: =DE5-DE7+DE10 -> 28229 | DG5: =DF5-DF7+DF10 -> 36985 | DH5: =DG5-DG7+DG10 -> 45624 | DI5: =DH5-DH7+DH10 -> 55493 | DJ5: =DI5-DI7+DI10 -> 62235 | DK5: =DJ5-DJ7+DJ10 -> 70220 | DL5: =DK5-DK7+DK10 -> 108277 | DM5: =DL5-DL7+DL10 -> 69962 | ... DZ5: =DY5-DY7+DY10 -> 8093 | EA5: 5768 | EB5: =EA5-EA7+EA10 -> 4843 | EC5: =EB5-EB7+EB10 -> 4562 | ED5: =EC5-EC7+EC10 -> 9101 | EE5: =ED5-ED7+ED10 -> 11163 | EF5: =EE5-EE7+EE10 -> 26378 | EG5: =EF5-EF7+EF10 -> 13124 | EH5: =EG5-EG7+EG10 -> 11541 | EI5: =EH5-EH7+EH10 -> 11172 | ... FY5: =FX5-FX7+FX10 -> 10049 | FZ5: 7779 | GA5: 13927 | GB5: =GA5-GA7+GA10 -> 15705 | GC5: =GB5-GB7+GB10 -> 12603 | GD5: =GC5-GC7+GC10 -> 11548.009 | GE5: =GD5-GD7+GD10 -> 12801.009 | GF5: =GE5-GE7+GE10 -> 14468.009 | GG5: =GF5-GF7+GF10 -> 16739.009 | GH5: =GG5-GG7+GG10 -> 20707.009 | GI5: =GH5-GH7+GH10 -> 28152.009 | ... HA5: =GZ5-GZ7+GZ10 -> 42571.009 | HB5: 54078 | HC5: =HB5-HB7+HB10 -> 69991 | HD5: =HC5-HC7+HC10 -> 87979 | HE5: 93071 | HF5: =HE5-HE7+HE10 -> 127150 | HG5: =HF5-HF7+HF10 -> 106472 | HH5: =HG5-HG7+HG10 -> 82545 | HI5: =HH5-HH7+HH10 -> 64138 | HJ5: =HI5-HI7+HI10 -> 50172 | HK5: =HJ5-HJ7+HJ10 -> 40535 | HL5: =HK5-HK7+HK10 -> 27630 | HM5: =HL5-HL7+HL10 -> 16259 | ... IU5: =IT5-IT7+IT10 -> 51542 | IV5: 32004 | IW5: =IV5-IV7+IV10 -> 34416 | IX5: 78856 | IY5: =IX5-IX7+IX10 -> 82299 | IZ5: =IY5-IY7+IY10 -> 61385 | JA5: =IZ5-IZ7+IZ10 -> 103811 | JB5: =JA5-JA7+JA10 -> 110100 | JC5: =JB5-JB7+JB10 -> 79974 | JD5: =JC5-JC7+JC10 -> 50023 | JE5: =JD5-JD7+JD10 -> 23320 | JF5: =JE5-JE7+JE10 -> 11652 | ... KK5: =KJ5-KJ7+KJ10 -> 97869 | KL5: 91178 | KM5: =KL5-KL7+KL10 -> 63908 | KN5: =KM5-KM7+KM10 -> 46894 | KO5: =KN5-KN7+KN10 -> 115726 | KP5: =KO5-KO7+KO10 -> 166564 | KQ5: =KP5-KP7+KP10 -> 163408 | KR5: =KQ5-KQ7+KQ10 -> 159112 | KS5: 237918 | KT5: =KS5-KS7+KS10 -> 237574 | KU5: 183511 | KV5: =KU5-KU7+KU10 -> 142506 | KW5: =KV5-KV7+KV10 -> 94813 | KX5: =KW5-KW7+KW10 -> 104177 | KY5: =KX5-KX7+KX10 -> 81923 | KZ5: =KY5-KY7+KY10 -> 50815 | LA5: =KZ5-KZ7+KZ10 -> 28770 | LB5: =LA5-LA7+LA10 -> 22584 | LC5: =LB5-LB7+LB10 -> 42907 | ... LO5: =LN5-LN7+LN10 -> 6675 | LP5: 23720 | LQ5: =LP5-LP7+LP10 -> 33631 | LR5: =LQ5-LQ7+LQ10 -> 15343 | LS5: =LR5-LR7+LR10 -> 40873 | LT5: =LS5-LS7+LS10 -> 37990 | LU5: =LT5-LT7+LT10 -> 41344 | LV5: =LU5-LU7+LU10 -> 79623 | LW5: =LV5-LV7+LV10 -> 124540 | LX5: =LW5-LW7+LW10 -> 96216 | ... ND5: =NC5-NC7+NC10 -> #N/A
A6: Units Shipped Goal | B6: 9000 | C6: 10000 | D6: 8000 | E6: 8000 | F6: 10000 | G6: 7000 | H6: 7000 | I6: 10000 | J6: 10000 | K6: 8000 | L6: 8000 | M6: 7000 | N6: 10000 | O6: 15000 | P6: 15000 | Q6: 19000 | R6: 22000 | S6: 16000 | T6: 7000 | U6: 7000 | V6: 11000 | W6: 11000 | X6: 7500 | Y6: 9000 | Z6: 10000 | AA6: 10000 | AB6: 10000 | AC6: 10000 | AD6: 12000 | AE6: 10000 | AF6: 12000 | AG6: 10000 | AH6: 10000 | AI6: 8000 | AJ6: 12000 | AK6: 14000 | AL6: 12000 | AM6: 12000 | AN6: 12000 | AO6: 10000 | AP6: 11000 | AQ6: 12000 | AR6: 14000 | AS6: 14000 | AT6: 12000 | AU6: 9000 | AV6: 10000 | AW6: 13000 | AX6: 14000 | AY6: 25000 | AZ6: 30000 | BA6: 25000 | BB6: 14000 | BC6: 9000 | BD6: 7000 | BE6: 11000 | BF6: 0 | BG6: 30000 | BH6: 13000 | BI6: 14000 | BJ6: 13000 | BK6: 11000 | BL6: 14000 | BM6: 20000 | BN6: 21000 | BO6: 16000 | BP6: 6000 | BQ6: 11000 | BR6: 7000 | BS6: 11000 | BT6: 13000 | BU6: 10000 | BV6: 11000 | BW6: 10000 | BX6: 11000 | BY6: 8000 | BZ6: 7000 | CA6: 16000 | CB6: 12000 | CC6: 12000 | CD6: 8000 | CE6: 25000 | CF6: 34000 | CG6: 24000 | CH6: 32000 | CI6: 40000 | CJ6: 38000 | CK6: 28000 | CL6: 38000 | CM6: 40000 | CN6: 24500 | CO6: 25000 | CP6: 30000 | CQ6: 20000 | CR6: 20000 | CS6: 15000 | CT6: 13000 | CU6: 13000 | CV6: 0 | CW6: 23000 | CX6: 14000 | CY6: 12000 | CZ6: 10000 | DA6: 9000 | DB6: 9000 | DC6: 23000 | DD6: 37000 | DE6: 24000 | DF6: 24000 | DG6: 24000 | DH6: 14000 | DI6: 16000 | DJ6: 30000 | DK6: 41000 | DL6: 38000 | DM6: 34000 | DN6: 24000 | DO6: 20000 | DP6: 14000 | DQ6: 20000 | DR6: 15000 | DS6: 11000 | DT6: 11000 | DU6: 10000 | DV6: 8000 | DW6: 10000 | DX6: 14000 | DY6: 20000 | DZ6: 10000 | EA6: 8000 | EB6: 8000 | EC6: 7000 | ED6: 8000 | EE6: 0 | EF6: 26000 | EG6: 11000 | EH6: 11000 | EI6: 13000 | EJ6: 10000 | EK6: 10000 | EL6: 11000 | EM6: 13000 | EN6: 10000 | EO6: 26000 | EP6: 38000 | EQ6: 22000 | ER6: 18000 | ES6: 35000 | ET6: 35000 | EU6: 38000 | EV6: 30000 | EW6: 35000 | EX6: 25000 | EY6: 20000 | EZ6: 36000 | FA6: 30000 | FB6: 45000 | FC6: 37000 | FD6: 40000 | FE6: 48000 | FF6: 26000 | FG6: 36000 | FH6: 50000 | FI6: 25000 | FJ6: 13000 | FK6: 12000 | FL6: 13000 | FM6: =FM5 -> 10701 | FN6: =FN5 -> 14852 | FO6: 15000 | FP6: 9000 | FQ6: 10000 | FR6: 10000 | FS6: 10000 | FT6: 16000 | FU6: 22000 | FV6: 15000 | FW6: 13000 | FX6: 12000 | FY6: 12000 | FZ6: 10000 | GA6: 13000 | GB6: 11000 | GC6: 15000 | GD6: 10000 | GE6: 12000 | GF6: 12000 | GG6: 14000 | GH6: 14000 | GI6: 30000 | GJ6: 32000 | GK6: 15000 | GL6: 14000 | GM6: 15000 | GN6: 10000 | GO6: 16000 | GP6: 20000 | GQ6: 13000 | GR6: 13000 | GS6: 14000 | GT6: 14000 | GU6: 10000 | GV6: 14000 | GW6: 35000 | GX6: 40000 | GY6: 30000 | GZ6: 30000 | HA6: 30000 | HB6: 18000 | HC6: 18000 | HD6: 34000 | HE6: 65000 | HF6: 50000 | HG6: 45000 | HH6: 30000 | HI6: 30000 | HJ6: 28000 | HK6: 35000 | HL6: 20000 | HM6: 18000 | HN6: 15000 | HO6: 12000 | HP6: 18000 | HQ6: 20000 | HR6: 30000 | HS6: 15000 | HT6: 11000 | HU6: 10000 | HV6: 14000 | HW6: 18000 | HX6: 20000 | HY6: 35000 | HZ6: 30000 | IA6: 22000 | IB6: 20000 | IC6: 12000 | ID6: 8000 | IE6: 13000 | IF6: 21500 | IG6: 21000 | IH6: 17000 | II6: 12000 | IJ6: 13500 | IK6: 12000 | IL6: 12000 | IM6: 20000 | IN6: 18000 | IO6: 18000 | IP6: 42000 | IQ6: 60000 | IR6: 30000 | IS6: 35000 | IT6: 55000 | IU6: 65000 | IV6: 50000 | IW6: 45000 | IX6: 55000 | IY6: 70000 | IZ6: 30000 | JA6: 55000 | JB6: 75000 | JC6: 46000 | JD6: 44000 | JE6: 25000 | JF6: 15000 | JG6: 18000 | JH6: 40000 | JI6: 19000 | JJ6: 17000 | JK6: 15000 | JL6: 10000 | JM6: 20000 | JN6: 25000 | JO6: 40000 | JP6: 65000 | JQ6: 40000 | JR6: 25000 | JS6: 15000 | JT6: 20000 | JU6: 25000 | JV6: 40000 | JW6: 55000 | JX6: 27000 | JY6: 27000 | JZ6: 20000 | KA6: 25000 | KB6: 25000 | KC6: 50000 | KD6: 70000 | KE6: 60000 | KF6: 60000 | KG6: 60000 | KH6: 30000 | KI6: 25000 | KJ6: 90000 | KK6: 90000 | KL6: 85000 | KM6: 85000 | KN6: 0 | KO6: 90000 | KP6: 90000 | KQ6: 90000 | KR6: 90000 | KS6: 80000 | KT6: 85000 | KU6: 75000 | KV6: 85000 | KW6: 30000 | KX6: 70000 | KY6: 65000 | KZ6: 50000 | LA6: 40000 | LB6: 40000 | LC6: 27000 | LD6: 35000 | LE6: 60000 | LF6: 60000 | LG6: 42000 | LH6: 30000 | LI6: 13000 | LJ6: 13000 | LK6: 13000 | LL6: 13000 | LM6: 6000 | LN6: 0 | LO6: 0 | LP6: 40000 | LQ6: 60000 | LR6: 30000 | LS6: 55000 | LT6: 60000 | LU6: 0 | LV6: 0 | LW6: 75000 | LX6: 70000 | LY6: 35000 | LZ6: 15000 | MA6: 0 | MB6: 55000 | MC6: 55000 | MD6: 55000 | ME6: 30000 | MF6: 15000 | MG6: 20000 | MH6: 10000 | MI6: 10000 | MJ6: 8000 | MK6: 10000 | ML6: 7000 | MM6: 7000 | MN6: 25000 | MO6: 15000 | MP6: 12000 | MQ6: 9000 | MR6: 6000 | MS6: 6000 | MT6: 6000 | MU6: 8000 | MV6: 8000 | MW6: 6000 | MX6: 8000 | MY6: 8000 | MZ6: 10000 | NA6: 10000 | NB6: =NB5 -> -346.88145 | NC6: =NC5 -> #N/A | ND6: =ND5 -> #N/A
A7: Shipped Units (PowerBi) | B7: 7028 | C7: 11030 | D7: 8301 | E7: 10006 | F7: 10004 | G7: 6291 | H7: 8069 | I7: 12243 | J7: 9297 | K7: 9386 | L7: 6868 | M7: 7892 | N7: 7975 | O7: 15736 | P7: 20970 | Q7: 24808 | R7: 26065 | S7: 17029 | T7: 8019 | U7: 5746 | V7: 9452 | W7: 13993 | X7: 10907 | Y7: 12035 | Z7: 9572 | AA7: 9434 | AB7: 8403 | AC7: 6558 | AD7: 15333 | AE7: 11306 | AF7: 13076 | AG7: 10315 | AH7: 10452 | AI7: 5085 | AJ7: 11236 | AK7: 17689 | AL7: 11291 | AM7: 12483 | AN7: 12935 | AO7: 12623 | AP7: 6157 | AQ7: 13536 | AR7: 20112 | AS7: 16489 | AT7: 12764 | AU7: 9864 | AV7: 10346 | AW7: 8165 | AX7: 10566 | AY7: 23002 | AZ7: 32841 | BA7: 22053 | BB7: 18085 | BC7: 7627 | BD7: 4856 | BE7: 9019 | BF7: =BF6 -> 0 | BG7: 24586 | BH7: 12921 | BI7: 17255 | BJ7: 14174 | BK7: 11336 | BL7: 12058 | BM7: 18952 | BN7: 24838 | BO7: 19092 | BP7: 9269 | BQ7: 14181 | BR7: 5411 | BS7: 6780 | BT7: 13908 | BU7: 10961 | BV7: 11394 | BW7: 12254 | BX7: 9859 | BY7: 5519 | BZ7: 8556 | CA7: 19542 | CB7: 16314 | CC7: 12676 | CD7: 7957 | CE7: 19580 | CF7: 33404 | CG7: 19630 | CH7: 32010 | CI7: 39427 | CJ7: 30972 | CK7: 28828 | CL7: 43159 | CM7: 39396 | CN7: 31727 | CO7: 24422 | CP7: 30693 | CQ7: 21439 | CR7: 16601 | CS7: 15830 | CT7: 8666 | CU7: 16817 | CV7: =CV6 -> 0 | CW7: 27162 | CX7: 18896 | CY7: 14896 | CZ7: 11224 | DA7: 5745 | DB7: 9894 | DC7: 25657 | DD7: 32179 | DE7: 27715 | DF7: 25482 | DG7: 25048 | DH7: 16334 | DI7: 21985 | DJ7: 34778 | DK7: 41805 | DL7: 50920 | DM7: 40342 | DN7: 20073 | DO7: 15649 | DP7: 15770 | DQ7: 20523 | DR7: 13722 | DS7: 13642 | DT7: 13141 | DU7: 14180 | DV7: 5934 | DW7: 9112 | DX7: 18096 | DY7: 21317 | DZ7: 11681 | EA7: 11679 | EB7: 10402 | EC7: 5362 | ED7: 10310 | EE7: =EE6 -> 0 | EF7: 26734 | EG7: 14944 | EH7: 14550 | EI7: 14206 | EJ7: 8144 | EK7: 11953 | EL7: 14900 | EM7: 18549 | EN7: 12945 | EO7: 25171 | EP7: 33691 | EQ7: 21643 | ER7: 18895 | ES7: 36048 | ET7: 41273 | EU7: 38597 | EV7: 29666 | EW7: 37283 | EX7: 23624 | EY7: 12514 | EZ7: 35384 | FA7: 27990 | FB7: 39934 | FC7: 34520 | FD7: 46802 | FE7: 47655 | FF7: 27540 | FG7: 37660 | FH7: 41640 | FI7: 21442 | FJ7: 15699 | FK7: 14084 | FL7: 3298 | FM7: 8309 | FN7: 18774 | FO7: 12677 | FP7: 9451 | FQ7: 12156 | FR7: 10463 | FS7: 5536 | FT7: 6760 | FU7: 20553 | FV7: 15052 | FW7: 12710 | FX7: 12152 | FY7: 10802 | FZ7: 5543 | GA7: 11418 | GB7: 18336 | GC7: 16113 | GD7: 13510 | GE7: 13486 | GF7: 12878 | GG7: 10612 | GH7: 16829 | GI7: 28443 | GJ7: 32020 | GK7: 16873 | GL7: 14724 | GM7: 16154 | GN7: 10635 | GO7: 12435 | GP7: 24239 | GQ7: 18169 | GR7: 14276 | GS7: 16699 | GT7: 15711 | GU7: 11928 | GV7: 14766 | GW7: 29966 | GX7: 35579 | GY7: 26341 | GZ7: 27557 | HA7: 25741 | HB7: 15997 | HC7: 30360 | HD7: 44340 | HE7: 54910 | HF7: 51584 | HG7: 36912 | HH7: 30896 | HI7: 24869 | HJ7: 25768 | HK7: 29803 | HL7: 25284 | HM7: 12738 | HN7: 13499 | HO7: 16286 | HP7: 11566 | HQ7: 15035 | HR7: 21623 | HS7: 16605 | HT7: 15823 | HU7: 14872 | HV7: 20227 | HW7: 12590 | HX7: 21523 | HY7: 36301 | HZ7: 31672 | IA7: 26319 | IB7: 24025 | IC7: 14186 | ID7: 8952 | IE7: 12471 | IF7: 28083 | IG7: 23659 | IH7: 22508 | II7: 17117 | IJ7: 15879 | IK7: 12599 | IL7: 15475 | IM7: 26151 | IN7: 21606 | IO7: 16346 | IP7: 38456 | IQ7: 55582 | IR7: 31418 | IS7: 34426 | IT7: 66498 | IU7: 74373 | IV7: 45916 | IW7: 45004 | IX7: 62109 | IY7: 75246 | IZ7: 38157 | JA7: 57722 | JB7: 78871 | JC7: 47944 | JD7: 44548 | JE7: 29808 | JF7: 16945 | JG7: 18675 | JH7: 36626 | JI7: 28941 | JJ7: 21947 | JK7: 17802 | JL7: 14095 | JM7: 11109 | JN7: 31568 | JO7: 45700 | JP7: 73083 | JQ7: 45448 | JR7: 28874 | JS7: 21260 | JT7: 16847 | JU7: 19781 | JV7: 42653 | JW7: 55282 | JX7: 37432 | JY7: 30270 | JZ7: 27852 | KA7: 19448 | KB7: 26397 | KC7: 52388 | KD7: 64049 | KE7: 55183 | KF7: 58974 | KG7: 63658 | KH7: 36346 | KI7: 28569 | KJ7: 94944 | KK7: 92928 | KL7: 91515 | KM7: 79687 | KN7: 22 | KO7: 100193 | KP7: 106929 | KQ7: 101950 | KR7: 91683 | KS7: 85799 | KT7: 89009 | KU7: 79183 | KV7: 81542 | KW7: 32234 | KX7: 71248 | KY7: 69013 | KZ7: 58985 | LA7: 43366 | LB7: 43095 | LC7: 20709 | LD7: 23897 | LE7: 63732 | LF7: 60785 | LG7: 58941 | LH7: 33558 | LI7: 17819 | LJ7: 15880 | LK7: 14458 | LL7: 14695 | LM7: 7192 | LN7: =LN6 -> 0 | LO7: =LO6 -> 0 | LP7: 44016 | LQ7: 54967 | LR7: 24897 | LS7: 48455 | LT7: 56680 | LU7: 47 | LV7: =LV6 -> 0 | LW7: 70652 | LX7: 65144 | LY7: 39070 | LZ7: 9229 | MA7: =MA6 -> 0 | MB7: 39511 | MC7: 65999 | MD7: 59234 | ME7: 25152 | MF7: 21493 | MG7: 21716 | MH7: 13330 | MI7: 11918 | MJ7: 10918 | MK7: 11954 | ML7: 7574 | MM7: 8046 | MN7: 22951 | MO7: 18491 | MP7: 15183 | MQ7: 13373 | MR7: 8588 | MS7: 8081 | MT7: 8198 | MU7: 11641 | MV7: 11159 | MW7: 8474 | MX7: 8817 | MY7: 7942 | MZ7: 5169 | NA7: 10346 | NB7: 7700 | NC7: =NC6 -> #N/A | ND7: =ND6 -> #N/A
A8: Forecasted Demand (Units) | B8: =VLOOKUP(B$3,'KPI DC Forecast link file'!$B:$C,2,FALSE) -> 8494.0048 | C8: =VLOOKUP(C$3,'KPI DC Forecast link file'!$B:$C,2,FALSE) -> 8573.003 | D8: =VLOOKUP(D$3,'KPI DC Forecast link file'!$B:$C,2,FALSE) -> 10091.005 | E8: =VLOOKUP(E$3,'KPI DC Forecast link file'!$B:$C,2,FALSE) -> 9774.9927 | F8: =VLOOKUP(F$3,'KPI DC Forecast link file'!$B:$C,2,FALSE) -> 9297.9975 | G8: =VLOOKUP(G$3,'KPI DC Forecast link file'!$B:$C,2,FALSE) -> 9713.0109 | H8: =VLOOKUP(H$3,'KPI DC Forecast link file'!$B:$C,2,FALSE) -> 9030.0076 | I8: =VLOOKUP(I$3,'KPI DC Forecast link file'!$B:$C,2,FALSE) -> 9370.0009 | ... FM8: =VLOOKUP(FM$3,'KPI DC Forecast link file'!$B:$C,2,FALSE) -> 12460.001 | FN8: 12395 | FO8: =VLOOKUP(FO$3,'KPI DC Forecast link file'!$B:$C,2,FALSE) -> 8930.0095 | FP8: =VLOOKUP(FP$3,'KPI DC Forecast link file'!$B:$C,2,FALSE) -> 11373.013 | FQ8: =VLOOKUP(FQ$3,'KPI DC Forecast link file'!$B:$C,2,FALSE) -> 12759.003 | FR8: =VLOOKUP(FR$3,'KPI DC Forecast link file'!$B:$C,2,FALSE) -> 8781.005 | FS8: =VLOOKUP(FS$3,'KPI DC Forecast link file'!$B:$C,2,FALSE) -> 11359.993 | FT8: =VLOOKUP(FT$3,'KPI DC Forecast link file'!$B:$C,2,FALSE) -> 10645.003 | FU8: =VLOOKUP(FU$3,'KPI DC Forecast link file'!$B:$C,2,FALSE) -> 13618.005 | FV8: =VLOOKUP(FV$3,'KPI DC Forecast link file'!$B:$C,2,FALSE) -> 16522.995 | FW8: 10637 | FX8: 10008 | FY8: 11166 | FZ8: =VLOOKUP(FZ$3,'KPI DC Forecast link file'!$B:$C,2,FALSE) -> 11879.993 | GA8: =VLOOKUP(GA$3,'KPI DC Forecast link file'!$B:$C,2,FALSE) -> 13195.986 | GB8: =VLOOKUP(GB$3,'KPI DC Forecast link file'!$B:$C,2,FALSE) -> 15233.987 | GC8: =VLOOKUP(GC$3,'KPI DC Forecast link file'!$B:$C,2,FALSE) -> 15058.009 | GD8: =VLOOKUP(GD$3,'KPI DC Forecast link file'!$B:$C,2,FALSE) -> 14762.995 | GE8: =VLOOKUP(GE$3,'KPI DC Forecast link file'!$B:$C,2,FALSE) -> 15152.006 | GF8: =VLOOKUP(GF$3,'KPI DC Forecast link file'!$B:$C,2,FALSE) -> 15148.979 | GG8: =VLOOKUP(GG$3,'KPI DC Forecast link file'!$B:$C,2,FALSE) -> 14580.003 | ... IO8: =VLOOKUP(IO$3,'KPI DC Forecast link file'!$B:$C,2,FALSE) -> 15341.015 | IP8: 85287 | IQ8: 53043 | IR8: 57771 | IS8: 63886 | IT8: 64006 | IU8: 58801 | IV8: 61610 | IW8: 46298 | IX8: 69307 | IY8: 65340 | IZ8: 107939 | JA8: 71110 | JB8: 62421 | JC8: 27908 | JD8: =VLOOKUP(JD$3,'KPI DC Forecast link file'!$B:$C,2,FALSE) -> 17844.992 | JE8: =VLOOKUP(JE$3,'KPI DC Forecast link file'!$B:$C,2,FALSE) -> 18140.005 | JF8: =VLOOKUP(JF$3,'KPI DC Forecast link file'!$B:$C,2,FALSE) -> 17682.01 | JG8: =VLOOKUP(JG$3,'KPI DC Forecast link file'!$B:$C,2,FALSE) -> 26884.025 | JH8: =VLOOKUP(JH$3,'KPI DC Forecast link file'!$B:$C,2,FALSE) -> 30915.027 | JI8: =VLOOKUP(JI$3,'KPI DC Forecast link file'!$B:$C,2,FALSE) -> 22065.004 | JJ8: =VLOOKUP(JJ$3,'KPI DC Forecast link file'!$B:$C,2,FALSE) -> 18033.006 | JK8: =VLOOKUP(JK$3,'KPI DC Forecast link file'!$B:$C,2,FALSE) -> 17083.999 | ... KA8: =VLOOKUP(KA$3,'KPI DC Forecast link file'!$B:$C,2,FALSE) -> 28467.022 | KB8: 45960 | KC8: 45647 | KD8: 43441 | KE8: 81560 | KF8: 64193 | KG8: 57970 | KH8: 57970 | KI8: 71538 | KJ8: 79106 | KK8: 86932 | KL8: 73412 | KM8: 61256 | KN8: 64798 | KO8: 155083 | KP8: 103836 | KQ8: 115582 | KR8: 128162 | KS8: =VLOOKUP(KS$3,'KPI DC Forecast link file'!$B:$C,2,FALSE) -> 85454.891 | KT8: 32997 | KU8: 33457 | KV8: =VLOOKUP(KV$3,'KPI DC Forecast link file'!$B:$C,2,FALSE) -> 33848.971 | KW8: =VLOOKUP(KW$3,'KPI DC Forecast link file'!$B:$C,2,FALSE) -> 41597.961 | KX8: =VLOOKUP(KX$3,'KPI DC Forecast link file'!$B:$C,2,FALSE) -> 48994.03 | KY8: =VLOOKUP(KY$3,'KPI DC Forecast link file'!$B:$C,2,FALSE) -> 37905.018 | KZ8: =VLOOKUP(KZ$3,'KPI DC Forecast link file'!$B:$C,2,FALSE) -> 36939.993 | LA8: =VLOOKUP(LA$3,'KPI DC Forecast link file'!$B:$C,2,FALSE) -> 37180.02 | LB8: =VLOOKUP(LB$3,'KPI DC Forecast link file'!$B:$C,2,FALSE) -> 63417.96 | LC8: =VLOOKUP(LC$3,'KPI DC Forecast link file'!$B:$C,2,FALSE) -> 48838.96 | ... MG8: =VLOOKUP(MG$3,'KPI DC Forecast link file'!$B:$C,2,FALSE) -> 12389.014 | MH8: 11917 | MI8: =VLOOKUP(MI$3,'KPI DC Forecast link file'!$B:$C,2,FALSE) -> 11498.001 | MJ8: =VLOOKUP(MJ$3,'KPI DC Forecast link file'!$B:$C,2,FALSE) -> 12341.991 | MK8: =VLOOKUP(MK$3,'KPI DC Forecast link file'!$B:$C,2,FALSE) -> 10700.015 | ML8: =VLOOKUP(ML$3,'KPI DC Forecast link file'!$B:$C,2,FALSE) -> 9790.0002 | MM8: =VLOOKUP(MM$3,'KPI DC Forecast link file'!$B:$C,2,FALSE) -> 19109.983 | MN8: =VLOOKUP(MN$3,'KPI DC Forecast link file'!$B:$C,2,FALSE) -> 17233.999 | MO8: =VLOOKUP(MO$3,'KPI DC Forecast link file'!$B:$C,2,FALSE) -> 20318.014 | MP8: =VLOOKUP(MP$3,'KPI DC Forecast link file'!$B:$C,2,FALSE) -> 9349.0069 | ... MV8: =VLOOKUP(MV$3,'KPI DC Forecast link file'!$B:$C,2,FALSE) -> 8686.0033 | MW8: 7642 | MX8: 7825 | MY8: =VLOOKUP(MY$3,'KPI DC Forecast link file'!$B:$C,2,FALSE) -> 7555.5556 | MZ8: =VLOOKUP(MZ$3,'KPI DC Forecast link file'!$B:$C,2,FALSE) -> 7496.063 | NA8: =VLOOKUP(NA$3,'KPI DC Forecast link file'!$B:$C,2,FALSE) -> 7437.5 | NB8: =VLOOKUP(NB$3,'KPI DC Forecast link file'!$B:$C,2,FALSE) -> #N/A | NC8: =VLOOKUP(NC$3,'KPI DC Forecast link file'!$B:$C,2,FALSE) -> #N/A | ND8: =VLOOKUP(ND$3,'KPI DC Forecast link file'!$B:$C,2,FALSE) -> #N/A
A9: OPS (8/18 and earlier) or IMF Plan Forecasted (Units) | B9: 8798 | C9: 8597 | D9: 11619 | E9: 8979 | F9: 9031 | G9: 8399 | H9: 8845 | I9: 8546 | J9: 7972 | K9: 10199 | L9: 9289 | M9: 9311 | N9: 17038 | O9: 16371 | P9: 17601 | Q9: 23466 | R9: 8843 | S9: 8534 | T9: 7530 | U9: 7919 | V9: 7599 | W9: 9018 | X9: 8361 | Y9: 16908 | Z9: 11890 | AA9: 12361 | AB9: 11004 | AC9: 11392 | AD9: 11286 | AE9: 11178 | AF9: 12738 | AG9: 16124 | AH9: 15074 | AI9: 13937 | AJ9: 14233 | AK9: 15010 | AL9: 14650 | AM9: 14502 | AN9: 14120 | AO9: 14571 | AP9: 14561 | AQ9: 14836 | AR9: 15726 | AS9: 14903 | AT9: 15448 | AU9: 15444 | AV9: 15322 | AW9: 20622 | AX9: 20440 | AY9: 19027 | AZ9: 29952 | BA9: 14672 | BB9: 13622 | BC9: 13329 | BD9: 13790 | BE9: 13595 | BF9: 14129 | BG9: 13595 | BH9: 14362 | BI9: 12888 | BJ9: 12244 | BK9: 11811 | BL9: 13582 | BM9: 12338 | BN9: 12373 | BO9: 16297 | BP9: 14442 | BQ9: 13338 | BR9: 12921 | BS9: 13129 | BT9: 13210 | BU9: 12948 | BV9: 15218 | BW9: 13151 | BX9: 13527 | BY9: 12776 | BZ9: 13055 | CA9: 12637 | CB9: 12389 | CC9: 13056 | CD9: 13315 | CE9: 43882 | CF9: 31278 | CG9: 33001 | CH9: 31895 | CI9: 22596 | CJ9: 28987 | CK9: 28149 | CL9: 23673 | CM9: 22392 | CN9: 23474 | CO9: 30179 | CP9: 23766 | CQ9: 11886 | CR9: 11937 | CS9: 11191 | CT9: 10742 | CU9: 10520 | CV9: 10840 | CW9: 10840 | CX9: 12599 | CY9: 12018 | CZ9: 12019 | DA9: 11465 | DB9: 11465 | DC9: 41999 | DD9: 32156 | DE9: 31200 | DF9: 26197 | DG9: 26250 | DH9: 38007 | DI9: 36946 | DJ9: 43498 | DK9: 62281 | DL9: 14117 | DM9: 14843 | DN9: 14790 | DO9: 13149 | DP9: 14326 | DQ9: 14326 | DR9: 12594 | DS9: 12938 | DT9: 13225 | DU9: 13132 | DV9: 11269 | DW9: 11394 | DX9: 9947 | DY9: 9766 | DZ9: 13494 | EA9: 12712 | EB9: 11930 | EC9: 11784 | ED9: 11930 | EE9: 12094 | EF9: 12088 | EG9: 13506 | EH9: 12735 | EI9: 12735 | EJ9: 12735 | EK9: 12940 | EL9: 13466 | EM9: 13466 | EN9: 13466 | EO9: 47166 | EP9: 32510 | EQ9: 28997 | ER9: 31453 | ES9: 40409 | ET9: 52690 | EU9: 42329 | EV9: 52959 | EW9: 38918 | EX9: 39471 | EY9: 50518 | EZ9: 36920 | FA9: 55185 | FB9: 25132 | FC9: 22388 | FD9: 22349 | FE9: 16920 | FF9: 15028 | FG9: 15733 | FH9: 14669 | FI9: 13987 | FJ9: 13557 | FK9: 13516 | FL9: 13178 | FM9: 15776 | FN9: 12395 | FO9: 12809 | FP9: 13989 | FQ9: 13093 | FR9: 13093 | FS9: 12884 | FT9: 13189 | FU9: 13286 | FV9: 13255 | FW9: 15088 | FX9: 14508 | FY9: 14485 | FZ9: 14099 | GA9: 14099 | GB9: 11071 | GC9: 11826 | GD9: 13538 | GE9: 13877 | GF9: 13741 | GG9: 14682 | GH9: 18486 | GI9: 22641 | GJ9: 13877 | GK9: 15925 | GL9: 15681 | GM9: 14419 | GN9: 15853 | GO9: 16365 | GP9: =VLOOKUP(GP$3,'KPI DC Forecast link file'!$B:$C,2,FALSE) -> 19035.984 | GQ9: =VLOOKUP(GQ$3,'KPI DC Forecast link file'!$B:$C,2,FALSE) -> 15960.989 | GR9: =VLOOKUP(GR$3,'KPI DC Forecast link file'!$B:$C,2,FALSE) -> 16278.006 | GS9: =VLOOKUP(GS$3,'KPI DC Forecast link file'!$B:$C,2,FALSE) -> 15657.016 | GT9: =VLOOKUP(GT$3,'KPI DC Forecast link file'!$B:$C,2,FALSE) -> 13881.005 | GU9: =VLOOKUP(GU$3,'KPI DC Forecast link file'!$B:$C,2,FALSE) -> 14379.997 | GV9: =VLOOKUP(GV$3,'KPI DC Forecast link file'!$B:$C,2,FALSE) -> 33439.983 | GW9: =VLOOKUP(GW$3,'KPI DC Forecast link file'!$B:$C,2,FALSE) -> 32900.004 | ... NA9: =VLOOKUP(NA$3,'KPI DC Forecast link file'!$B:$C,2,FALSE) -> 7437.5
A10: Actual Demand (units) | B10: 8494 | C10: 8573 | D10: 10091 | E10: 9775 | F10: 9298 | G10: 9713 | H10: 9030 | I10: 9370 | J10: 8183 | K10: 8365 | L10: 7194 | M10: 8582 | N10: 17990 | O10: 18648 | P10: 20264 | Q10: 29105 | R10: 17657 | S10: 7256 | T10: 8973 | U10: 8141 | V10: 10326 | W10: 11330 | X10: 11604 | Y10: 9962 | Z10: 10047 | AA10: 11302 | AB10: 8418 | AC10: 10194 | AD10: 11535 | AE10: 11526 | AF10: 10939 | AG10: 10055 | AH10: 9849 | AI10: 9328 | AJ10: 13617 | AK10: 13459 | AL10: 10979 | AM10: 12475 | AN10: 11941 | AO10: 12809 | AP10: 12067 | AQ10: 13420 | AR10: 18191 | AS10: 12610 | AT10: 10980 | AU10: 10607 | AV10: 12365 | AW10: 21681 | AX10: 20752 | AY10: 26051 | AZ10: 25634 | BA10: 7867 | BB10: 8859 | BC10: 7746 | BD10: 7642 | BE10: 12792 | BF10: 15315 | BG10: 10672 | BH10: 11332 | BI10: 13349 | BJ10: 21127 | BK10: 18976 | BL10: 21110 | BM10: 20641 | BN10: 12063 | BO10: 7841 | BP10: 10031 | BQ10: 8633 | BR10: 7588 | BS10: 8798 | BT10: 12123 | BU10: 10742 | BV10: 10675 | BW10: 12194 | BX10: 9196 | BY10: 8942 | BZ10: 9361 | CA10: 19270 | CB10: 14772 | CC10: 8401 | CD10: 8949 | CE10: 31398 | CF10: 28199 | CG10: 29678 | CH10: 40787 | CI10: 25665 | CJ10: 46808 | CK10: 37142 | CL10: 33030 | CM10: 42957 | CN10: 22056 | CO10: 34734 | CP10: 28033 | CQ10: 12388 | CR10: 11102 | CS10: 12077 | CT10: 9761 | CU10: 12763 | CV10: 15309 | CW10: 17309 | CX10: 10364 | CY10: 11323 | CZ10: 9707 | DA10: 9169 | DB10: 12029 | DC10: 34163 | DD10: 28736 | DE10: 36979 | DF10: 34238 | DG10: 33687 | DH10: 26203 | DI10: 28727 | DJ10: 42763 | DK10: 79862 | DL10: 12605 | DM10: 10847 | DN10: 9602 | DO10: 8953 | DP10: 10388 | DQ10: 13237 | DR10: 15207 | DS10: 12690 | DT10: 11286 | DU10: 12782 | DV10: 10158 | DW10: 14160 | DX10: 19064 | DY10: 11258 | DZ10: 10992 | EA10: 10754 | EB10: 10121 | EC10: 9901 | ED10: 12372 | EE10: 15215 | EF10: 13480 | EG10: 13361 | EH10: 14181 | EI10: 12458 | EJ10: 11174 | EK10: 12484 | EL10: 13850 | EM10: 13169 | EN10: 12370 | EO10: 41828 | EP10: 28368 | EQ10: 27201 | ER10: 27297 | ES10: 33684 | ET10: 55698 | EU10: 40042 | EV10: 35424 | EW10: 31839 | EX10: 33068 | EY10: 40920 | EZ10: 47862 | FA10: 62669 | FB10: 72163 | FC10: 30482 | FD10: 34349 | FE10: 9475 | FF10: 9182 | FG10: 8838 | FH10: 8233 | FI10: 11312 | FJ10: 11753 | FK10: 6425 | FL10: 8662 | FM10: 12460 | FN10: 14681 | FO10: 8930 | FP10: 11373 | FQ10: 12759 | FR10: 8781 | FS10: 11360 | FT10: 10645 | FU10: 13618 | FV10: 16523 | FW10: 12803 | FX10: 10008 | FY10: =FY8 -> 11166 | FZ10: 11880 | GA10: 13196 | GB10: 15234 | GC10: =GC8 -> 15058.009 | GD10: 14763 | GE10: 15153 | GF10: 15149 | GG10: 14580 | GH10: 24274 | GI10: 37671 | GJ10: 16217 | GK10: 13081 | GL10: 12537 | GM10: 13657 | GN10: 12480 | GO10: 14449 | GP10: 19036 | GQ10: 15961 | GR10: 16278 | GS10: 15657 | GT10: 13883 | GU10: 14381 | GV10: 33440 | GW10: 32900 | GX10: 31800 | GY10: 31098 | GZ10: 36408 | HA10: 34167 | HB10: 31910 | HC10: 48348 | HD10: 49880 | HE10: 88989 | HF10: 30906 | HG10: 12985 | HH10: 12489 | HI10: 10903 | HJ10: 16131 | HK10: 16898 | HL10: 13913 | HM10: 14608 | HN10: 11551 | HO10: 11257 | HP10: 13793 | HQ10: 14949 | HR10: 17810 | HS10: 17082 | HT10: 12233 | HU10: 23906 | HV10: 24899 | HW10: 26444 | HX10: 25527 | HY10: 39536 | HZ10: 17548 | IA10: 14752 | IB10: 14319 | IC10: 12520 | ID10: 12658 | IE10: 23549 | IF10: 32029 | IG10: 13621 | IH10: 15089 | II10: 15970 | IJ10: 15315 | IK10: 16510 | IL10: 16232 | IM10: 26482 | IN10: 17228 | IO10: 15341 | IP10: 58740 | IQ10: 45470 | IR10: 50731 | IS10: 58928 | IT10: 60772 | IU10: 52076 | IV10: 48328 | IW10: 82443 | IX10: 65552 | IY10: 54332 | IZ10: 80583 | JA10: 64011 | JB10: 48745 | JC10: 17993 | JD10: 17845 | JE10: 18140 | JF10: 17682 | JG10: 26884 | JH10: 30915 | JI10: 22065 | JJ10: 18033 | JK10: 17084 | JL10: 14088 | JM10: 37590 | JN10: 48318 | JO10: 75270 | JP10: 29025 | JQ10: 23602 | JR10: 20178 | JS10: 24113 | JT10: 30611 | JU10: 34920 | JV10: 47947 | JW10: 31725 | JX10: 30534 | JY10: 25357 | JZ10: 31118 | KA10: 28467 | KB10: 48780 | KC10: 54885 | KD10: 43998 | KE10: 79395 | KF10: 61411 | KG10: 57489 | KH10: 55881 | KI10: 75161 | KJ10: 85837 | KK10: 77747 | KL10: 64245 | KM10: 62673 | KN10: 68854 | KO10: 151031 | KP10: 103773 | KQ10: 97654 | KR10: 149130 | KS10: 85455 | KT10: 36685 | KU10: 38178 | KV10: 33849 | KW10: 41598 | KX10: 48994 | KY10: 37905 | KZ10: 36940 | LA10: 37180 | LB10: 63418 | LC10: 48839 | LD10: 46307 | LE10: 50943 | LF10: 32753 | LG10: 26668 | LH10: 22203 | LI10: 16573 | LJ10: 15215 | LK10: 12369 | LL10: 11388 | LM10: 6355 | LN10: 5821 | LO10: 11136 | LP10: 53927 | LQ10: 36679 | LR10: 50427 | LS10: 45572 | LT10: 60034 | LU10: 38326 | LV10: 44917 | LW10: 42328 | LX10: 37588 | LY10: 34631 | LZ10: 30547 | MA10: 42912 | MB10: 31530 | MC10: 29791 | MD10: 13288 | ME10: 12104 | MF10: 12828 | MG10: 12389 | MH10: =MH8 -> 11917 | MI10: 11498 | MJ10: 12342 | MK10: 10700 | ML10: 9790 | MM10: 19110 | MN10: 17234 | MO10: 20318 | MP10: 9349 | MQ10: 8783 | MR10: 10122 | MS10: 8621 | MT10: 8444 | MU10: 9660 | MV10: 8686 | MW10: =MW8 -> 7642 | MX10: =MX8 -> 7825 | MY10: =MY8 -> 7555.5556 | MZ10: =MZ8 -> 7496.063 | NA10: =NA8 -> 7437.5 | NB10: =NB8 -> #N/A | NC10: =NC8 -> #N/A | ND10: =ND8 -> #N/A
A11: Percentage demand vs. forecast | B11: =IFERROR(B10/B9,0) -> 0.96544669 | C11: =IFERROR(C10/C9,0) -> 0.99720833 | D11: =IFERROR(D10/D9,0) -> 0.86849126 | E11: =IFERROR(E10/E9,0) -> 1.0886513 | F11: =IFERROR(F10/F9,0) -> 1.0295648 | G11: =IFERROR(G10/G9,0) -> 1.1564472 | H11: =IFERROR(H10/H9,0) -> 1.0209158 | I11: =IFERROR(I10/I9,0) -> 1.0964194 | ... IT11: =IFERROR(IT10/IT9,0) -> 1.0000002 | IU11: =IFERROR(IU10/IU8,0) -> 0.8856312 | IV11: =IFERROR(IV10/IV8,0) -> 0.78441811 | IW11: =IFERROR(IW10/IW8,0) -> 1.7807033 | IX11: =IFERROR(IX10/IX8,0) -> 0.94582077 | IY11: =IFERROR(IY10/IY8,0) -> 0.8315274 | IZ11: =IFERROR(IZ10/IZ8,0) -> 0.74656056 | JA11: =IFERROR(JA10/JA8,0) -> 0.90016875 | JB11: =IFERROR(JB10/JB8,0) -> 0.78090707 | ... ND11: =IFERROR(ND10/ND8,0) -> 0
A12: Shipped Shipments (Power BI) | B12: 2056 | C12: 2847 | D12: 2324 | E12: 2608 | F12: 2657 | G12: 1517 | H12: 2117 | I12: 3156 | J12: 2315 | K12: 2321 | L12: 1840 | M12: 2054 | N12: 1954 | O12: 3840 | P12: 4603 | Q12: 6295 | R12: 5476 | S12: 4498 | T12: 2401 | U12: 1478 | V12: 2456 | W12: 3601 | X12: 2769 | Y12: 3155 | Z12: 2486 | AA12: 2439 | AB12: 2176 | AC12: 1834 | AD12: 3839 | AE12: 3040 | AF12: 3317 | AG12: 2799 | AH12: 2846 | AI12: 1273 | AJ12: 2755 | AK12: 4812 | AL12: 2937 | AM12: 3365 | AN12: 3314 | AO12: 3189 | AP12: 1568 | AQ12: 3496 | AR12: 5037 | AS12: 4206 | AT12: 3254 | AU12: 2681 | AV12: 2680 | AW12: 2148 | AX12: 2903 | AY12: 5256 | AZ12: 7939 | BA12: 4949 | BB12: 4970 | BC12: 2192 | BD12: 1372 | BE12: 2222 | BF12: 0 | BG12: 6106 | BH12: 3149 | BI12: 4572 | BJ12: 3517 | BK12: 2247 | BL12: 2529 | BM12: 4340 | BN12: 5317 | BO12: 4493 | BP12: 2320 | BQ12: 3754 | BR12: 1335 | BS12: 1721 | BT12: 3530 | BU12: 2422 | BV12: 2786 | BW12: 2940 | BX12: 2336 | BY12: 1374 | BZ12: 2191 | CA12: 4668 | CB12: 3711 | CC12: 2972 | CD12: 2050 | CE12: 3731 | CF12: 7501 | CG12: 3695 | CH12: 5886 | CI12: 8360 | CJ12: 5734 | CK12: 5652 | CL12: 7983 | CM12: 7492 | CN12: 5503 | CO12: 5007 | CP12: 5911 | CQ12: 4402 | CR12: 3548 | CS12: 3625 | CT12: 2000 | CU12: 4306 | CV12: 0 | CW12: 6418 | CX12: 4479 | CY12: 3629 | CZ12: 2792 | DA12: 1367 | DB12: 2273 | DC12: 5370 | DD12: 6439 | DE12: 5269 | DF12: 5207 | DG12: 4803 | DH12: 2885 | DI12: 3997 | DJ12: 6734 | DK12: 8341 | DL12: 8566 | DM12: 7739 | DN12: 4257 | DO12: 4134 | DP12: 3759 | DQ12: 5293 | DR12: 3505 | DS12: 3386 | DT12: 3448 | DU12: 3484 | DV12: 1513 | DW12: 2237 | DX12: 4253 | DY12: 5569 | DZ12: 2747 | EA12: 2766 | EB12: 2686 | EC12: 1154 | ED12: 2555 | EE12: 0 | EF12: 5896 | EG12: 3979 | EH12: 3488 | EI12: 3193 | EJ12: 2076 | EK12: 3005 | EL12: 3822 | EM12: 4523 | EN12: 3214 | EO12: 4961 | EP12: 6775 | EQ12: 4157 | ER12: 3783 | ES12: 6729 | ET12: 7862 | EU12: 7209 | EV12: 4968 | EW12: 5643 | EX12: 4113 | EY12: 2218 | EZ12: 6769 | FA12: 5667 | FB12: 7301 | FC12: 5938 | FD12: 7429 | FE12: 8172 | FF12: 4226 | FG12: 6284 | FH12: 8248 | FI12: 4890 | FJ12: 4245 | FK12: 3508 | FL12: 790 | FM12: 2088 | FN12: 4566 | FO12: 3086 | FP12: 2486 | FQ12: 3023 | FR12: 2518 | FS12: 1567 | FT12: 1689 | FU12: 5435 | FV12: 3729 | FW12: 2852 | FX12: 3060 | FY12: 2451 | FZ12: =FZ8/4.3 -> 2762.7892 | GA12: =GA8/4.3 -> 3068.8341 | GB12: 4187 | GC12: 3584 | GD12: 3019 | GE12: 3014 | GF12: 2959 | GG12: 2185 | GH12: 3879 | GI12: 5962 | GJ12: 6252 | GK12: 3418 | GL12: 3673 | GM12: 3805 | GN12: 2587 | GO12: 2850 | GP12: 5498 | GQ12: 4171 | GR12: 3067 | GS12: 3523 | GT12: 3456 | GU12: 2945 | GV12: 3059 | GW12: 5742 | GX12: 7358 | GY12: 5210 | GZ12: 5698 | HA12: 5066 | HB12: 2959 | HC12: 5320 | HD12: 9818 | HE12: 10909 | HF12: 1052 | HG12: 6806 | HH12: =HH8/4.3 -> 2904.4187 | HI12: =HI8/4.3 -> 2535.3495 | HJ12: =HJ8/4.3 -> 3751.1664 | HK12: =HK8/4.3 -> 3929.7684 | HL12: 6876 | HM12: 3236 | HN12: 3362 | HO12: 4158 | HP12: 3107 | HQ12: 4023 | HR12: 5530 | HS12: 4279 | HT12: 4119 | HU12: 3673 | HV12: 4426 | HW12: 2759 | HX12: 4479 | HY12: 7726 | HZ12: 6840 | IA12: 6031 | IB12: 6061 | IC12: 3881 | ID12: 2360 | IE12: 3343 | IF12: 6859 | IG12: 5604 | IH12: 5650 | II12: 4480 | IJ12: 4106 | IK12: 3108 | IL12: 4229 | IM12: 6814 | IN12: 5805 | IO12: 4263 | IP12: 8522 | IQ12: 12256 | IR12: 6854 | IS12: 7148 | IT12: 14687 | IU12: 16734 | IV12: 9938 | IW12: 10284 | IX12: 13036 | IY12: 15221 | IZ12: 8254 | JA12: 12607 | JB12: 16716 | JC12: 9786 | JD12: 10013 | JE12: 7428 | JF12: 4350 | JG12: 4826 | JH12: 8404 | JI12: 7037 | JJ12: 5505 | JK12: 4549 | JL12: 3448 | JM12: 2975 | JN12: 7523 | JO12: 11052 | JP12: 16240 | JQ12: 10550 | JR12: 7178 | JS12: 5327 | JT12: 4318 | JU12: 5078 | JV12: 9710 | JW12: 12741 | JX12: 9984 | JY12: 7785 | JZ12: 6969 | KA12: 4768 | KB12: 6679 | KC12: 12203 | KD12: 15284 | KE12: 13344 | KF12: 14549 | KG12: 15305 | KH12: 8800 | KI12: 7008 | KJ12: 21014 | KK12: 21154 | KL12: 21078 | KM12: 16782 | KN12: 5 | KO12: 21964 | KP12: 24239 | KQ12: 22621 | KR12: 21795 | KS12: 20632 | KT12: 19909 | KU12: 18143 | KV12: 18362 | KW12: 9616 | KX12: 18330 | KY12: 19041 | KZ12: 17381 | LA12: 11375 | LB12: 11240 | LC12: 5447 | LD12: 6168 | LE12: 16631 | LF12: 16699 | LG12: 14216 | LH12: 9282 | LI12: 4745 | LJ12: 4297 | LK12: 4107 | LL12: 3874 | LM12: 2105 | LN12: =LN8/4.3 -> 1353.7207 | LO12: =LO8/4.3 -> 2589.7684 | LP12: 10598 | LQ12: 11229 | LR12: 5376 | LS12: 9445 | LT12: 10554 | LU12: 11 | LV12: 0 | LW12: 13574 | LX12: 12135 | LY12: 7481 | LZ12: 1917 | MA12: 0 | MB12: 8787 | MC12: 13609 | MD12: 11119 | ME12: 5098 | MF12: 5126 | MG12: 5390 | MH12: 3506 | MI12: 3225 | MJ12: 2699 | MK12: 3190 | ML12: 2022 | MM12: 2262 | MN12: 5394 | MO12: 4329 | MP12: 3440 | MQ12: 3658 | MR12: 2068 | MS12: 2003 | MT12: 2189 | MU12: 3311 | MV12: 2913 | MW12: 2342 | MX12: 2467 | MY12: 2193 | MZ12: 1280 | NA12: 2856 | NB12: 7700 | NC12: =NC8/4.3 -> #N/A | ND12: =ND8/4.3 -> #N/A
A13: UPT | B13: =IFERROR(B7/B12,0) -> 3.4182879 | C13: =IFERROR(C7/C12,0) -> 3.8742536 | D13: =IFERROR(D7/D12,0) -> 3.5718589 | E13: =IFERROR(E7/E12,0) -> 3.8366564 | F13: =IFERROR(F7/F12,0) -> 3.7651487 | G13: =IFERROR(G7/G12,0) -> 4.1470007 | H13: =IFERROR(H7/H12,0) -> 3.8115257 | I13: =IFERROR(I7/I12,0) -> 3.8792776 | ... ND13: =IFERROR(ND7/ND12,0) -> 0
A14: AB Utilization | B14: 0.8079 | C14: 0.7824 | D14: 0.8465 | E14: 0.7461 | F14: 0.7501 | G14: 0.7706 | H14: 0.849 | I14: 0.8385 | J14: 0.7757 | K14: 0.8078 | L14: 0.807 | M14: 0.8083 | N14: 0.7785 | O14: 0.7962 | P14: 0.7201 | Q14: 0.8076 | R14: 0.7248 | S14: 0.7986 | T14: 0.686 | U14: 0.8086 | V14: 0.8309 | W14: 0.6478 | X14: 0.8123 | Y14: 0.8326 | Z14: 0.8303 | AA14: 0.7929 | AB14: 0.8332 | AC14: 0.8365 | AD14: 0.7967 | AE14: 0.6325 | AF14: 0.3898 | AG14: 0.8393 | AH14: 0.815 | AI14: 0.7541 | AJ14: 0.8366 | AK14: 0.8317 | AL14: 0.8358 | AM14: 0.848 | AN14: 0.822 | AO14: 0.8202 | AP14: 0.7857 | AQ14: 0.818 | AR14: 0.825 | AS14: 0.7815 | AT14: 0.773 | AU14: 0.8027 | AV14: 0.6933 | AW14: 0.8376 | AX14: 0.5646 | AY14: 0.7001 | AZ14: 0.7718 | BA14: 0.7232 | BB14: 0.8771 | BC14: 0.8438 | BD14: 0.8166 | BE14: 0.8104 | BG14: 0.7683 | BH14: 0.8693 | BI14: 0.8639 | BJ14: 0.8166 | BK14: 0.6464 | BL14: 0.6609 | BM14: 0.7193 | BN14: 0.6951 | BO14: 0.8141 | BP14: 0.8615 | BQ14: 0.8522 | BR14: 0.7738 | BS14: 0.8117 | BT14: 0.8102 | BU14: 0.7924 | BV14: 0.8241 | BW14: 0.8191 | BX14: 0.7514 | BY14: 0.8799 | BZ14: 0.7072 | CA14: 0.7967 | CB14: 0.7848 | CC14: 0.7989 | CD14: 0.8429 | CE14: 0.6918 | CF14: 0.8489 | CG14: 0.8051 | CH14: 0.7535 | CI14: 0.879 | CJ14: 0.8006 | CK14: 0.8325 | CL14: 0.7548 | CM14: 0.8034 | CN14: 0.6959 | CO14: 0.7196 | CP14: 0.6975 | CQ14: 0.742 | CR14: 0.769 | CS14: 0.7973 | CT14: 0.3499 | CU14: 0.7591 | CV14: 0 | CW14: 0.7829 | CX14: 0.8566 | CY14: 0.8916 | CZ14: 0.8585 | DA14: 0.8471 | DB14: 0.8181 | DC14: 0.8111 | DD14: 0.8157 | DE14: 0.8421 | DF14: 0.7774 | DG14: 0.7951 | DH14: 0.8116 | DI14: 0.7871 | DJ14: 0.7573 | DK14: 0.79 | DL14: 0.7545 | DM14: 0.7516 | DN14: 0.8606 | DO14: 0.9772 | DP14: 0.8815 | DQ14: 0.8806 | DR14: 0.8555 | DS14: 0.8603 | DT14: 0.8883 | DU14: 0.8582 | DV14: 0.8674 | DW14: 0.8506 | DX14: 0.8339 | DY14: 0.9063 | DZ14: 0.837 | EA14: 0.8591 | EB14: 0.8375 | EC14: 0.7916 | ED14: 0.8769 | EE14: 0 | EF14: 0.7807 | EG14: 0.9322 | EH14: 0.8625 | EI14: 0.8566 | EJ14: 0.8909 | EK14: 0.8093 | EL14: 0.8709 | EM14: 0.8996 | EN14: 0.889 | EO14: 0.7464 | EP14: 0.7214 | EQ14: 0.6178 | ER14: 0.7283 | ES14: 0.6541 | ET14: 0.7697 | EU14: 0.6894 | EV14: 0.563 | EW14: 0.4055 | EX14: 0.6412 | EY14: 0.6335 | EZ14: 0.6259 | FA14: 0.7125 | FB14: 0.5501 | FC14: 0.5186 | FD14: 0.6374 | FE14: 0.58 | FF14: 0.6251 | FG14: 0.5807 | FH14: 0.7191 | FI14: 0.7659 | FJ14: 0.7326 | FK14: 0.8627 | FL14: 0.8315 | FM14: 0.8473 | FN14: 0.9015 | FO14: 0.8987 | FP14: 0.7198 | FQ14: 0.8846 | FR14: 0.8567 | FS14: 0.9139 | FT14: 0.7546 | FU14: 0.9129 | FV14: 0.8739 | FW14: 0.8615 | FX14: 0.8795 | FY14: 0.8506 | FZ14: 0.8469 | GA14: 0.8618 | GB14: 0.8385 | GC14: 0.8371 | GD14: 0.8494 | GE14: 0.8098 | GF14: 0.8782 | GG14: 0.746 | GH14: 0.8286 | GI14: 0.7887 | GJ14: 0.7681 | GK14: 0.8424 | GL14: 0.8983 | GM14: 0.8427 | GN14: 0.8817 | GO14: 0.8357 | GP14: 0.8173 | GQ14: 0.8406 | GR14: 0.7338 | GS14: 0.8042 | GT14: 0.835 | GU14: 0.8665 | GV14: 0.7042 | GW14: 0.7223 | GX14: 0.7857 | GY14: 0.7701 | GZ14: 0.7958 | HA14: 0.772 | HB14: 0.6586 | HC14: 0.676 | HD14: 0.7728 | HE14: 0.7071 | HF14: 0.6476 | HG14: 0.6419 | HH14: 0.6079 | HI14: 0.6974 | HJ14: 0.738 | HK14: 0.7423 | HL14: 0.839 | HM14: 0.8006 | HN14: 0.7412 | HO14: 0.8092 | HP14: 0.7863 | HQ14: 0.8129 | HR14: 0.7849 | HS14: 0.8237 | HT14: 0.818 | HU14: 0.813 | HV14: 0.7447 | HW14: 0.7618 | HX14: 0.7261 | HY14: 0.7637 | HZ14: 0.6923 | IA14: 0.7629 | IB14: 0.8314 | IC14: 0.7806 | ID14: 0.7663 | IE14: 0.7653 | IF14: 0.749 | IG14: 0.7367 | IH14: 0.7831 | II14: 0.8073 | IJ14: 0.7817 | IK14: 0.7774 | IL14: 0.8026 | IM14: 0.7893 | IN14: 0.7722 | IO14: 0.7761 | IP14: 0.6899 | IQ14: 0.7281 | IR14: 0.6086 | IS14: 0.5872 | IT14: 0.6394 | IU14: 0.6858 | IV14: 0.6317 | IW14: 0.6452 | IX14: 0.6497 | IY14: 0.5565 | IZ14: 0.7217 | JA14: 0.6214 | JB14: 0.6128 | JC14: 0.7052 | JD14: 0.61 | JE14: 0.706 | JF14: 0.7626 | JG14: 0.7393 | JH14: 0.7205 | JI14: 0.7581 | JJ14: 0.7399 | JK14: 0.7367 | JL14: 0.6893 | JM14: 0.7223 | JN14: 0.6907 | JO14: 0.7055 | JP14: 0.6977 | JQ14: 0.7033 | JR14: 0.7719 | JS14: 0.7764 | JT14: 0.7809 | JU14: 0.7818 | JV14: 0.6473 | JW14: 0.7345 | JX14: 0.7676 | JY14: 0.7716 | JZ14: 0.7857 | KA14: 0.7838 | KB14: 0.75 | KC14: 0.6997 | KD14: 0.7047 | KE14: 0.706 | KF14: 0.7202 | KG14: 0.7017 | KH14: 0.6853 | KI14: 0.7734 | KJ14: 0.5823 | KK14: 0.6374 | KL14: 0.6753 | KM14: 0.6497 | KN14: 0.5217 | KO14: 0.5587 | KP14: 0.4979 | KQ14: 0.6391 | KR14: 0.618 | KS14: 0.6321 | KT14: 0.6356 | KU14: 0.6836 | KV14: 0.6592 | KW14: 0.743 | KX14: 0.6607 | KY14: 0.7576 | KZ14: 0.7654 | LA14: 0.6746 | LB14: 0.7071 | LC14: 0.7616 | LD14: 0.7952 | LE14: 0.7503 | LF14: 0.8186 | LG14: 0.3935 | LH14: 0.0098 | LI14: 0.0018 | LJ14: 0.5845 | LK14: 0.7971 | LL14: 0.792 | LM14: 0.7293 | LN14: 0 | LO14: 0 | LP14: 0.6827 | LQ14: 0.6947 | LR14: 0.7143 | LS14: 0.6587 | LT14: 0.5975 | LU14: 0.86 | LV14: 0 | LW14: 0.636 | LX14: 0.7069 | LY14: 0.6348 | LZ14: 0.7381 | MA14: 0 | MB14: 0.6979 | MC14: 0.6903 | MD14: 0.747 | ME14: 0.7819 | MF14: 0.8421 | MG14: 0.8224 | MH14: 0.8284 | MI14: 0.819 | MJ14: 0.805 | MK14: 0.8173 | ML14: 0.8308 | MM14: 0.8096 | MN14: 0.7731 | MO14: 0.8012 | MP14: 0.805 | MQ14: 0.8454 | MR14: 0.817 | MS14: 0.7652 | MT14: 0.8387 | MU14: 0.8598 | MV14: 0.7741
A15: Out of 48 | D15: =MAX(0,D5-C10-B10) -> 0 | E15: =MAX(0,E5-D10-C10) -> 0 | F15: 0 | G15: 0 | H15: =MAX(0,H5-G10-F10) -> 0 | I15: =MAX(0,I5-H10-G10) -> 0 | J15: =MAX(0,J5-I10-H10) -> 0 | K15: =MAX(0,K5-J10-I10) -> 0 | L15: =MAX(0,L5-K10-J10) -> 0 | M15: =MAX(0,M5-L10-K10) -> 0 | N15: =MAX(0,N5-M10-L10) -> 0 | O15: =MAX(0,O5-N10-M10) -> 0 | ... MU15: =MAX(0,MU5-MT10-MS10) -> 0 | MV15: 0 | MW15: =MAX(0,MW5-MV10-MU10) -> 0 | MX15: =MAX(0,MX5-MW10-MV10) -> 0 | MY15: =MAX(0,MY5-MX10-MW10) -> 0 | MZ15: =MAX(0,MZ5-MY10-MX10) -> 0 | NA15: =MAX(0,NA5-MZ10-MY10) -> 0 | NB15: =MAX(0,NB5-NA10-MZ10) -> 0 | NC15: =MAX(0,NC5-NB10-NA10) -> #N/A | ND15: =MAX(0,ND5-NC10-NB10) -> #N/A
A16: Out of 72 | E16: =MAX(0,E5-D10-C10-B10) -> 0 | F16: 0 | G16: 0 | H16: =MAX(0,H5-G10-F10-E10) -> 0 | I16: =MAX(0,I5-H10-G10-F10) -> 0 | J16: =MAX(0,J5-I10-H10-G10) -> 0 | K16: =MAX(0,K5-J10-I10-H10) -> 0 | L16: =MAX(0,L5-K10-J10-I10) -> 0 | M16: =MAX(0,M5-L10-K10-J10) -> 0 | N16: =MAX(0,N5-M10-L10-K10) -> 0 | O16: =MAX(0,O5-N10-M10-L10) -> 0 | ... MU16: =MAX(0,MU5-MT10-MS10-MR10) -> 0 | MV16: 0 | MW16: =MAX(0,MW5-MV10-MU10-MT10) -> 0 | MX16: =MAX(0,MX5-MW10-MV10-MU10) -> 0 | MY16: =MAX(0,MY5-MX10-MW10-MV10) -> 0 | MZ16: =MAX(0,MZ5-MY10-MX10-MW10) -> 0 | NA16: =MAX(0,NA5-MZ10-MY10-MX10) -> 0 | NB16: =MAX(0,NB5-NA10-MZ10-MY10) -> 0 | NC16: =MAX(0,NC5-NB10-NA10-MZ10) -> #N/A | ND16: =MAX(0,ND5-NC10-NB10-NA10) -> #N/A
A17: Out of 96 | F17: 0 | G17: 0 | H17: =MAX(0,H5-G10-F10-E10-D10) -> 0 | I17: =MAX(0,I5-H10-G10-F10-E10) -> 0 | J17: =MAX(0,J5-I10-H10-G10-F10) -> 0 | K17: =MAX(0,K5-J10-I10-H10-G10) -> 0 | L17: =MAX(0,L5-K10-J10-I10-H10) -> 0 | M17: =MAX(0,M5-L10-K10-J10-I10) -> 0 | N17: =MAX(0,N5-M10-L10-K10-J10) -> 0 | O17: =MAX(0,O5-N10-M10-L10-K10) -> 0 | ... MU17: =MAX(0,MU5-MT10-MS10-MR10-MQ10) -> 0 | MV17: 0 | MW17: =MAX(0,MW5-MV10-MU10-MT10-MS10) -> 0 | MX17: =MAX(0,MX5-MW10-MV10-MU10-MT10) -> 0 | MY17: =MAX(0,MY5-MX10-MW10-MV10-MU10) -> 0 | MZ17: =MAX(0,MZ5-MY10-MX10-MW10-MV10) -> 0 | NA17: =MAX(0,NA5-MZ10-MY10-MX10-MW10) -> 0 | NB17: =MAX(0,NB5-NA10-MZ10-MY10-MX10) -> 0 | NC17: =MAX(0,NC5-NB10-NA10-MZ10-MY10) -> #N/A | ND17: =MAX(0,ND5-NC10-NB10-NA10-MZ10) -> #N/A
A18: Out of 120 | G18: =MAX(0,G5-F10-E10-D10-C10-B10) -> 0 | H18: =MAX(0,H5-G10-F10-E10-D10-C10) -> 0 | I18: =MAX(0,I5-H10-G10-F10-E10-D10) -> 0 | J18: =MAX(0,J5-I10-H10-G10-F10-E10) -> 0 | K18: =MAX(0,K5-J10-I10-H10-G10-F10) -> 0 | L18: =MAX(0,L5-K10-J10-I10-H10-G10) -> 0 | M18: =MAX(0,M5-L10-K10-J10-I10-H10) -> 0 | N18: =MAX(0,N5-M10-L10-K10-J10-I10) -> 0 | ... GS18: =MAX(0,GS5-GR10-GQ10-GP10-GO10-GN10) -> 0 | GU18: =MAX(0,GU5-GT10-GS10-GR10-GQ10-GP10) -> 0 | GV18: =MAX(0,GV5-GU10-GT10-GS10-GR10-GQ10) -> 0 | GW18: =MAX(0,GW5-GV10-GU10-GT10-GS10-GR10) -> 0 | GX18: =MAX(0,GX5-GW10-GV10-GU10-GT10-GS10) -> 0 | GY18: =MAX(0,GY5-GX10-GW10-GV10-GU10-GT10) -> 0 | GZ18: =MAX(0,GZ5-GY10-GX10-GW10-GV10-GU10) -> 0 | HA18: =MAX(0,HA5-GZ10-GY10-GX10-GW10-GV10) -> 0 | HB18: =MAX(0,HB5-HA10-GZ10-GY10-GX10-GW10) -> 0 | ... MU18: =MAX(0,MU5-MT10-MS10-MR10-MQ10-MP10) -> 0 | MV18: 0 | MW18: =MAX(0,MW5-MV10-MU10-MT10-MS10-MR10) -> 0 | MX18: =MAX(0,MX5-MW10-MV10-MU10-MT10-MS10) -> 0 | MY18: =MAX(0,MY5-MX10-MW10-MV10-MU10-MT10) -> 0 | MZ18: =MAX(0,MZ5-MY10-MX10-MW10-MV10-MU10) -> 0 | NA18: =MAX(0,NA5-MZ10-MY10-MX10-MW10-MV10) -> 0 | NB18: =MAX(0,NB5-NA10-MZ10-MY10-MX10-MW10) -> 0 | NC18: =MAX(0,NC5-NB10-NA10-MZ10-MY10-MX10) -> #N/A | ND18: =MAX(0,ND5-NC10-NB10-NA10-MZ10-MY10) -> #N/A
A19: Out of 144 | H19: =MAX(0,H5-G10-F10-E10-D10-C10-B10) -> 0 | I19: =MAX(0,I5-H10-G10-F10-E10-D10-C10) -> 0 | J19: =MAX(0,J5-I10-H10-G10-F10-E10-D10) -> 0 | K19: =MAX(0,K5-J10-I10-H10-G10-F10-E10) -> 0 | L19: =MAX(0,L5-K10-J10-I10-H10-G10-F10) -> 0 | M19: =MAX(0,M5-L10-K10-J10-I10-H10-G10) -> 0 | N19: =MAX(0,N5-M10-L10-K10-J10-I10-H10) -> 0 | O19: =MAX(0,O5-N10-M10-L10-K10-J10-I10) -> 0 | ... ND19: =MAX(0,ND5-NC10-NB10-NA10-MZ10-MY10-MX10) -> #N/A
A21: Labor Planning | LW21: Updated
A22: FTE Needed | B22: ='[1]Deployment needs'!$J$3 -> 35.356687 | C22: ='Deployment needs'!D3 -> 25.128314 | D22: ='Deployment needs'!E3 -> 23.4337 | E22: ='Deployment needs'!F3 -> 23.366014 | F22: ='Deployment needs'!G3 -> 26.258885 | G22: ='Deployment needs'!H3 -> 19.115286 | H22: ='Deployment needs'!I3 -> 18.289149 | I22: ='Deployment needs'!J3 -> 25.980977 | J22: ='Deployment needs'!K3 -> 26.805131 | ... MZ22: ='Deployment needs'!NA3 -> 24.478703 | NA22: ='Deployment needs'!NC3 -> 31.548721
A23: Base FTE | B23: 55 | C23: 85 | D23: 55 | E23: 55 | F23: 55 | G23: 30 | H23: 30 | I23: 43.5 | J23: 57.75 | K23: 43.75 | L23: 43.75 | M23: 43.75 | N23: 20 | O23: 21.5 | P23: 43.5 | Q23: 57.75 | R23: 43.75 | S23: 43.75 | T23: 43.75 | U23: 20 | V23: 21.5 | W23: 43.5 | X23: 57.75 | Y23: 43.75 | Z23: 43.75 | AA23: 43.75 | AB23: 20 | AC23: 21.5 | AD23: 43.5 | AE23: 57.75 | AF23: 43.75 | AG23: 43.75 | AH23: 43.75 | AI23: 20 | AJ23: 21.5 | AK23: 43.5 | AL23: 57.75 | AM23: 43.75 | AN23: 43.75 | AO23: 43.75 | AP23: 20 | AQ23: 21.5 | AR23: 43.5 | AS23: 57.75 | AT23: 43.75 | AU23: 43.75 | AV23: 43.75 | AW23: 20 | AX23: 21.5 | AY23: 43.5 | AZ23: 57.75 | BA23: 43.75 | BB23: 43.75 | BC23: 43.75 | BD23: 20 | BE23: 21.5 | BF23: 43.5 | BG23: 57.75 | BH23: 43.75 | BI23: 43.75 | BJ23: 43.75 | BK23: 20 | BL23: 21.5 | BM23: 43.5 | BN23: 57.75 | BO23: 43.75 | BP23: 43.75 | BQ23: 43.75 | BR23: 20 | BS23: 21.5 | BT23: 43.5 | BU23: 57.75 | BV23: 43.75 | BW23: 43.75 | BX23: 43.75 | BY23: 20 | BZ23: 21.5 | CA23: 43.5 | CB23: 57.75 | CC23: 43.75 | CD23: 43.75 | CE23: 43.75 | CF23: 17.25 | CG23: 18.75 | CH23: 39.75 | CI23: 54.75 | CJ23: 42.75 | CK23: 42.75 | CL23: 42.75 | CM23: 17.25 | CN23: 18.75 | CO23: 39.75 | CP23: 57.75 | CQ23: 43.75 | CR23: 43.75 | CS23: 43.75 | CT23: 20 | CU23: 21.5 | CV23: 43.5 | CW23: 54.75 | CX23: 42.75 | CY23: 42.75 | CZ23: 42.75 | DA23: 17.25 | DB23: 18.75 | DC23: 39.75 | DD23: 55.75 | DE23: 43.75 | DF23: 43.75 | DG23: 43.75 | DH23: 17.25 | DI23: 18.75 | DJ23: 40.75 | DK23: 55.75 | DL23: 43.75 | DM23: 43.75 | DN23: 43.75 | DO23: 17.25 | DP23: 18.75 | DQ23: 40.75 | DR23: 55.75 | DS23: 43.75 | DT23: 43.75 | DU23: 43.75 | DV23: 17.25 | DW23: 18.75 | DX23: 40.75 | DY23: 54.75 | DZ23: 42.75 | EA23: 42.75 | EB23: 42.75 | EC23: 17.25 | ED23: 18.75 | EE23: 40.75 | EF23: 54.75 | EG23: 42.75 | EH23: 42.75 | EI23: 42.75 | EJ23: 17.25 | EK23: 18.75 | EL23: 40.75 | EM23: 54.75 | EN23: 42.75 | EO23: 42.75 | EP23: 42.75 | EQ23: 17.25 | ER23: 18.75 | ES23: 40.75 | ET23: 54.75 | EU23: 42.75 | EV23: 42.75 | EW23: 42.75 | EX23: 17.5 | EY23: 19.5 | EZ23: 43 | FA23: 54.75 | FB23: 42.75 | FC23: 42.75 | FD23: 42.75 | FE23: 17.5 | FF23: 19.5 | FG23: 43 | FH23: 61.5 | FI23: 48.5 | FJ23: 48.5 | FK23: 48.5 | FL23: 17.5 | FM23: 19.5 | FN23: 43 | FO23: 61.5 | FP23: 48.5 | FQ23: 48.5 | FR23: 48.35 | FS23: 22.25 | FT23: 23.75 | FU23: 46.75 | FV23: 61 | FW23: 47 | FX23: 47 | FY23: 47 | FZ23: 22.25 | GA23: 23.75 | GB23: 46.75 | GC23: 61 | GD23: 47 | GE23: 47 | GF23: 47 | GG23: 22.25 | GH23: 23.75 | GI23: 46.75 | GJ23: 61 | GK23: 47 | GL23: 47 | GM23: 47 | GN23: 22.25 | GO23: 23.75 | GP23: 46.75 | GQ23: 61 | GR23: 47 | GS23: 47 | GT23: 47 | GU23: 22.25 | GV23: 23.75 | GW23: 46.75 | GX23: 61 | GY23: 47 | GZ23: 47 | HA23: 47 | HB23: 22.25 | HC23: 23.75 | HD23: 46.75 | HE23: 61 | HF23: 47 | HG23: 47 | HH23: 47 | HI23: 22.25 | HJ23: 23.75 | HK23: 165 | HL23: 166 | HM23: 167 | HN23: 168 | HO23: 169 | HP23: 170 | HQ23: 171 | HR23: 62.75 | HS23: 82 | HT23: 77 | HU23: 77 | HV23: 77 | HW23: 26.75 | HX23: 29 | HY23: 62.75 | HZ23: 82 | IA23: 77 | IB23: 77 | IC23: 77 | ID23: 26.75 | IE23: 29 | IF23: 62.75 | IG23: 82 | IH23: 77 | II23: 77 | IJ23: 77 | IK23: 26.75 | IL23: 29 | IM23: 62.75 | IN23: 111 | IO23: 97 | IP23: 97 | IQ23: 97 | IR23: 34.25 | IS23: 36.75 | IT23: 79.75 | IU23: 111 | IV23: 97 | IW23: 97 | IX23: 97 | IY23: 34.25 | IZ23: 36.75 | JA23: 79.75 | JB23: 111 | JC23: 97 | JD23: 97 | JE23: 97 | JF23: 34.25 | JG23: 36.75 | JH23: 79.75 | JI23: 111 | JJ23: 97 | JK23: 97 | JL23: 97 | JM23: 156.25 | JN23: 156.25 | JO23: 161.75 | JP23: 162.75 | JQ23: 162.75 | JR23: 162.75 | JS23: 162.75 | JT23: 158.75 | JU23: 158.75 | JV23: 167.75 | JW23: 172.5 | JX23: 172.5 | JY23: 172.5 | JZ23: 172.5 | KA23: 168.5 | KB23: 168.5 | KC23: 174.5 | KD23: 176.4 | KE23: 179.5 | KF23: 180.5 | KG23: 179.5 | KH23: 179.5 | KI23: 179.5 | KJ23: 179.5 | KK23: 179.5 | KL23: 179.5 | KM23: 179.5 | KN23: 180.5 | KO23: 180.5 | KP23: 180.5 | KQ23: 180.5 | KR23: 190.5 | KS23: 149 | KT23: 149 | KU23: 149 | KV23: 41.5 | KW23: 41.5 | KX23: 107.75 | KY23: 153 | KZ23: 138 | LA23: 138 | LB23: 138 | LC23: 39.25 | LD23: 41.75 | LE23: 107.75 | LF23: 153 | LG23: 138 | LH23: 138 | LI23: 134 | LJ23: 37 | LK23: 38.5 | LL23: 37.5 | LM23: 134 | LN23: 134 | LO23: 134 | LP23: 134 | LQ23: 37 | LR23: 38.5 | LS23: 37.5 | LT23: 134 | LU23: 134 | LV23: 134 | LW23: 104 | LX23: 31 | LY23: 32 | LZ23: 89 | MA23: 114 | MB23: 104 | MC23: 104 | MD23: 104 | ME23: 31 | MF23: 32 | MG23: 89 | MH23: 114 | MI23: 104 | MJ23: 104 | MK23: 123 | ML23: 35.75 | MM23: 37.25 | MN23: 49.25 | MO23: 72 | MP23: 57 | MQ23: 57 | MR23: 57 | MS23: 21.75 | MT23: 23.25 | MU23: 49.25 | MV23: 72 | MW23: 57 | MX23: 57 | MY23: 57 | MZ23: 21.75 | NA23: 23.25
A24: Difference | B24: =B23-B22 -> 19.643313 | C24: =C23-C22 -> 59.871686 | D24: =D23-D22 -> 31.5663 | E24: =E23-E22 -> 31.633986 | F24: =F23-F22 -> 28.741115 | G24: =G23-G22 -> 10.884714 | H24: =H23-H22 -> 11.710851 | I24: =I23-I22 -> 17.519023 | ... FR24: =FR23-FR22 -> 15.412715 | HJ24: =HJ23-HJ22 -> -26.388381 | HK24: =HK23-HK22 -> 85.590169 | HL24: =HL23-HL22 -> 117.44615 | HM24: =HM23-HM22 -> 119.67653 | HN24: =HN23-HN22 -> 125.81674 | HO24: =HO23-HO22 -> 131.36514 | HP24: =HP23-HP22 -> 125.93208 | HQ24: =HQ23-HQ22 -> 131.66612 | ... LJ24: =LJ23-LJ22 -> -18.057561
A25: FTE w/ full OT | CF25: 59.5 | CG25: 40.5 | CH25: 47 | CI25: 58 | CJ25: 54.75 | CK25: 46 | CL25: 46 | CM25: 43.25 | HJ25: =HJ23*0.9 -> 21.375 | HK25: =HK23*0.9 -> 148.5 | HL25: =HL23*0.9 -> 149.4 | HM25: =HM23*0.9 -> 150.3 | HN25: =HN23*0.9 -> 151.2 | HO25: =HO23*0.9 -> 152.1 | HP25: =HP23*0.9 -> 153 | HQ25: =HQ23*0.9 -> 153.9 | ... LJ25: =LJ23*0.9 -> 33.3
A26: Difference/ Temp Need | CF26: =CF25-CF22 -> 6.1509199 | CG26: =CG25-CG22 -> 3.9710428 | CH26: =CH25-CH22 -> -8.3237609 | CI26: =CI25-CI22 -> -12.5298 | CJ26: =CJ25-CJ22 -> -16.437924 | CK26: =CK25-CK22 -> -10.212712 | CL26: =CL25-CL22 -> -25.187924 | CM26: =CM25-CM22 -> -22.087763 | HJ26: =HJ25-HJ22 -> -28.763381 | HK26: =HK25-HK22 -> 69.090169 | HL26: =HL25-HL22 -> 100.84615 | HM26: =HM25-HM22 -> 102.97653 | HN26: =HN25-HN22 -> 109.01674 | HO26: =HO25-HO22 -> 114.46514 | HP26: =HP25-HP22 -> 108.93208 | HQ26: =HQ25-HQ22 -> 114.56612 | ... LE26: =LE25-LE22 -> -40.392043
A27: Temp Scheduled | CF27: 5 | CG27: 5 | CH27: 5 | CI27: 5 | CJ27: 5 | CK27: 5 | CL27: 5 | CM27: 5 | DF27: 0 | DG27: 0 | DH27: 0 | DI27: 10 | DJ27: 15 | DK27: 10 | DL27: 20 | DM27: 20 | DN27: 0 | DO27: 0 | DP27: 0 | DQ27: 0 | DR27: 0 | DS27: 0 | DT27: 0 | DU27: 0 | DV27: 0 | DW27: 0 | DX27: 0 | DY27: 0 | DZ27: 0 | EA27: 0 | EB27: 0 | EC27: 0 | ED27: 0 | EE27: 0 | EF27: 0 | EG27: 0 | EH27: 0 | EI27: 0 | EJ27: 0 | EK27: 0 | EL27: 0 | EM27: 0 | EN27: 0 | EO27: 10 | EP27: 15 | EQ27: 10 | ER27: 10 | ES27: 35 | ET27: 40 | EU27: 40 | EV27: 36 | EW27: 36 | EX27: 18 | EY27: 12 | EZ27: 36 | FA27: 36 | FE27: =FE22*10 -> 801.15407 | FF27: =FF22*10 -> 460.08771 | GI27: 0 | GJ27: 0 | GK27: 0 | GL27: 1 | GM27: 1 | GN27: 0 | GO27: 0 | GP27: 0 | GQ27: 0 | GR27: 0 | GS27: 0 | GT27: 0 | GU27: 0 | GV27: 0 | GX27: 1 | GY27: 1 | GZ27: 1 | HA27: 1 | HB27: 0 | HC27: 10 | HD27: 10 | HE27: 36 | HF27: 24 | IY27: OT
A28: Attendance % | DF28: 0.91 | DG28: 0.91 | DH28: 1 | DI28: 1 | DJ28: 1 | DK28: 1 | DL28: 1 | DM28: 0.98 | DN28: 1 | DO28: 1 | DP28: 1 | DQ28: 0.95 | DR28: 0.93 | DS28: 1 | DT28: 0.95 | DU28: 0.97 | DV28: 0.95 | DW28: 1 | DX28: 0.95 | DY28: 0.98 | DZ28: 1 | EA28: 0.95 | EB28: 0.98 | EC28: 1 | ED28: 1 | EE28: Shutdown | EF28: 0.98 | EG28: 1 | EH28: 1 | EI28: 1 | EJ28: 1 | EK28: 1 | EL28: 0.94736842 | EM28: 0.97 | EN28: 0.97619048 | EO28: 0.9534632 | EP28: 0.975 | EQ28: 1 | ER28: 1 | ES28: 0.98 | ET28: 1 | EU28: 0.98 | EV28: 1 | EW28: 1 | EX28: 1 | EY28: 0.96 | EZ28: 1 | FA28: 0.98 | GI28: 0.98 | GJ28: 1 | GK28: 1 | GL28: 1 | GM28: 1 | GN28: 0.97 | GO28: 0.9 | GP28: 0.87 | GQ28: 0.96 | GR28: 0.98 | GS28: 0.98 | GT28: 0.98 | GU28: 0.9 | GV28: 0.94 | GW28: 1 | GX28: 0.98 | GY28: 0.92 | GZ28: 1 | HA28: 0.98 | HB28: 0.94 | HC28: 1 | HD28: 0.96
A29: Total
A31: Budget Hours | BT31: 3141 | CA31: 3310 | CH31: 2600 | CO31: 2600 | CV31: 2600 | DC31: 5843 | DJ31: 4258 | DQ31: 2600 | EL31: 4437 | ES31: 6212 | EZ31: 5067
A32: Scheduled Daily | BT32: =SUM(#REF!) -> #REF! | CA32: =SUM(#REF!) -> #REF! | CH32: =SUM(#REF!) -> #REF! | CO32: =SUM(#REF!) -> #REF! | CV32: =SUM(#REF!) -> #REF! | DC32: =SUM(#REF!) -> #REF! | DJ32: =SUM(#REF!) -> #REF! | EL32: {=EL23:ER23*9.5} -> 387.125 | EM32: 520.125 | EN32: 406.125 | EO32: 406.125 | EP32: 406.125 | EQ32: 163.875 | ER32: 178.125
A33: Scheduled Weekly | EL33: =SUM(_xlfn.ANCHORARRAY(EL32)) -> 2467.625
A34: Variance | BT34: =BT31-BT32 -> #REF! | CA34: =CA31-CA32 -> #REF! | CH34: =CH31-CH32 -> #REF! | CO34: =CO31-CO32 -> #REF! | CV34: =CV31-CV32 -> #REF! | DC34: =DC31-DC32 -> #REF! | DJ34: =DJ31-DJ32 -> #REF! | EL34: =EL31-EL33 -> 1969.375
A35: FTE Delta | BT35: =BT34/40 -> #REF! | CA35: =CA34/40 -> #REF! | CH35: =CH34/40 -> #REF! | CO35: =CO34/40 -> #REF! | CV35: =CV34/40 -> #REF! | DC35: =DC34/40 -> #REF! | DJ35: =DJ34/40 -> #REF! | EL35: =EL34/9.5/7 -> 29.614662
A37: Hours Needed | BT37: =BT22*9.5 -> 296.2357 | BU37: =BU22*9.5 -> 287.99588 | BV37: =BV22*9.5 -> 311.58677 | BW37: =BW22*9.5 -> 300.45127 | BX37: =BX22*9.5 -> 308.57721 | BY37: =BY22*9.5 -> 237.69713 | BZ37: =BZ22*9.5 -> 174.36411 | CA37: =CA22*9.5 -> 354.69481 | ... FK37: =FK22*9.5 -> 292.58862
A38: Variance to Actual | BT38: =#REF!-BT37 -> #REF! | BU38: =#REF!-BU37 -> #REF! | BV38: =#REF!-BV37 -> #REF! | BW38: =#REF!-BW37 -> #REF! | BX38: =#REF!-BX37 -> #REF! | BY38: =#REF!-BY37 -> #REF! | BZ38: =#REF!-BZ37 -> #REF! | CA38: =#REF!-CA37 -> #REF! | ... DW38: =#REF!-DW37 -> #REF! | EO38: =EO32-EO37 -> -158.87519 | EP38: =EP32-EP37 -> -302.27125 | EQ38: =EQ32-EQ37 -> -248.87542 | ER38: 6

Sheet Data
D1: Days | G1: Night | S1: Biweekly data
A2: Planning | D2: Sunday | E2: 0.4 | G2: Sunday | H2: 0.65 | S2: Yes
A3: Hours 1st | B3: 9 | D3: Monday | E3: 0.6 | G3: Monday | H3: 0.4 | S3: No
A4: Hours 2nd | B4: 7.5 | D4: Tuesday | E4: 0.55 | G4: Tuesday | H4: 0.5 | S4: Pending
A5: Percentage of goal 1st | B5: 0.55 | D5: Wednesday | E5: 0.55 | G5: Wednesday | H5: 0.5 | S5: PTO
A6: Pecentage of goal 2nd | B6: 0.45 | D6: Thursday | E6: 0.55 | G6: Thursday | H6: 0.5 | S6: VTO
D7: Friday | E7: 1 | G7: Friday | H7: 0 | S7: New hire
D8: Saturday | E8: 1 | G8: Saturday | H8: 0
A9: DTC
A10: Region 1 | B10: 155
A11: Region 2 | B11: 200
A12: Region 12 | B12: 100
A13: UPT | B13: 4.3
A14: Percentage regular | B14: 0.95
A15: Percentage singles | B15: 0.05
A16: Ship bulk | B16: 240
A17: Ship singles | B17: 120
A18: Cartbuilding | B18: 8
A19: Taper | B19: 0.1
A20: Truck loader | B20: 0.25
A21: Gift cards | B21: 0.005
A22: Repack % | B22: 0.005
A23: Repack goal | B23: 120 | I23: Month | J23: GCs | K23: Singles | L23: Multis | M23: SUM
A24: Resets % | B24: 0.03 | I24: May | J24: 40 | K24: 5890 | L24: 34159 | M24: =K24+L24 -> 40049 | N24: =J24/M24 -> 0.0009987765 | O24: =K24/M24 -> 0.14706984
A25: Resets per hour | B25: 15 | I25: June | J25: 101 | K25: 15213 | L25: 108659 | M25: =K25+L25 -> 123872 | N25: =J25/M25 -> 0.00081535779 | O25: =K25/M25 -> 0.12281226
A26: Gift cards per hour | B26: 60 | I26: July | J26: 110 | K26: 18101 | L26: 141282 | M26: =K26+L26 -> 159383 | N26: =J26/M26 -> 0.00069016144 | O26: =K26/M26 -> 0.1135692
A27: Autobagger Operator | B27: 600 | I27: August | J27: 148 | K27: 17165 | L27: 83158 | M27: =K27+L27 -> 100323 | N27: =J27/M27 -> 0.001475235 | O27: =K27/M27 -> 0.17109736
A28: Autobagger Bander | B28: 120 | I28: September | J28: 113 | K28: 27990 | L28: 123077 | M28: =K28+L28 -> 151067 | N28: =J28/M28 -> 0.00074801247 | O28: =K28/M28 -> 0.18528203
A29: AB percentage | B29: 0.75 | I29: October | J29: 216 | K29: 45642 | L29: 224912 | M29: =K29+L29 -> 270554 | N29: =J29/M29 -> 0.00079836188 | O29: =K29/M29 -> 0.1686983
A30: Stocking | I30: November | J30: 148 | K30: 58462 | L30: 240557 | M30: =K30+L30 -> 299019 | N30: =J30/M30 -> 0.00049495183 | O30: =K30/M30 -> 0.19551266
A31: Replenishment pull | B31: 40
A32: Replenishment throw | B32: 35
A33: Overstock | B33: 50
A34: Receiving | B34: 100
A35: % DTC to replen | B35: 0.7
A36: Cubiscan | B36: 0.3
A37: Units per carton | B37: 40
A38: Cartons per hour Cubiscan | B38: 40
A39: Returns
A40: Returns put-away | B40: 100
A41: Narvar | B41: 32
A42: Exceptions | B42: 25
A43: Percentage 1st Goal | B43: 1
A44: Percentage 2nd Goal | B44: 1
A45: Percentage Narvar | B45: 0.93
A46: Percentage Non-Narvar | B46: 0.07
A47: Percentage Exceptions | B47: 0
A48: Pieces per package | B48: 2.4
A50: Inventory
A51: Picking cycle count | B51: 18
A52: Average units per bin | B52: 30
A53: Overstock cycle count | B53: 200
A54: Open orders
A57: Wholesale
A58: Amazon Replen | B58: 100
A59: 2nd shift percentage | B59: 0.75
A60: 1st shift percentage | B60: 0.25
A71: DSL task | B71: Receiving
A72: Aged orders/Rush/Emails | B72: Door 2
A73: Rush | B73: Door 3
A74: AB orders/Emails | B74: Door 4
A75: Aged orders/Emails | B75: Door 5
A76: Reset CC/Audits | B76: Door 6
B77: Door 7
B78: Door 8
B79: Door 9
B80: Door 10
B81: On Dock
B82: Left Lines
B83: OB Door 7

Sheet Inbound
B1: Sunday | C1: Monday | D1: Tuesday | E1: Wednesday | F1: Thursday | G1: Friday | H1: Saturday | I1: Sunday | J1: Monday | K1: Tuesday | L1: Wednesday | M1: Thursday | N1: Friday | O1: Saturday | P1: Sunday | Q1: Monday | R1: Tuesday | S1: Wednesday | T1: Thursday | U1: Friday | V1: Saturday | W1: Sunday | X1: Monday | Y1: Tuesday | Z1: Wednesday | AA1: Thursday | AB1: Friday | AC1: Saturday | AD1: Sunday | AE1: Monday | AF1: Tuesday | AG1: Wednesday | AH1: Thursday | AI1: Friday | AJ1: Saturday | AK1: Sunday | AL1: Monday | AM1: Tuesday | AN1: Wednesday | AO1: Thursday | AP1: Friday | AQ1: Saturday | AR1: Sunday | AS1: Monday | AT1: Tuesday | AU1: Wednesday | AV1: Thursday | AW1: Friday | AX1: Saturday | AY1: Sunday | AZ1: Monday | BA1: Tuesday | BB1: Wednesday | BC1: Thursday | BD1: Friday | BE1: Saturday | BF1: Sunday | BG1: Monday | BH1: Tuesday | BI1: Wednesday | BJ1: Thursday | BK1: Friday | BL1: Saturday | BM1: Sunday | BN1: Monday | BO1: Tuesday | BP1: Wednesday | BQ1: Thursday | BR1: Friday | BS1: Saturday | BT1: Sunday | BU1: Monday | BV1: Tuesday | BW1: Wednesday | BX1: Thursday | BY1: Friday | BZ1: Saturday | CA1: Sunday | CB1: Monday | CC1: Tuesday | CD1: Wednesday | CE1: Thursday | CF1: Friday | CG1: Saturday | CH1: Sunday | CI1: Monday | CJ1: Tuesday | CK1: Wednesday | CL1: Thursday | CM1: Friday | CN1: Saturday | CO1: Sunday | CP1: Monday | CQ1: Tuesday | CR1: Wednesday | CS1: Thursday | CT1: Friday | CU1: Saturday | CV1: Sunday | CW1: Monday | CX1: Tuesday | CY1: Wednesday | CZ1: Thursday | DA1: Friday | DB1: Saturday | DC1: Sunday | DD1: Monday | DE1: Tuesday | DF1: Wednesday | DG1: Thursday | DH1: Friday | DI1: Saturday | DJ1: Sunday | DK1: Monday | DL1: Tuesday | DM1: Wednesday | DN1: Thursday | DO1: Friday | DP1: Saturday | DQ1: Sunday | DR1: Monday | DS1: Tuesday | DT1: Wednesday | DU1: Thursday | DV1: Friday | DW1: Saturday | DX1: Sunday | DY1: Monday | DZ1: Tuesday | EA1: Wednesday | EB1: Thursday | EC1: Friday | ED1: Saturday | EE1: Sunday | EF1: Monday | EG1: Tuesday | EH1: Wednesday | EI1: Thursday | EJ1: Friday | EK1: Saturday | EL1: Sunday | EM1: Monday | EN1: Tuesday | EO1: Wednesday | EP1: Thursday | EQ1: Friday | ER1: Saturday | ES1: Sunday | ET1: Monday | EU1: Tuesday | EV1: Wednesday | EW1: Thursday | EX1: Friday | EY1: Saturday | EZ1: Sunday | FA1: Monday | FB1: Tuesday | FC1: Wednesday | FD1: Thursday | FE1: Friday | FF1: Saturday | FG1: Sunday | FH1: Monday | FI1: Tuesday | FJ1: Wednesday | FK1: Thursday | FL1: Friday | FM1: Saturday | FN1: Sunday | FO1: Monday | FP1: Tuesday | FQ1: Wednesday | FR1: Thursday | FS1: Friday | FT1: Saturday | FU1: Sunday | FV1: Monday | FW1: Tuesday | FX1: Wednesday | FY1: Thursday | FZ1: Friday | GA1: Saturday | GB1: Sunday | GC1: Monday | GD1: Tuesday | GE1: Wednesday | GF1: Thursday | GG1: Friday | GH1: Saturday | GI1: Sunday | GJ1: Monday | GK1: Tuesday | GL1: Wednesday | GM1: Thursday | GN1: Friday | GO1: Saturday | GP1: Sunday | GQ1: Monday | GR1: Tuesday | GS1: Wednesday | GT1: Thursday | GU1: Friday | GV1: Saturday | GW1: Sunday | GX1: Monday | GY1: Tuesday | GZ1: Wednesday | HA1: Thursday | HB1: Friday | HC1: Saturday | HD1: Sunday | HE1: Monday | HF1: Tuesday | HG1: Wednesday | HH1: Thursday | HI1: Friday | HJ1: Saturday | HK1: Sunday | HL1: Monday | HM1: Tuesday | HN1: Wednesday | HO1: Thursday | HP1: Friday | HQ1: Saturday | HR1: Sunday | HS1: Monday | HT1: Tuesday | HU1: Wednesday | HV1: Thursday | HW1: Friday | HX1: Saturday | HY1: Sunday | HZ1: Monday | IA1: Tuesday | IB1: Wednesday | IC1: Thursday | ID1: Friday | IE1: Saturday | IF1: Sunday | IG1: Monday | IH1: Tuesday | II1: Wednesday | IJ1: Thursday | IK1: Friday | IL1: Saturday | IM1: Sunday | IN1: Monday | IO1: Tuesday | IP1: Wednesday | IQ1: Thursday | IR1: Friday | IS1: Saturday | IT1: Sunday | IU1: Monday | IV1: Tuesday | IW1: Wednesday | IX1: Thursday | IY1: Friday | IZ1: Saturday | JA1: Sunday | JB1: Monday | JC1: Tuesday | JD1: Wednesday | JE1: Thursday | JF1: Friday | JG1: Saturday | JH1: Sunday | JI1: Monday | JJ1: Tuesday | JK1: Wednesday | JL1: Thursday | JM1: Friday | JN1: Saturday | JO1: Sunday | JP1: Monday | JQ1: Tuesday | JR1: Wednesday | JS1: Thursday | JT1: Friday | JU1: Saturday | JV1: Sunday | JW1: Monday | JX1: Tuesday | JY1: Wednesday | JZ1: Thursday | KA1: Friday | KB1: Saturday | KC1: Sunday | KD1: Monday | KE1: Tuesday | KF1: Wednesday | KG1: Thursday | KH1: Friday | KI1: Saturday | KJ1: Sunday | KK1: Monday | KL1: Tuesday | KM1: Wednesday | KN1: Thursday | KO1: Friday | KP1: Saturday | KQ1: Sunday | KR1: Monday | KS1: Tuesday | KT1: Wednesday | KU1: Thursday | KV1: Friday | KW1: Saturday | KX1: Sunday | KY1: Monday | KZ1: Tuesday | LA1: Wednesday | LB1: Thursday | LC1: Friday | LD1: Saturday | LE1: Sunday | LF1: Monday | LG1: Tuesday | LH1: Wednesday | LI1: Thursday | LJ1: Friday | LK1: Saturday | LL1: Sunday | LM1: Monday | LN1: Tuesday | LO1: Wednesday | LP1: Thursday | LQ1: Friday | LR1: Saturday | LS1: Sunday | LT1: Monday | LU1: Tuesday | LV1: Wednesday | LW1: Thursday | LX1: Friday | LY1: Saturday
B2: 45326 | C2: 45327 | D2: 45328 | E2: 45329 | F2: 45330 | G2: 45331 | H2: 45332 | I2: 45333 | J2: 45334 | K2: 45335 | L2: 45336 | M2: 45337 | N2: 45338 | O2: 45339 | P2: 45340 | Q2: 45341 | R2: 45342 | S2: 45343 | T2: 45344 | U2: 45345 | V2: 45346 | W2: 45347 | X2: 45348 | Y2: 45349 | Z2: 45350 | AA2: 45351 | AB2: 45352 | AC2: 45353 | AD2: 45354 | AE2: 45355 | AF2: 45356 | AG2: 45357 | AH2: 45358 | AI2: 45359 | AJ2: 45360 | AK2: 45361 | AL2: 45362 | AM2: 45363 | AN2: 45364 | AO2: 45365 | AP2: 45366 | AQ2: 45367 | AR2: 45368 | AS2: 45369 | AT2: 45370 | AU2: 45371 | AV2: 45372 | AW2: 45373 | AX2: 45374 | AY2: 45375 | AZ2: 45376 | BA2: 45377 | BB2: 45378 | BC2: 45379 | BD2: 45380 | BE2: 45381 | BF2: 45382 | BG2: 45383 | BH2: 45384 | BI2: 45385 | BJ2: 45386 | BK2: 45387 | BL2: 45388 | BM2: 45389 | BN2: 45390 | BO2: 45391 | BP2: 45392 | BQ2: 45393 | BR2: 45394 | BS2: 45395 | BT2: 45396 | BU2: 45397 | BV2: 45398 | BW2: 45399 | BX2: 45400 | BY2: 45401 | BZ2: 45402 | CA2: 45403 | CB2: 45404 | CC2: 45405 | CD2: 45406 | CE2: 45407 | CF2: 45408 | CG2: 45409 | CH2: 45410 | CI2: 45411 | CJ2: 45412 | CK2: 45413 | CL2: 45414 | CM2: 45415 | CN2: 45416 | CO2: 45417 | CP2: 45418 | CQ2: 45419 | CR2: 45420 | CS2: 45421 | CT2: 45422 | CU2: 45423 | CV2: 45424 | CW2: 45425 | CX2: 45426 | CY2: 45427 | CZ2: 45428 | DA2: 45429 | DB2: 45430 | DC2: 45431 | DD2: 45432 | DE2: 45433 | DF2: 45434 | DG2: 45435 | DH2: 45436 | DI2: 45437 | DJ2: 45438 | DK2: 45439 | DL2: 45440 | DM2: 45441 | DN2: 45442 | DO2: 45443 | DP2: 45444 | DQ2: 45445 | DR2: 45446 | DS2: 45447 | DT2: 45448 | DU2: 45449 | DV2: 45450 | DW2: 45451 | DX2: 45452 | DY2: 45453 | DZ2: 45454 | EA2: 45455 | EB2: 45456 | EC2: 45457 | ED2: 45458 | EE2: 45459 | EF2: 45460 | EG2: 45461 | EH2: 45462 | EI2: 45463 | EJ2: 45464 | EK2: 45465 | EL2: 45466 | EM2: 45467 | EN2: 45468 | EO2: 45469 | EP2: 45470 | EQ2: 45471 | ER2: 45472 | ES2: 45473 | ET2: 45474 | EU2: 45475 | EV2: 45476 | EW2: 45477 | EX2: 45478 | EY2: 45479 | EZ2: 45480 | FA2: 45481 | FB2: 45482 | FC2: 45483 | FD2: 45484 | FE2: 45485 | FF2: 45486 | FG2: 45487 | FH2: 45488 | FI2: 45489 | FJ2: 45490 | FK2: 45491 | FL2: 45492 | FM2: 45493 | FN2: 45494 | FO2: 45495 | FP2: 45496 | FQ2: 45497 | FR2: 45498 | FS2: 45499 | FT2: 45500 | FU2: 45501 | FV2: 45502 | FW2: 45503 | FX2: 45504 | FY2: 45505 | FZ2: 45506 | GA2: 45507 | GB2: 45508 | GC2: 45509 | GD2: 45510 | GE2: 45511 | GF2: 45512 | GG2: 45513 | GH2: 45514 | GI2: 45515 | GJ2: 45516 | GK2: 45517 | GL2: 45518 | GM2: 45519 | GN2: 45520 | GO2: 45521 | GP2: 45522 | GQ2: 45523 | GR2: 45524 | GS2: 45525 | GT2: 45526 | GU2: 45527 | GV2: 45528 | GW2: 45529 | GX2: 45530 | GY2: 45531 | GZ2: 45532 | HA2: 45533 | HB2: 45534 | HC2: 45535 | HD2: 45536 | HE2: 45537 | HF2: 45538 | HG2: 45539 | HH2: 45540 | HI2: 45541 | HJ2: 45542 | HK2: 45543 | HL2: 45544 | HM2: 45545 | HN2: 45546 | HO2: 45547 | HP2: 45548 | HQ2: 45549 | HR2: 45550 | HS2: 45551 | HT2: 45552 | HU2: 45553 | HV2: 45554 | HW2: 45555 | HX2: 45556 | HY2: 45557 | HZ2: 45558 | IA2: 45559 | IB2: 45560 | IC2: 45561 | ID2: 45562 | IE2: 45563 | IF2: 45564 | IG2: 45565 | IH2: 45566 | II2: 45567 | IJ2: 45568 | IK2: 45569 | IL2: 45570 | IM2: 45571 | IN2: 45572 | IO2: 45573 | IP2: 45574 | IQ2: 45575 | IR2: 45576 | IS2: 45577 | IT2: 45578 | IU2: 45579 | IV2: 45580 | IW2: 45581 | IX2: 45582 | IY2: 45583 | IZ2: 45584 | JA2: 45585 | JB2: 45586 | JC2: 45587 | JD2: 45588 | JE2: 45589 | JF2: 45590 | JG2: 45591 | JH2: 45592 | JI2: 45593 | JJ2: 45594 | JK2: 45595 | JL2: 45596 | JM2: 45597 | JN2: 45598 | JO2: 45599 | JP2: 45600 | JQ2: 45601 | JR2: 45602 | JS2: 45603 | JT2: 45604 | JU2: 45605 | JV2: 45606 | JW2: 45607 | JX2: 45608 | JY2: 45609 | JZ2: 45610 | KA2: 45611 | KB2: 45612 | KC2: 45613 | KD2: 45614 | KE2: 45615 | KF2: 45616 | KG2: 45617 | KH2: 45618 | KI2: 45619 | KJ2: 45620 | KK2: 45621 | KL2: 45622 | KM2: 45623 | KN2: 45624 | KO2: 45625 | KP2: 45626 | KQ2: 45627 | KR2: 45628 | KS2: 45629 | KT2: 45630 | KU2: 45631 | KV2: 45632 | KW2: 45633 | KX2: 45634 | KY2: 45635 | KZ2: 45636 | LA2: 45637 | LB2: 45638 | LC2: 45639 | LD2: 45640 | LE2: 45641 | LF2: 45642 | LG2: 45643 | LH2: 45644 | LI2: 45645 | LJ2: 45646 | LK2: 45647 | LL2: 45648 | LM2: 45649 | LN2: 45650 | LO2: 45651 | LP2: 45652 | LQ2: 45653 | LR2: 45654 | LS2: 45655 | LT2: 45656 | LU2: 45657 | LV2: 45658 | LW2: 45659 | LX2: 45660 | LY2: 45661
A3: Receiving Date | B3: =IFERROR('Inbound SOS & EOD'!#REF!*1,B2) -> 45326 | C3: =IFERROR('Inbound SOS & EOD'!#REF!*1,C2) -> 45327 | D3: =IFERROR('Inbound SOS & EOD'!#REF!*1,D2) -> 45328 | E3: =IFERROR('Inbound SOS & EOD'!#REF!*1,E2) -> 45329 | F3: =IFERROR('Inbound SOS & EOD'!#REF!*1,F2) -> 45330 | G3: =IFERROR('Inbound SOS & EOD'!#REF!*1,G2) -> 45331 | H3: =IFERROR('Inbound SOS & EOD'!#REF!*1,H2) -> 45332 | I3: =IFERROR('Inbound SOS & EOD'!#REF!*1,I2) -> 45333 | ... LY3: =IFERROR('Inbound SOS & EOD'!#REF!*1,LY2) -> 45661
A4: Days Between Receiving Date and Current Date | B4: =_xlfn.DAYS(B2,B3) -> 0 | C4: =_xlfn.DAYS(C2,C3) -> 0 | D4: =_xlfn.DAYS(D2,D3) -> 0 | E4: =_xlfn.DAYS(E2,E3) -> 0 | F4: =_xlfn.DAYS(F2,F3) -> 0 | G4: =_xlfn.DAYS(G2,G3) -> 0 | H4: =_xlfn.DAYS(H2,H3) -> 0 | I4: =_xlfn.DAYS(I2,I3) -> 0 | ... LY4: =_xlfn.DAYS(LY2,LY3) -> 0
A5: Week Number | B5: =VLOOKUP(B2,FiscalCalendar!$A$1:$C$365,3,FALSE) -> 1 | I5: =VLOOKUP(I2,FiscalCalendar!$A$1:$C$365,3,FALSE) -> 2 | P5: =VLOOKUP(P2,FiscalCalendar!$A$1:$C$365,3,FALSE) -> 3 | W5: =VLOOKUP(W2,FiscalCalendar!$A$1:$C$365,3,FALSE) -> 4 | AD5: =VLOOKUP(AD2,FiscalCalendar!$A$1:$C$365,3,FALSE) -> 5 | AK5: =VLOOKUP(AK2,FiscalCalendar!$A$1:$C$365,3,FALSE) -> 6 | AR5: =VLOOKUP(AR2,FiscalCalendar!$A$1:$C$365,3,FALSE) -> 7 | AY5: =VLOOKUP(AY2,FiscalCalendar!$A$1:$C$365,3,FALSE) -> 8 | BF5: =VLOOKUP(BF2,FiscalCalendar!$A$1:$C$365,3,FALSE) -> 9 | BM5: =VLOOKUP(BM2,FiscalCalendar!$A$1:$C$365,3,FALSE) -> 10 | BT5: =VLOOKUP(BT2,FiscalCalendar!$A$1:$C$365,3,FALSE) -> 11 | CA5: =VLOOKUP(CA2,FiscalCalendar!$A$1:$C$365,3,FALSE) -> 12 | CH5: =VLOOKUP(CH2,FiscalCalendar!$A$1:$C$365,3,FALSE) -> 13 | CO5: =VLOOKUP(CO2,FiscalCalendar!$A$1:$C$365,3,FALSE) -> 14 | CV5: =VLOOKUP(CV2,FiscalCalendar!$A$1:$C$365,3,FALSE) -> 15 | DC5: =VLOOKUP(DC2,FiscalCalendar!$A$1:$C$365,3,FALSE) -> 16 | DJ5: =VLOOKUP(DJ2,FiscalCalendar!$A$1:$C$365,3,FALSE) -> 17 | DQ5: =VLOOKUP(DQ2,FiscalCalendar!$A$1:$C$365,3,FALSE) -> 18 | DX5: =VLOOKUP(DX2,FiscalCalendar!$A$1:$C$365,3,FALSE) -> 19 | EE5: =VLOOKUP(EE2,FiscalCalendar!$A$1:$C$365,3,FALSE) -> 20 | EL5: =VLOOKUP(EL2,FiscalCalendar!$A$1:$C$365,3,FALSE) -> 21 | ES5: =VLOOKUP(ES2,FiscalCalendar!$A$1:$C$365,3,FALSE) -> 22 | EZ5: =VLOOKUP(EZ2,FiscalCalendar!$A$1:$C$365,3,FALSE) -> 23 | FG5: =VLOOKUP(FG2,FiscalCalendar!$A$1:$C$365,3,FALSE) -> 24 | FN5: =VLOOKUP(FN2,FiscalCalendar!$A$1:$C$365,3,FALSE) -> 25 | FU5: =VLOOKUP(FU2,FiscalCalendar!$A$1:$C$365,3,FALSE) -> 26 | GB5: =VLOOKUP(GB2,FiscalCalendar!$A$1:$C$365,3,FALSE) -> 27 | GI5: =VLOOKUP(GI2,FiscalCalendar!$A$1:$C$365,3,FALSE) -> 28 | GP5: =VLOOKUP(GP2,FiscalCalendar!$A$1:$C$365,3,FALSE) -> 29 | GW5: =VLOOKUP(GW2,FiscalCalendar!$A$1:$C$365,3,FALSE) -> 30 | HD5: =VLOOKUP(HD2,FiscalCalendar!$A$1:$C$365,3,FALSE) -> 31 | HK5: =VLOOKUP(HK2,FiscalCalendar!$A$1:$C$365,3,FALSE) -> 32 | HR5: =VLOOKUP(HR2,FiscalCalendar!$A$1:$C$365,3,FALSE) -> 33 | HY5: =VLOOKUP(HY2,FiscalCalendar!$A$1:$C$365,3,FALSE) -> 34 | IF5: =VLOOKUP(IF2,FiscalCalendar!$A$1:$C$365,3,FALSE) -> 35 | IM5: =VLOOKUP(IM2,FiscalCalendar!$A$1:$C$365,3,FALSE) -> 36 | IT5: =VLOOKUP(IT2,FiscalCalendar!$A$1:$C$365,3,FALSE) -> 37 | JA5: =VLOOKUP(JA2,FiscalCalendar!$A$1:$C$365,3,FALSE) -> 38 | JH5: =VLOOKUP(JH2,FiscalCalendar!$A$1:$C$365,3,FALSE) -> 39 | JO5: =VLOOKUP(JO2,FiscalCalendar!$A$1:$C$365,3,FALSE) -> 40 | JV5: =VLOOKUP(JV2,FiscalCalendar!$A$1:$C$365,3,FALSE) -> 41 | KC5: =VLOOKUP(KC2,FiscalCalendar!$A$1:$C$365,3,FALSE) -> 42 | KJ5: =VLOOKUP(KJ2,FiscalCalendar!$A$1:$C$365,3,FALSE) -> 43 | KQ5: =VLOOKUP(KQ2,FiscalCalendar!$A$1:$C$365,3,FALSE) -> 44 | KX5: =VLOOKUP(KX2,FiscalCalendar!$A$1:$C$365,3,FALSE) -> 45 | LE5: =VLOOKUP(LE2,FiscalCalendar!$A$1:$C$365,3,FALSE) -> 46 | LL5: =VLOOKUP(LL2,FiscalCalendar!$A$1:$C$365,3,FALSE) -> 47 | LS5: =VLOOKUP(LS2,FiscalCalendar!$A$1:$C$365,3,FALSE) -> 48
A6: Forecast For Week | B6: 633 | I6: 2239 | P6: 2632 | W6: 1123 | AD6: 115 | AK6: 3365 | AR6: 2164 | AY6: 1620 | BF6: 452 | BM6: 3535 | BT6: 4975 | CA6: 2275 | CH6: 4922 | CO6: 616 | CV6: 711 | DC6: 2279 | DJ6: 3380 | DQ6: 1827 | DX6: 1575 | EE6: 2106 | EL6: 3221 | ES6: 7219 | EZ6: 1449 | FG6: 2047 | FN6: 6235 | FU6: 1612 | GB6: 2090 | GI6: 3669 | GP6: 2112 | GW6: 7386 | HD6: 12842 | HK6: 6987 | HR6: 1427 | HY6: 3320 | IF6: 7028 | IM6: 1472 | IT6: 10914 | JA6: 7638 | JH6: 1193 | JO6: 0 | JV6: 0 | KC6: 0 | KJ6: 0 | KQ6: 0 | KX6: 0 | LE6: 0 | LL6: 0 | LS6: 0
A7: Actual Delivered For Week | B7: =B10+C10+D10+E10+F10+G10+H10 -> 757 | I7: =I10+J10+K10+L10+M10+N10+O10 -> 2068 | P7: =P10+Q10+R10+S10+T10+U10+V10 -> 2450 | W7: =W10+X10+Y10+Z10+AA10+AB10+AC10 -> 960 | AD7: =AD10+AE10+AF10+AG10+AH10+AI10+AJ10 -> 144 | AK7: =AK10+AL10+AM10+AN10+AO10+AP10+AQ10 -> 1217 | AR7: =AR10+AS10+AT10+AU10+AV10+AW10+AX10 -> 5525 | AY7: =AY10+AZ10+BA10+BB10+BC10+BD10+BE10 -> 1475 | BF7: =BF10+BG10+BH10+BI10+BJ10+BK10+BL10 -> 1017 | BM7: =BM10+BN10+BO10+BP10+BQ10+BR10+BS10 -> 2400 | BT7: =BT10+BU10+BV10+BW10+BX10+BY10+BZ10 -> 394 | CA7: =CA10+CB10+CC10+CD10+CE10+CF10+CG10 -> 2453 | CH7: =CH10+CI10+CJ10+CK10+CL10+CM10+CN10 -> 6572 | CO7: =CO10+CP10+CQ10+CR10+CS10+CT10+CU10 -> 157 | CV7: =CV10+CW10+CX10+CY10+CZ10+DA10+DB10 -> 977 | DC7: =DC10+DD10+DE10+DF10+DG10+DH10+DI10 -> 978 | DJ7: =DJ10+DK10+DL10+DM10+DN10+DO10+DP10 -> 1515 | DQ7: =DQ10+DR10+DS10+DT10+DU10+DV10+DW10 -> 2070 | DX7: =DX10+DY10+DZ10+EA10+EB10+EC10+ED10 -> 2937 | EE7: =EE10+EF10+EG10+EH10+EI10+EJ10+EK10 -> 1743 | EL7: =EL10+EM10+EN10+EO10+EP10+EQ10+ER10 -> 2106 | ES7: =ES10+ET10+EU10+EV10+EW10+EX10+EY10 -> 9665 | EZ7: =EZ10+FA10+FB10+FC10+FD10+FE10+FF10 -> 4932 | FG7: =FG10+FH10+FI10+FJ10+FK10+FL10+FM10 -> 6524 | FN7: =FN10+FO10+FP10+FQ10+FR10+FS10+FT10 -> 4400 | FU7: =FU10+FV10+FW10+FX10+FY10+FZ10+GA10 -> 2400 | GB7: =GB10+GC10+GD10+GE10+GF10+GG10+GH10 -> 4572 | GI7: =GI10+GJ10+GK10+GL10+GM10+GN10+GO10 -> 3277 | GP7: =GP10+GQ10+GR10+GS10+GT10+GU10+GV10 -> 2654 | GW7: =GW10+GX10+GY10+GZ10+HA10+HB10+HC10 -> 1884 | HD7: =HD10+HE10+HF10+HG10+HH10+HI10+HJ10 -> 9960 | HK7: =HK10+HL10+HM10+HN10+HO10+HP10+HQ10 -> 8181 | HR7: =HR10+HS10+HT10+HU10+HV10+HW10+HX10 -> 6513 | HY7: =HY10+HZ10+IA10+IB10+IC10+ID10+IE10 -> 5848 | IF7: =IF10+IG10+IH10+II10+IJ10+IK10+IL10 -> 4522 | IM7: =IM10+IN10+IO10+IP10+IQ10+IR10+IS10 -> #REF! | IT7: =IT10+IU10+IV10+IW10+IX10+IY10+IZ10 -> 7179 | JA7: =JA10+JB10+JC10+JD10+JE10+JF10+JG10 -> 6988 | JH7: =JH10+JI10+JJ10+JK10+JL10+JM10+JN10 -> 7289 | JO7: =JO10+JP10+JQ10+JR10+JS10+JT10+JU10 -> 3472 | JV7: =JV10+JW10+JX10+JY10+JZ10+KA10+KB10 -> 3236 | KC7: =KC10+KD10+KE10+KF10+KG10+KH10+KI10 -> #REF! | KJ7: =KJ10+KK10+KL10+KM10+KN10+KO10+KP10 -> 2098 | KQ7: =KQ10+KR10+KS10+KT10+KU10+KV10+KW10 -> 3088 | KX7: =KX10+KY10+KZ10+LA10+LB10+LC10+LD10 -> 2816 | LE7: =LE10+LF10+LG10+LH10+LI10+LJ10+LK10 -> 939 | LL7: =LL10+LM10+LN10+LO10+LP10+LQ10+LR10 -> 3405 | LS7: =LS10+LT10+LU10+LV10+LW10+LX10+LY10 -> 2742
A8: Percentage demand vs. forecast | B8: =IFERROR(B7/B6,0) -> 1.1958926 | I8: =IFERROR(I7/I6,0) -> 0.92362662 | P8: =IFERROR(P7/P6,0) -> 0.93085106 | W8: =IFERROR(W7/W6,0) -> 0.85485307 | AD8: =IFERROR(AD7/AD6,0) -> 1.2521739 | AK8: =IFERROR(AK7/AK6,0) -> 0.36166419 | AR8: =IFERROR(AR7/AR6,0) -> 2.5531423 | AY8: =IFERROR(AY7/AY6,0) -> 0.91049383 | BF8: =IFERROR(BF7/BF6,0) -> 2.25 | BM8: =IFERROR(BM7/BM6,0) -> 0.67892504 | BT8: =IFERROR(BT7/BT6,0) -> 0.07919598 | CA8: =IFERROR(CA7/CA6,0) -> 1.0782418 | CH8: =IFERROR(CH7/CH6,0) -> 1.3352296 | CO8: =IFERROR(CO7/CO6,0) -> 0.25487013 | CV8: =IFERROR(CV7/CV6,0) -> 1.374121 | DC8: =IFERROR(DC7/DC6,0) -> 0.42913559 | DJ8: =IFERROR(DJ7/DJ6,0) -> 0.44822485 | DQ8: =IFERROR(DQ7/DQ6,0) -> 1.1330049 | DX8: =IFERROR(DX7/DX6,0) -> 1.8647619 | EE8: =IFERROR(EE7/EE6,0) -> 0.82763533 | EL8: =IFERROR(EL7/EL6,0) -> 0.65383421 | ES8: =IFERROR(ES7/ES6,0) -> 1.3388281 | EZ8: =IFERROR(EZ7/EZ6,0) -> 3.4037267 | FG8: =IFERROR(FG7/FG6,0) -> 3.1871031 | FN8: =IFERROR(FN7/FN6,0) -> 0.70569366 | FU8: =IFERROR(FU7/FU6,0) -> 1.4888337 | GB8: =IFERROR(GB7/GB6,0) -> 2.1875598 | GI8: =IFERROR(GI7/GI6,0) -> 0.8931589 | GP8: =IFERROR(GP7/GP6,0) -> 1.2566288 | GW8: =IFERROR(GW7/GW6,0) -> 0.25507717 | HD8: =IFERROR(HD7/HD6,0) -> 0.77558013 | HK8: =IFERROR(HK7/HK6,0) -> 1.1708888 | HR8: =IFERROR(HR7/HR6,0) -> 4.5641205 | HY8: =IFERROR(HY7/HY6,0) -> 1.7614458 | IF8: =IFERROR(IF7/IF6,0) -> 0.64342629 | IM8: =IFERROR(IM7/IM6,0) -> 0 | IT8: =IFERROR(IT7/IT6,0) -> 0.657779 | JA8: =IFERROR(JA7/JA6,0) -> 0.91489919 | JH8: =IFERROR(JH7/JH6,0) -> 6.1098072 | JO8: =IFERROR(JO7/JO6,0) -> 0 | JV8: =IFERROR(JV7/JV6,0) -> 0 | KC8: =IFERROR(KC7/KC6,0) -> 0 | KJ8: =IFERROR(KJ7/KJ6,0) -> 0 | KQ8: =IFERROR(KQ7/KQ6,0) -> 0 | KX8: =IFERROR(KX7/KX6,0) -> 0 | LE8: =IFERROR(LE7/LE6,0) -> 0 | LL8: =IFERROR(LL7/LL6,0) -> 0 | LS8: =IFERROR(LS7/LS6,0) -> 0
A9: Expected Delivery | B9: 0 | C9: =B6/5 -> 126.6 | D9: =B6/5 -> 126.6 | E9: =B6/5 -> 126.6 | F9: =B6/5 -> 126.6 | G9: =B6/5 -> 126.6 | I9: 0 | J9: =I6/5 -> 447.8 | K9: =I6/5 -> 447.8 | L9: =I6/5 -> 447.8 | M9: =I6/5 -> 447.8 | N9: =I6/5 -> 447.8 | O9: 0 | P9: 0 | Q9: =P6/5 -> 526.4 | R9: =P6/5 -> 526.4 | S9: =P6/5 -> 526.4 | T9: =P6/5 -> 526.4 | U9: =P6/5 -> 526.4 | V9: 0 | W9: 0 | X9: =W6/5 -> 224.6 | Y9: =W6/5 -> 224.6 | Z9: =W6/5 -> 224.6 | AA9: =W6/5 -> 224.6 | AB9: =W6/5 -> 224.6 | AC9: 0 | AD9: 0 | AE9: =AD6/5 -> 23 | AF9: =AD6/5 -> 23 | AG9: =AD6/5 -> 23 | AH9: =AD6/5 -> 23 | AI9: =AD6/5 -> 23 | AJ9: 0 | AK9: 0 | AL9: =AK6/5 -> 673 | AM9: =AK6/5 -> 673 | AN9: =AK6/5 -> 673 | AO9: =AK6/5 -> 673 | AP9: =AK6/5 -> 673 | AQ9: 0 | AR9: 0 | AS9: =AR6/5 -> 432.8 | AT9: =AR6/5 -> 432.8 | AU9: =AR6/5 -> 432.8 | AV9: =AR6/5 -> 432.8 | AW9: =AR6/5 -> 432.8 | AX9: 0 | AY9: 0 | AZ9: =AY6/5 -> 324 | BA9: =AY6/5 -> 324 | BB9: =AY6/5 -> 324 | BC9: =AY6/5 -> 324 | BD9: =AY6/5 -> 324 | BE9: 0 | BF9: 0 | BG9: =BF6/5 -> 90.4 | BH9: =BF6/5 -> 90.4 | BI9: =BF6/5 -> 90.4 | BJ9: =BF6/5 -> 90.4 | BK9: =BF6/5 -> 90.4 | BL9: 0 | BM9: 0 | BN9: =BM6/5 -> 707 | BO9: =BM6/5 -> 707 | BP9: =BM6/5 -> 707 | BQ9: =BM6/5 -> 707 | BR9: =BM6/5 -> 707 | BS9: 0 | BT9: 0 | BU9: =BT6/5 -> 995 | BV9: =BT6/5 -> 995 | BW9: =BT6/5 -> 995 | BX9: =BT6/5 -> 995 | BY9: =BT6/5 -> 995 | BZ9: 0 | CA9: 0 | CB9: =CA6/5 -> 455 | CC9: =CA6/5 -> 455 | CD9: =CA6/5 -> 455 | CE9: =CA6/5 -> 455 | CF9: =CA6/5 -> 455 | CG9: 0 | CH9: 0 | CI9: =CH6/5 -> 984.4 | CJ9: =CH6/5 -> 984.4 | CK9: =CH6/5 -> 984.4 | CL9: =CH6/5 -> 984.4 | CM9: =CH6/5 -> 984.4 | CN9: 0 | CO9: 0 | CP9: =CO6/5 -> 123.2 | CQ9: =CO6/5 -> 123.2 | CR9: =CO6/5 -> 123.2 | CS9: =CO6/5 -> 123.2 | CT9: =CO6/5 -> 123.2 | CU9: 0 | CV9: 0 | CW9: =CV6/5 -> 142.2 | CX9: =CV6/5 -> 142.2 | CY9: =CV6/5 -> 142.2 | CZ9: =CV6/5 -> 142.2 | DA9: =CV6/5 -> 142.2 | DB9: 0 | DC9: 0 | DD9: =DC6/5 -> 455.8 | DE9: =DC6/5 -> 455.8 | DF9: =DC6/5 -> 455.8 | DG9: =DC6/5 -> 455.8 | DH9: =DC6/5 -> 455.8 | DI9: 0 | DJ9: 0 | DK9: =DJ6/5 -> 676 | DL9: =DJ6/5 -> 676 | DM9: =DJ6/5 -> 676 | DN9: =DJ6/5 -> 676 | DO9: =DJ6/5 -> 676 | DP9: 0 | DQ9: 0 | DR9: =DQ6/5 -> 365.4 | DS9: =DQ6/5 -> 365.4 | DT9: =DQ6/5 -> 365.4 | DU9: =DQ6/5 -> 365.4 | DV9: =DQ6/5 -> 365.4 | DW9: 0 | DX9: 0 | DY9: =DX6/5 -> 315 | DZ9: =DX6/5 -> 315 | EA9: =DX6/5 -> 315 | EB9: =DX6/5 -> 315 | EC9: =DX6/5 -> 315 | ED9: 0 | EE9: 0 | EF9: =EE6/5 -> 421.2 | EG9: =EE6/5 -> 421.2 | EH9: =EE6/5 -> 421.2 | EI9: =EE6/5 -> 421.2 | EJ9: =EE6/5 -> 421.2 | EK9: 0 | EL9: 0 | EM9: =EL6/5 -> 644.2 | EN9: =EL6/5 -> 644.2 | EO9: =EL6/5 -> 644.2 | EP9: =EL6/5 -> 644.2 | EQ9: =EL6/5 -> 644.2 | ER9: 0 | ES9: 0 | ET9: =ES6/5 -> 1443.8 | EU9: =ES6/5 -> 1443.8 | EV9: =ES6/5 -> 1443.8 | EW9: =ES6/5 -> 1443.8 | EX9: =ES6/5 -> 1443.8 | EY9: 0 | EZ9: 0 | FA9: =EZ6/5 -> 289.8 | FB9: =EZ6/5 -> 289.8 | FC9: =EZ6/5 -> 289.8 | FD9: =EZ6/5 -> 289.8 | FE9: =EZ6/5 -> 289.8 | FF9: 0 | FG9: 0 | FH9: =FG6/5 -> 409.4 | FI9: =FG6/5 -> 409.4 | FJ9: =FG6/5 -> 409.4 | FK9: =FG6/5 -> 409.4 | FL9: =FG6/5 -> 409.4 | FM9: 0 | FN9: 0 | FO9: =FN6/5 -> 1247 | FP9: =FN6/5 -> 1247 | FQ9: =FN6/5 -> 1247 | FR9: =FN6/5 -> 1247 | FS9: =FN6/5 -> 1247 | FT9: 0 | FU9: 0 | FV9: =FU6/5 -> 322.4 | FW9: =FU6/5 -> 322.4 | FX9: =FU6/5 -> 322.4 | FY9: =FU6/5 -> 322.4 | FZ9: =FU6/5 -> 322.4 | GA9: =FV6/5 -> 0 | GB9: 0 | GC9: =GB6/5 -> 418 | GD9: =GB6/5 -> 418 | GE9: =GB6/5 -> 418 | GF9: =GB6/5 -> 418 | GG9: =GB6/5 -> 418 | GH9: 0 | GI9: 0 | GJ9: =GI6/5 -> 733.8 | GK9: =GI6/5 -> 733.8 | GL9: =GI6/5 -> 733.8 | GM9: =GI6/5 -> 733.8 | GN9: =GI6/5 -> 733.8 | GO9: 0 | GP9: 0 | GQ9: =GP6/5 -> 422.4 | GR9: =GP6/5 -> 422.4 | GS9: =GP6/5 -> 422.4 | GT9: =GP6/5 -> 422.4 | GU9: =GP6/5 -> 422.4 | GV9: 0 | GW9: 0 | GX9: =GW6/5 -> 1477.2 | GY9: =GW6/5 -> 1477.2 | GZ9: =GW6/5 -> 1477.2 | HA9: =GW6/5 -> 1477.2 | HB9: =GW6/5 -> 1477.2 | HC9: 0 | HD9: 0 | HE9: =HD6/5 -> 2568.4 | HF9: =HD6/5 -> 2568.4 | HG9: =HD6/5 -> 2568.4 | HH9: =HD6/5 -> 2568.4 | HI9: =HD6/5 -> 2568.4 | HJ9: 0 | HK9: 0 | HL9: =HK6/5 -> 1397.4 | HM9: =HK6/5 -> 1397.4 | HN9: =HK6/5 -> 1397.4 | HO9: =HK6/5 -> 1397.4 | HP9: =HK6/5 -> 1397.4 | HQ9: 0 | HR9: 0 | HS9: =HR6/5 -> 285.4 | HT9: =HR6/5 -> 285.4 | HU9: =HR6/5 -> 285.4 | HV9: =HR6/5 -> 285.4 | HW9: =HR6/5 -> 285.4 | HX9: 0 | HY9: 0 | HZ9: =HY6/5 -> 664 | IA9: =HY6/5 -> 664 | IB9: =HY6/5 -> 664 | IC9: =HY6/5 -> 664 | ID9: =HY6/5 -> 664 | IE9: 0 | IF9: 0 | IG9: =IF6/5 -> 1405.6 | IH9: =IF6/5 -> 1405.6 | II9: =IF6/5 -> 1405.6 | IJ9: =IF6/5 -> 1405.6 | IK9: =IF6/5 -> 1405.6 | IL9: 0 | IM9: 0 | IN9: =IM6/5 -> 294.4 | IO9: =IM6/5 -> 294.4 | IP9: =IM6/5 -> 294.4 | IQ9: =IM6/5 -> 294.4 | IR9: =IM6/5 -> 294.4 | IS9: 0 | IT9: 0 | IU9: =IT6/5 -> 2182.8 | IV9: =IT6/5 -> 2182.8 | IW9: =IT6/5 -> 2182.8 | IX9: =IT6/5 -> 2182.8 | IY9: =IT6/5 -> 2182.8 | IZ9: 0 | JA9: 0 | JB9: =JA6/5 -> 1527.6 | JC9: =JA6/5 -> 1527.6 | JD9: =JA6/5 -> 1527.6 | JE9: =JA6/5 -> 1527.6 | JF9: =JA6/5 -> 1527.6 | JG9: 0 | JH9: 0 | JI9: =JH6/5 -> 238.6 | JJ9: =JH6/5 -> 238.6 | JK9: =JH6/5 -> 238.6 | JL9: =JH6/5 -> 238.6 | JM9: =JH6/5 -> 238.6 | JN9: 0 | JO9: 0 | JP9: =JO6/5 -> 0 | JQ9: =JO6/5 -> 0 | JR9: =JO6/5 -> 0 | JS9: =JO6/5 -> 0 | JT9: =JO6/5 -> 0 | JU9: 0 | JV9: 0 | JW9: =JV6/5 -> 0 | JX9: =JV6/5 -> 0 | JY9: =JV6/5 -> 0 | JZ9: =JV6/5 -> 0 | KA9: =JV6/5 -> 0 | KB9: 0 | KC9: 0 | KD9: =KC6/5 -> 0 | KE9: =KC6/5 -> 0 | KF9: =KC6/5 -> 0 | KG9: =KC6/5 -> 0 | KH9: =KC6/5 -> 0 | KI9: 0 | KJ9: 0 | KK9: =KJ6/5 -> 0 | KL9: =KJ6/5 -> 0 | KM9: =KJ6/5 -> 0 | KN9: =KJ6/5 -> 0 | KO9: =KJ6/5 -> 0 | KP9: 0 | KQ9: 0 | KR9: =KQ6/5 -> 0 | KS9: =KQ6/5 -> 0 | KT9: =KQ6/5 -> 0 | KU9: =KQ6/5 -> 0 | KV9: =KQ6/5 -> 0 | KW9: 0 | KX9: 0 | KY9: =KX6/5 -> 0 | KZ9: =KX6/5 -> 0 | LA9: =KX6/5 -> 0 | LB9: =KX6/5 -> 0 | LC9: =KX6/5 -> 0 | LD9: 0 | LE9: 0 | LF9: =LE6/5 -> 0 | LG9: =LE6/5 -> 0 | LH9: =LE6/5 -> 0 | LI9: =LE6/5 -> 0 | LJ9: =LE6/5 -> 0 | LK9: 0 | LL9: 0 | LM9: =LL6/5 -> 0 | LN9: =LL6/5 -> 0 | LO9: =LL6/5 -> 0 | LP9: =LL6/5 -> 0 | LQ9: =LL6/5 -> 0 | LR9: 0 | LS9: 0 | LT9: =LS6/5 -> 0 | LU9: =LS6/5 -> 0 | LV9: =LS6/5 -> 0 | LW9: =LS6/5 -> 0 | LX9: =LS6/5 -> 0 | LY9: 0
A10: Actual Delivery | B10: ='Inbound SOS & EOD'!B52+'Inbound SOS & EOD'!B75 -> 0 | C10: ='Inbound SOS & EOD'!C52+'Inbound SOS & EOD'!C75 -> 0 | D10: ='Inbound SOS & EOD'!D52+'Inbound SOS & EOD'!D75 -> 0 | E10: ='Inbound SOS & EOD'!E52+'Inbound SOS & EOD'!E75 -> 313 | F10: ='Inbound SOS & EOD'!F52+'Inbound SOS & EOD'!F75 -> 313 | G10: ='Inbound SOS & EOD'!G52+'Inbound SOS & EOD'!G75 -> 131 | H10: ='Inbound SOS & EOD'!H52+'Inbound SOS & EOD'!H75 -> 0 | I10: ='Inbound SOS & EOD'!I52+'Inbound SOS & EOD'!I75 -> 0 | ... IP10: ='Inbound SOS & EOD'!IP52+'Inbound SOS & EOD'!IP75 -> 43 | IQ10: ='Inbound SOS & EOD'!#REF!+'Inbound SOS & EOD'!IQ75 -> #REF! | IR10: ='Inbound SOS & EOD'!IQ52+'Inbound SOS & EOD'!IR75 -> 206 | IS10: ='Inbound SOS & EOD'!IS52+'Inbound SOS & EOD'!IS75 -> 0 | IT10: ='Inbound SOS & EOD'!IT52+'Inbound SOS & EOD'!IT75 -> 0 | IU10: ='Inbound SOS & EOD'!IU52+'Inbound SOS & EOD'!IU75 -> 3470 | IV10: ='Inbound SOS & EOD'!IV52+'Inbound SOS & EOD'!IV75 -> 1015 | IW10: ='Inbound SOS & EOD'!IW52+'Inbound SOS & EOD'!IW75 -> 168 | IX10: ='Inbound SOS & EOD'!IX52+'Inbound SOS & EOD'!IX75 -> 964 | IY10: ='Inbound SOS & EOD'!IY52+'Inbound SOS & EOD'!IY75 -> 1562 | IZ10: ='Inbound SOS & EOD'!IZ52+'Inbound SOS & EOD'!IZ75 -> 0 | ... KG10: ='Inbound SOS & EOD'!KG52+'Inbound SOS & EOD'!KG75 -> 357 | KH10: ='Inbound SOS & EOD'!#REF!+'Inbound SOS & EOD'!KH75 -> #REF! | KI10: ='Inbound SOS & EOD'!KI52+'Inbound SOS & EOD'!KI75 -> 0 | KJ10: ='Inbound SOS & EOD'!KJ52+'Inbound SOS & EOD'!KJ75 -> 0 | KK10: ='Inbound SOS & EOD'!KK52+'Inbound SOS & EOD'!KK75 -> 790 | KL10: ='Inbound SOS & EOD'!KL52+'Inbound SOS & EOD'!KL75 -> 807 | KM10: ='Inbound SOS & EOD'!KM52+'Inbound SOS & EOD'!KM75 -> 476 | KN10: ='Inbound SOS & EOD'!KN52+'Inbound SOS & EOD'!KN75 -> 0 | KO10: ='Inbound SOS & EOD'!KO52+'Inbound SOS & EOD'!KO75 -> 25 | KP10: ='Inbound SOS & EOD'!KP52+'Inbound SOS & EOD'!KP75 -> 0 | ... LB10: ='Inbound SOS & EOD'!LB52+'Inbound SOS & EOD'!LB75 -> 742 | LC10: ='Inbound SOS & EOD'!KH52+'Inbound SOS & EOD'!LC75 -> 700 | LD10: ='Inbound SOS & EOD'!LD52+'Inbound SOS & EOD'!LD75 -> 0 | LE10: ='Inbound SOS & EOD'!LE52+'Inbound SOS & EOD'!LE75 -> 0 | LF10: ='Inbound SOS & EOD'!LF52+'Inbound SOS & EOD'!LF75 -> 582 | LG10: ='Inbound SOS & EOD'!LG52+'Inbound SOS & EOD'!LG75 -> 88 | LH10: ='Inbound SOS & EOD'!LH52+'Inbound SOS & EOD'!LH75 -> 13 | LI10: ='Inbound SOS & EOD'!LI52+'Inbound SOS & EOD'!LI75 -> 205 | LJ10: ='Inbound SOS & EOD'!LJ52+'Inbound SOS & EOD'!LJ75 -> 51 | LK10: ='Inbound SOS & EOD'!LK52+'Inbound SOS & EOD'!LK75 -> 0 | ... LY10: ='Inbound SOS & EOD'!LY52+'Inbound SOS & EOD'!LY75 -> 0
A11: Actual DNR | B11: ='Inbound SOS & EOD'!B8 -> 0 | C11: ='Inbound SOS & EOD'!C8 -> 0 | D11: ='Inbound SOS & EOD'!D8 -> 0 | E11: ='Inbound SOS & EOD'!E8 -> 0 | F11: ='Inbound SOS & EOD'!F8 -> 313 | G11: ='Inbound SOS & EOD'!G8 -> 317 | H11: ='Inbound SOS & EOD'!H8 -> 131 | I11: ='Inbound SOS & EOD'!I8 -> 0 | ... LY11: ='Inbound SOS & EOD'!LY8 -> 1271
A12: Backlog >72 HRs | B12: 0 | C12: 0 | D12: 0 | E12: 0
A13: >72 HR Date | B13: =B3+3 -> 45329 | C13: =C3+3 -> 45330 | D13: =D3+3 -> 45331 | E13: =E3+3 -> 45332 | F13: =F3+3 -> 45333 | G13: =G3+3 -> 45334 | H13: =H3+3 -> 45335 | I13: =I3+3 -> 45336 | ... LY13: =LY3+3 -> 45664
A14: AM Received | B14: 0 | C14: 0 | D14: 0 | E14: 0 | F14: 313 | G14: 317 | H14: 131 | I14: 0 | J14: 90 | K14: 603 | L14: 492 | M14: 555 | N14: 227 | O14: 60 | P14: 212 | Q14: 0 | R14: 119 | S14: 659 | T14: 0 | U14: 1147 | V14: 667 | W14: 0 | X14: 0 | Y14: 0 | Z14: 248 | AA14: 130 | AB14: 0 | AC14: 15 | AD14: 0 | AE14: 19 | AF14: 0 | AG14: 0 | AH14: 0 | AI14: 695 | AJ14: 694 | AK14: 278 | AL14: 451 | AM14: 30 | AN14: 0 | AO14: 0 | AP14: 0 | AQ14: 52 | AR14: 0 | AS14: 0 | AT14: 0 | AU14: 366 | AV14: 986 | AW14: 448 | AX14: 0 | AY14: 0 | AZ14: 195 | BA14: 85 | BB14: 0 | BC14: 1014 | BD14: 463 | BE14: 1 | BF14: 1 | BG14: 1 | BH14: 0 | BI14: 0 | BJ14: 0 | BK14: 4 | BL14: 0 | BM14: 0 | BN14: 576 | BO14: 164 | BP14: 40 | BQ14: 289 | BR14: 460 | BS14: 802 | BT14: 3 | BU14: 161 | BV14: 85 | BW14: 14 | BX14: 0 | BY14: 201 | BZ14: 0 | CA14: 59 | CB14: 0 | CC14: 299 | CD14: 1145 | CE14: 0 | CF14: 564 | CG14: 0 | CH14: 0 | CI14: 171 | CJ14: 533 | CK14: 558 | CL14: 1871 | CM14: 770 | CN14: 3 | CO14: 0 | CP14: 65 | CQ14: 442 | CR14: 1 | CS14: 0 | CT14: 0 | CU14: 0 | CV14: 0 | CW14: 157 | CX14: 4 | CY14: 361 | CZ14: 0 | DA14: 0 | DB14: 0 | DC14: 0 | DD14: 0 | DE14: 345 | DF14: 0 | DG14: 0 | DH14: 0 | DI14: 0 | DJ14: 0 | DK14: 267 | DL14: 0 | DM14: 491 | DN14: 236 | DO14: 257 | DP14: 0 | DQ14: 0 | DR14: 342 | DS14: 0 | DT14: 293 | DU14: 243 | DV14: 529 | DW14: 0 | DX14: 202 | DY14: 1 | DZ14: 577 | EA14: 37 | EB14: 0 | EC14: 522 | ED14: 258 | EE14: 258 | EF14: 0 | EG14: 844 | EH14: 967 | EI14: 1 | EJ14: 0 | EK14: 0 | EL14: 353 | EM14: 19 | EN14: 417 | EO14: 780 | EP14: 589 | EQ14: 0 | ER14: 0 | ES14: 0 | ET14: 119 | EU14: 729 | EV14: 1296 | EW14: 819 | EX14: 1011 | EY14: 465 | EZ14: 34 | FA14: 144 | FB14: 354 | FC14: 763 | FD14: 85 | FE14: 743 | FF14: 1164 | FG14: 541 | FH14: 1430 | FI14: 608 | FJ14: 569 | FK14: 565 | FL14: 2142 | FM14: 12 | FN14: 72 | FO14: 1304 | FP14: 815 | FQ14: 1434 | FR14: 804 | FS14: 806 | FT14: 0 | FU14: 474 | FV14: 514 | FW14: 383 | FX14: 222 | FY14: 10 | FZ14: 329 | GA14: 0 | GB14: 0 | GC14: 1302 | GD14: 0 | GE14: 1244 | GF14: 514 | GG14: 338 | GH14: 8 | GI14: 394 | GJ14: 817 | GK14: 1108 | GL14: 602 | GM14: 729 | GN14: 13 | GO14: 0 | GP14: 0 | GQ14: 294 | GR14: 1570 | GS14: 670 | GT14: 0 | GU14: 0 | GV14: 16 | GW14: 442 | GX14: 263 | GY14: 419 | GZ14: 2706 | HA14: 271 | HB14: 555 | HC14: 586 | HD14: 717 | HE14: 778 | HF14: 2493 | HG14: 1856 | HH14: 1118 | HI14: 1608 | HJ14: 779 | HK14: 66 | HL14: 768 | HM14: 248 | HN14: 763 | HO14: 482 | HP14: 833 | HQ14: 373 | HR14: 42 | HS14: 946 | HT14: 691 | HU14: 1185 | HV14: 1021 | HW14: 1153 | HX14: 1158 | HY14: 999 | HZ14: 999 | IA14: 1082 | IB14: 1046 | IC14: 1173 | ID14: 625 | IE14: 1239 | IF14: 569 | IG14: 0 | IH14: 0 | II14: 0 | IJ14: #REF! | IK14: 203 | IL14: 742 | IM14: 0 | IN14: 1285 | IO14: 1101 | IP14: 70 | IQ14: 1540 | IR14: 905 | IS14: 15 | IT14: 0 | IU14: 79 | IV14: 2168 | IW14: 2982 | IX14: 1723 | IY14: 1594 | IZ14: 1082 | JA14: 0 | JB14: 701 | JC14: 466 | JD14: 1203 | JE14: 164 | JF14: 271 | JG14: 1 | JH14: 0 | JI14: 556 | JJ14: 520 | JK14: 143 | JL14: 27 | JM14: 0 | JN14: 0 | JO14: 0 | JP14: 1 | JQ14: 1980 | JR14: 617 | JS14: 0 | JT14: 244 | JU14: 2 | JV14: 0 | JW14: 0 | JX14: 1768 | JY14: 0 | JZ14: 464 | KA14: #REF! | KB14: 0 | KC14: 472 | KD14: 228 | KE14: 0 | KF14: 0 | KG14: 0 | KH14: 0 | KI14: 0 | KJ14: 0 | KK14: 0 | KL14: 0 | KM14: 0 | KN14: 0 | KO14: 313 | KP14: 0 | KQ14: 0 | KR14: 0 | KS14: 1854 | KT14: 1232 | KU14: 207 | KV14: 356 | KW14: 0 | KX14: 0 | KY14: 0 | KZ14: 424 | LA14: 237 | LB14: 0 | LC14: 380 | LD14: 5 | LE14: 6 | LF14: 50 | LG14: 0 | LH14: 0 | LI14: 33 | LJ14: 658 | LK14: 596 | LL14: 0 | LM14: 824 | LN14: 0 | LO14: 0 | LP14: 0 | LQ14: 1028 | LR14: 1031 | LS14: #REF! | LT14: #REF! | LU14: #REF! | LV14: #REF! | LW14: #REF! | LX14: #REF! | LY14: #REF!
A15: 2nd Received | B15: 0 | C15: 0 | D15: 0 | E15: 0 | F15: 0 | G15: 0 | H15: 0 | I15: 0 | J15: 0 | K15: 0 | L15: 0 | M15: 0 | N15: 0 | O15: 0 | P15: 0 | Q15: 0 | R15: 0 | S15: 0 | T15: 0 | U15: 0 | V15: 0 | W15: 0 | X15: 86 | Y15: 255 | Z15: 0 | AA15: 25 | AB15: 0 | AC15: 0 | AD15: 0 | AE15: 86 | AF15: 42 | AG15: 0 | AH15: 11 | AI15: 0 | AJ15: 0 | AK15: 0 | AL15: 533 | AM15: 0 | AN15: 0 | AO15: 0 | AP15: 0 | AQ15: 0 | AR15: 0 | AS15: 0 | AT15: 278 | AU15: 996 | AV15: 433 | AW15: 0 | AX15: 0 | AY15: 571 | AZ15: 387 | BA15: 1 | BB15: 5 | BC15: 0 | BD15: 0 | BE15: 0 | BF15: 0 | BG15: 0 | BH15: 0 | BI15: 67 | BJ15: 287 | BK15: 0 | BL15: 0 | BM15: 0 | BN15: 0 | BO15: 25 | BP15: 0 | BQ15: 0 | BR15: 0 | BS15: 0 | BT15: 482 | BU15: 0 | BV15: 34 | BW15: 0 | BX15: 0 | BY15: 0 | BZ15: 0 | CA15: 0 | CB15: 0 | CC15: 0 | CD15: 289 | CE15: 0 | CF15: 178 | CG15: 0 | CH15: 0 | CI15: 623 | CJ15: 604 | CK15: 0 | CL15: 1 | CM15: 0 | CN15: 0 | CO15: 0 | CP15: 0 | CQ15: 0 | CR15: 0 | CS15: 0 | CT15: 0 | CU15: 0 | CV15: 0 | CW15: 613 | CX15: 0 | CY15: 0 | CZ15: 0 | DA15: 0 | DB15: 0 | DC15: 0 | DD15: 115 | DE15: 0 | DF15: 0 | DG15: 0 | DH15: 0 | DI15: 0 | DJ15: 251 | DK15: 0 | DL15: 0 | DM15: 0 | DN15: 0 | DO15: 0 | DP15: 0 | DQ15: 369 | DR15: 0 | DS15: 49 | DT15: 308 | DU15: 315 | DV15: 0 | DW15: 0 | DX15: 0 | DY15: 39 | DZ15: 0 | EA15: 221 | EB15: 0 | EC15: 0 | ED15: 0 | EE15: 0 | EF15: 357 | EG15: 320 | EH15: 336 | EI15: 0 | EJ15: 0 | EK15: 0 | EL15: 0 | EM15: 0 | EN15: 247 | EO15: 0 | EP15: 0 | EQ15: 0 | ER15: 0 | ES15: 0 | ET15: 0 | EU15: 242 | EV15: 0 | EW15: 0 | EX15: 0 | EY15: 0 | EZ15: 203 | FA15: 143 | FB15: 0 | FC15: 0 | FD15: 116 | FE15: 0 | FF15: 0 | FG15: 0 | FH15: 64 | FI15: 0 | FJ15: 53 | FK15: 166 | FL15: 0 | FM15: 0 | FN15: 245 | FO15: 275 | FP15: 226 | FQ15: 0 | FR15: 18 | FS15: 0 | FT15: 0 | FU15: 0 | FV15: 645 | FW15: 232 | FX15: 0 | FY15: 137 | FZ15: 0 | GA15: 0 | GB15: 0 | GC15: 0 | GD15: 0 | GE15: 0 | GF15: 0 | GG15: 0 | GH15: 0 | GI15: 213 | GJ15: 0 | GK15: 373 | GL15: 283 | GM15: 0 | GN15: 0 | GO15: 0 | GP15: 0 | GQ15: 0 | GR15: 0 | GS15: 0 | GT15: 0 | GU15: 0 | GV15: 0 | GW15: 0 | GX15: 0 | GY15: 0 | GZ15: 667 | HA15: 621 | HB15: 0 | HC15: 0 | HD15: 322 | HE15: 528 | HF15: 312 | HG15: 693 | HH15: 202 | HI15: 0 | HJ15: 0 | HK15: 664 | HL15: 1528 | HM15: 807 | HN15: 0 | HO15: 0 | HP15: 0 | HQ15: 0 | HR15: 0 | HS15: 311 | HT15: 25 | HU15: 0 | HV15: 111 | HW15: 0 | HX15: 0 | HY15: 172 | HZ15: 0 | IA15: 394 | IB15: 356 | IC15: 201 | ID15: 0 | IE15: 0 | IF15: 310 | IG15: 122 | IH15: 31 | II15: 41 | IJ15: 0 | IK15: 0 | IL15: 0 | IM15: 30 | IN15: 153 | IO15: 331 | IP15: 930 | IQ15: 235 | IR15: 0 | IS15: 0 | IT15: 0 | IU15: 1358 | IV15: 82 | IW15: 511 | IX15: 258 | IY15: 0 | IZ15: 0 | JA15: 1125 | JB15: 601 | JC15: 2060 | JD15: 539 | JE15: 572 | JF15: 0 | JG15: 0 | JH15: 0 | JI15: 237 | JJ15: 633 | JK15: 1095 | JL15: 1010 | JM15: 0 | JN15: 0 | JO15: 0 | JP15: 0 | JQ15: 0 | JR15: 355 | JS15: 0 | JT15: 0 | JU15: 0 | JV15: 0 | JW15: 0 | JX15: 0 | JY15: 0 | JZ15: 0 | KA15: 0 | KB15: 0 | KC15: 0 | KD15: 0 | KE15: 0 | KF15: 0 | KG15: 0 | KH15: 0 | KI15: 0 | KJ15: 0 | KK15: 0 | KL15: 0 | KM15: 0 | KN15: 0 | KO15: 0 | KP15: 0 | KQ15: 0 | KR15: 0 | KS15: 1149 | KT15: 653 | KU15: 521 | KV15: 0 | KW15: 0 | KX15: 0 | KY15: 896 | KZ15: 0 | LA15: 0 | LB15: 185 | LC15: 0 | LD15: 0 | LE15: 0 | LF15: 0 | LG15: 0 | LH15: 0 | LI15: 0 | LJ15: 0 | LK15: 0 | LL15: 0 | LM15: 83 | LN15: 0 | LO15: 0 | LP15: 775 | LQ15: 1087 | LR15: 0 | LS15: #REF! | LT15: #REF! | LU15: #REF! | LV15: #REF! | LW15: #REF! | LX15: #REF! | LY15: #REF!
A16: Total Received | B16: 0 | C16: 0 | D16: 0 | E16: 0 | F16: 313 | G16: 317 | H16: 131 | I16: 0 | J16: 90 | K16: 603 | L16: 492 | M16: 555 | N16: 227 | O16: 60 | P16: 212 | Q16: 0 | R16: 119 | S16: 659 | T16: 0 | U16: 1147 | V16: 667 | W16: 0 | X16: 86 | Y16: 255 | Z16: 248 | AA16: 155 | AB16: 0 | AC16: 15 | AD16: 0 | AE16: 105 | AF16: 42 | AG16: 0 | AH16: 11 | AI16: 695 | AJ16: 694 | AK16: 278 | AL16: 984 | AM16: 30 | AN16: 0 | AO16: 0 | AP16: 0 | AQ16: 52 | AR16: 0 | AS16: 0 | AT16: 278 | AU16: 1362 | AV16: 1419 | AW16: 448 | AX16: 0 | AY16: 571 | AZ16: 582 | BA16: 86 | BB16: 5 | BC16: 1014 | BD16: 463 | BE16: 1 | BF16: 1 | BG16: 1 | BH16: 0 | BI16: 67 | BJ16: 287 | BK16: 4 | BL16: 0 | BM16: 0 | BN16: 576 | BO16: 189 | BP16: 40 | BQ16: 289 | BR16: 460 | BS16: 802 | BT16: 485 | BU16: 161 | BV16: 119 | BW16: 14 | BX16: 0 | BY16: 201 | BZ16: 0 | CA16: 59 | CB16: 0 | CC16: 299 | CD16: 1434 | CE16: 0 | CF16: 742 | CG16: 0 | CH16: 0 | CI16: 794 | CJ16: 1137 | CK16: 558 | CL16: 1872 | CM16: 770 | CN16: 3 | CO16: 0 | CP16: 65 | CQ16: 442 | CR16: 1 | CS16: 0 | CT16: 0 | CU16: 0 | CV16: 0 | CW16: 770 | CX16: 4 | CY16: 361 | CZ16: 0 | DA16: 0 | DB16: 0 | DC16: 0 | DD16: 115 | DE16: 345 | DF16: 0 | DG16: 0 | DH16: 0 | DI16: 0 | DJ16: 251 | DK16: 267 | DL16: 0 | DM16: 491 | DN16: 236 | DO16: 257 | DP16: 0 | DQ16: 369 | DR16: 342 | DS16: 49 | DT16: 601 | DU16: 558 | DV16: 529 | DW16: 0 | DX16: 202 | DY16: 40 | DZ16: 577 | EA16: 258 | EB16: 0 | EC16: 522 | ED16: 258 | EE16: 258 | EF16: 357 | EG16: 1164 | EH16: 1303 | EI16: 1 | EJ16: 0 | EK16: 0 | EL16: 353 | EM16: 19 | EN16: 664 | EO16: 780 | EP16: 589 | EQ16: 0 | ER16: 0 | ES16: 0 | ET16: 119 | EU16: 971 | EV16: 1296 | EW16: 819 | EX16: 1011 | EY16: 465 | EZ16: 237 | FA16: 287 | FB16: 354 | FC16: 763 | FD16: 201 | FE16: 743 | FF16: 1164 | FG16: 541 | FH16: 1494 | FI16: 608 | FJ16: 622 | FK16: 731 | FL16: 2142 | FM16: 12 | FN16: 317 | FO16: 1579 | FP16: 1041 | FQ16: 1434 | FR16: 822 | FS16: 806 | FT16: 0 | FU16: 474 | FV16: 1159 | FW16: 615 | FX16: 222 | FY16: 147 | FZ16: 329 | GA16: 0 | GB16: 0 | GC16: 1302 | GD16: 0 | GE16: 1244 | GF16: 514 | GG16: 338 | GH16: 8 | GI16: 607 | GJ16: 817 | GK16: 1481 | GL16: 885 | GM16: 729 | GN16: 13 | GO16: 0 | GP16: 0 | GQ16: 294 | GR16: 1570 | GS16: 670 | GT16: 0 | GU16: 0 | GV16: 16 | GW16: 442 | GX16: 263 | GY16: 419 | GZ16: 3373 | HA16: 892 | HB16: 555 | HC16: 586 | HD16: 1039 | HE16: 1306 | HF16: 2805 | HG16: 2549 | HH16: 1320 | HI16: 1608 | HJ16: 779 | HK16: 730 | HL16: 2296 | HM16: 1055 | HN16: 763 | HO16: 482 | HP16: 833 | HQ16: 373 | HR16: 42 | HS16: 1257 | HT16: 716 | HU16: 1185 | HV16: 1132 | HW16: 1153 | HX16: 1158 | HY16: 1171 | HZ16: 999 | IA16: 1476 | IB16: 1402 | IC16: 1374 | ID16: 625 | IE16: 1239 | IF16: 879 | IG16: 122 | IH16: 31 | II16: 41 | IJ16: 0 | IK16: 203 | IL16: 742 | IM16: 30 | IN16: 1438 | IO16: 1432 | IP16: 1000 | IQ16: 1775 | IR16: 905 | IS16: 15 | IT16: 0 | IU16: 1437 | IV16: 2250 | IW16: 3493 | IX16: 1981 | IY16: 1594 | IZ16: 1082 | JA16: 1125 | JB16: 1302 | JC16: 2526 | JD16: 1742 | JE16: 736 | JF16: 271 | JG16: 1 | JH16: 0 | JI16: 793 | JJ16: 1153 | JK16: 1238 | JL16: 1037 | JM16: 0 | JN16: 0 | JO16: 0 | JP16: 1 | JQ16: 1980 | JR16: 972 | JS16: 0 | JT16: 244 | JU16: 2 | JV16: 0 | JW16: 0 | JX16: 1768 | JY16: 0 | JZ16: 464 | KA16: #REF! | KB16: 0 | KC16: 472 | KD16: 228 | KE16: 0 | KF16: 0 | KG16: 0 | KH16: 0 | KI16: 0 | KJ16: 0 | KK16: 0 | KL16: 0 | KM16: 0 | KN16: 0 | KO16: 313 | KP16: 0 | KQ16: 0 | KR16: 0 | KS16: 3003 | KT16: 1885 | KU16: 728 | KV16: 356 | KW16: 0 | KX16: 0 | KY16: 896 | KZ16: 424 | LA16: 237 | LB16: 185 | LC16: 380 | LD16: 5 | LE16: 6 | LF16: 50 | LG16: 0 | LH16: 0 | LI16: 33 | LJ16: 658 | LK16: 596 | LL16: 0 | LM16: 907 | LN16: 0 | LO16: 0 | LP16: 775 | LQ16: 2115 | LR16: 1031 | LS16: #REF! | LT16: #REF! | LU16: #REF! | LV16: #REF! | LW16: #REF! | LX16: #REF! | LY16: #REF!
A17: Estimated Replen | B17: ='Deployment needs'!J20 -> 175 | C17: ='Deployment needs'!K20 -> 175 | D17: ='Deployment needs'!L20 -> 140 | E17: ='Deployment needs'!M20 -> 140 | F17: ='Deployment needs'!N20 -> 122.5 | G17: ='Deployment needs'!O20 -> 175 | H17: ='Deployment needs'!P20 -> 262.5 | I17: ='Deployment needs'!Q20 -> 262.5 | ... FT17: ='Deployment needs'!GB20 -> 227.5 | FU17: ='Deployment needs'!C20 -> 157.5 | FV17: ='Deployment needs'!D20 -> 175 | FW17: ='Deployment needs'!E20 -> 140 | FX17: ='Deployment needs'!F20 -> 140 | FY17: ='Deployment needs'!G20 -> 175 | FZ17: ='Deployment needs'!H20 -> 122.5 | GA17: ='Deployment needs'!I20 -> 122.5 | GB17: ='Deployment needs'!J20 -> 175 | ... LY17: ='Deployment needs'!FG20 -> 455
A18: Forward Replen Completed | B18: ='Inbound SOS & EOD'!B62+'Inbound SOS & EOD'!B85 -> 0 | C18: ='Inbound SOS & EOD'!C62+'Inbound SOS & EOD'!C85 -> 97 | D18: ='Inbound SOS & EOD'!D62+'Inbound SOS & EOD'!D85 -> 324 | E18: ='Inbound SOS & EOD'!E62+'Inbound SOS & EOD'!E85 -> 241 | F18: ='Inbound SOS & EOD'!F62+'Inbound SOS & EOD'!F85 -> 185 | G18: ='Inbound SOS & EOD'!G62+'Inbound SOS & EOD'!G85 -> 28 | H18: ='Inbound SOS & EOD'!H62+'Inbound SOS & EOD'!H85 -> 0 | I18: ='Inbound SOS & EOD'!I62+'Inbound SOS & EOD'!I85 -> 0 | ... FT18: ='Inbound SOS & EOD'!FT62+'Inbound SOS & EOD'!FT85 -> 369 | FU18: ='Inbound SOS & EOD'!GB62+'Inbound SOS & EOD'!GB85 -> 0 | FV18: ='Inbound SOS & EOD'!GC62+'Inbound SOS & EOD'!GC85 -> 0 | FW18: ='Inbound SOS & EOD'!GD62+'Inbound SOS & EOD'!GD85 -> 0 | FX18: ='Inbound SOS & EOD'!GE62+'Inbound SOS & EOD'!GE85 -> 0 | FY18: ='Inbound SOS & EOD'!GF62+'Inbound SOS & EOD'!GF85 -> 1 | FZ18: ='Inbound SOS & EOD'!GG62+'Inbound SOS & EOD'!GG85 -> 0 | GA18: ='Inbound SOS & EOD'!GH62+'Inbound SOS & EOD'!GH85 -> 0 | GB18: ='Inbound SOS & EOD'!GI62+'Inbound SOS & EOD'!GI85 -> 11 | ... JZ18: ='Inbound SOS & EOD'!KG62+'Inbound SOS & EOD'!KG85 -> 976 | KA18: ='Inbound SOS & EOD'!#REF!+'Inbound SOS & EOD'!KH85 -> #REF! | KB18: ='Inbound SOS & EOD'!KI62+'Inbound SOS & EOD'!KI85 -> 141 | KC18: ='Inbound SOS & EOD'!KJ62+'Inbound SOS & EOD'!KJ85 -> 1258 | KD18: ='Inbound SOS & EOD'!KK62+'Inbound SOS & EOD'!KK85 -> 927 | KE18: ='Inbound SOS & EOD'!KL62+'Inbound SOS & EOD'!KL85 -> 757 | KF18: ='Inbound SOS & EOD'!KM62+'Inbound SOS & EOD'!KM85 -> 865 | KG18: ='Inbound SOS & EOD'!KN62+'Inbound SOS & EOD'!KN85 -> 0 | KH18: ='Inbound SOS & EOD'!KO62+'Inbound SOS & EOD'!KO85 -> 1515 | KI18: ='Inbound SOS & EOD'!KP62+'Inbound SOS & EOD'!KP85 -> 1011 | ... KU18: ='Inbound SOS & EOD'!LB62+'Inbound SOS & EOD'!LB85 -> 1265 | KV18: ='Inbound SOS & EOD'!KH62+'Inbound SOS & EOD'!LC85 -> 355 | KW18: ='Inbound SOS & EOD'!LD62+'Inbound SOS & EOD'!LD85 -> 177 | KX18: ='Inbound SOS & EOD'!LE62+'Inbound SOS & EOD'!LE85 -> 733 | KY18: ='Inbound SOS & EOD'!LF62+'Inbound SOS & EOD'!LF85 -> 694 | KZ18: ='Inbound SOS & EOD'!LG62+'Inbound SOS & EOD'!LG85 -> 367 | LA18: ='Inbound SOS & EOD'!LH62+'Inbound SOS & EOD'!LH85 -> 965 | LB18: ='Inbound SOS & EOD'!LI62+'Inbound SOS & EOD'!LI85 -> 0 | LC18: ='Inbound SOS & EOD'!LJ62+'Inbound SOS & EOD'!LJ85 -> 0 | LD18: ='Inbound SOS & EOD'!LK62+'Inbound SOS & EOD'!LK85 -> 0 | ... LR18: ='Inbound SOS & EOD'!LY62+'Inbound SOS & EOD'!LY85 -> 0 | LS18: ='Inbound SOS & EOD'!#REF!+'Inbound SOS & EOD'!#REF! -> #REF! | LT18: ='Inbound SOS & EOD'!#REF!+'Inbound SOS & EOD'!#REF! -> #REF! | LU18: ='Inbound SOS & EOD'!#REF!+'Inbound SOS & EOD'!#REF! -> #REF! | LV18: ='Inbound SOS & EOD'!#REF!+'Inbound SOS & EOD'!#REF! -> #REF! | LW18: ='Inbound SOS & EOD'!#REF!+'Inbound SOS & EOD'!#REF! -> #REF! | LX18: ='Inbound SOS & EOD'!#REF!+'Inbound SOS & EOD'!#REF! -> #REF! | LY18: ='Inbound SOS & EOD'!#REF!+'Inbound SOS & EOD'!#REF! -> #REF!
A19: Wave Deman Replen Completed | B19: ='Inbound SOS & EOD'!B61+'Inbound SOS & EOD'!B84 -> 57 | C19: ='Inbound SOS & EOD'!C61+'Inbound SOS & EOD'!C84 -> 31 | D19: ='Inbound SOS & EOD'!D61+'Inbound SOS & EOD'!D84 -> 33 | E19: ='Inbound SOS & EOD'!E61+'Inbound SOS & EOD'!E84 -> 28 | F19: ='Inbound SOS & EOD'!F61+'Inbound SOS & EOD'!F84 -> 11 | G19: ='Inbound SOS & EOD'!G61+'Inbound SOS & EOD'!G84 -> 10 | H19: ='Inbound SOS & EOD'!H61+'Inbound SOS & EOD'!H84 -> 15 | I19: ='Inbound SOS & EOD'!I61+'Inbound SOS & EOD'!I84 -> 32 | ... FD19: ='Inbound SOS & EOD'!FD61+'Inbound SOS & EOD'!FD84 -> 216 | FE19: ='Inbound SOS & EOD'!FE62+'Inbound SOS & EOD'!FE84 -> 72 | FF19: ='Inbound SOS & EOD'!FF61+'Inbound SOS & EOD'!FF84 -> 16 | FG19: ='Inbound SOS & EOD'!FG61+'Inbound SOS & EOD'!FG84 -> 115 | FH19: ='Inbound SOS & EOD'!FH61+'Inbound SOS & EOD'!FH84 -> 140 | FI19: ='Inbound SOS & EOD'!FI61+'Inbound SOS & EOD'!FI84 -> 57 | FJ19: ='Inbound SOS & EOD'!FJ61+'Inbound SOS & EOD'!FJ84 -> 110 | FK19: ='Inbound SOS & EOD'!FK61+'Inbound SOS & EOD'!FK84 -> 85 | FL19: ='Inbound SOS & EOD'!FL61+'Inbound SOS & EOD'!FL84 -> 21 | FM19: ='Inbound SOS & EOD'!FM61+'Inbound SOS & EOD'!FM84 -> 103 | ... FT19: ='Inbound SOS & EOD'!FT61+'Inbound SOS & EOD'!FT84 -> 305 | FU19: ='Inbound SOS & EOD'!GB61+'Inbound SOS & EOD'!GB84 -> 136 | FV19: ='Inbound SOS & EOD'!GC61+'Inbound SOS & EOD'!GC84 -> 102 | FW19: ='Inbound SOS & EOD'!GD61+'Inbound SOS & EOD'!GD84 -> 83 | FX19: ='Inbound SOS & EOD'!GE61+'Inbound SOS & EOD'!GE84 -> 96 | FY19: ='Inbound SOS & EOD'!GF61+'Inbound SOS & EOD'!GF84 -> 159 | FZ19: ='Inbound SOS & EOD'!GG61+'Inbound SOS & EOD'!GG84 -> 160 | GA19: ='Inbound SOS & EOD'!GH61+'Inbound SOS & EOD'!GH84 -> 159 | GB19: ='Inbound SOS & EOD'!GI61+'Inbound SOS & EOD'!GI84 -> 239 | ... JZ19: ='Inbound SOS & EOD'!KG61+'Inbound SOS & EOD'!KG84 -> 28 | KA19: ='Inbound SOS & EOD'!#REF!+'Inbound SOS & EOD'!KH84 -> #REF! | KB19: ='Inbound SOS & EOD'!KI61+'Inbound SOS & EOD'!KI84 -> 93 | KC19: ='Inbound SOS & EOD'!KJ61+'Inbound SOS & EOD'!KJ84 -> 145 | KD19: ='Inbound SOS & EOD'!KK61+'Inbound SOS & EOD'!KK84 -> 187 | KE19: ='Inbound SOS & EOD'!KL61+'Inbound SOS & EOD'!KL84 -> 211 | KF19: ='Inbound SOS & EOD'!KM61+'Inbound SOS & EOD'!KM84 -> 313 | KG19: ='Inbound SOS & EOD'!KN61+'Inbound SOS & EOD'!KN84 -> 0 | KH19: ='Inbound SOS & EOD'!KO61+'Inbound SOS & EOD'!KO84 -> 275 | KI19: ='Inbound SOS & EOD'!KP61+'Inbound SOS & EOD'!KP84 -> 163 | ... KU19: ='Inbound SOS & EOD'!LB61+'Inbound SOS & EOD'!LB84 -> 223 | KV19: ='Inbound SOS & EOD'!KH61+'Inbound SOS & EOD'!LC84 -> 30 | KW19: ='Inbound SOS & EOD'!LD61+'Inbound SOS & EOD'!LD84 -> 107 | KX19: ='Inbound SOS & EOD'!LE61+'Inbound SOS & EOD'!LE84 -> 224 | KY19: ='Inbound SOS & EOD'!LF61+'Inbound SOS & EOD'!LF84 -> 615 | KZ19: ='Inbound SOS & EOD'!LG61+'Inbound SOS & EOD'!LG84 -> 487 | LA19: ='Inbound SOS & EOD'!LH61+'Inbound SOS & EOD'!LH84 -> 334 | LB19: ='Inbound SOS & EOD'!LI61+'Inbound SOS & EOD'!LI84 -> 194 | LC19: ='Inbound SOS & EOD'!LJ61+'Inbound SOS & EOD'!LJ84 -> 110 | LD19: ='Inbound SOS & EOD'!LK61+'Inbound SOS & EOD'!LK84 -> 258 | ... LR19: ='Inbound SOS & EOD'!LY61+'Inbound SOS & EOD'!LY84 -> 93 | LS19: ='Inbound SOS & EOD'!#REF!+'Inbound SOS & EOD'!#REF! -> #REF! | LT19: ='Inbound SOS & EOD'!#REF!+'Inbound SOS & EOD'!#REF! -> #REF! | LU19: ='Inbound SOS & EOD'!#REF!+'Inbound SOS & EOD'!#REF! -> #REF! | LV19: ='Inbound SOS & EOD'!#REF!+'Inbound SOS & EOD'!#REF! -> #REF! | LW19: ='Inbound SOS & EOD'!#REF!+'Inbound SOS & EOD'!#REF! -> #REF! | LX19: ='Inbound SOS & EOD'!#REF!+'Inbound SOS & EOD'!#REF! -> #REF! | LY19: ='Inbound SOS & EOD'!#REF!+'Inbound SOS & EOD'!#REF! -> #REF!
A20: Reset Replen Completed | B20: ='Inbound SOS & EOD'!B63+'Inbound SOS & EOD'!B86 -> 1 | C20: ='Inbound SOS & EOD'!C63+'Inbound SOS & EOD'!C86 -> 6 | D20: ='Inbound SOS & EOD'!D63+'Inbound SOS & EOD'!D86 -> 1 | E20: ='Inbound SOS & EOD'!E63+'Inbound SOS & EOD'!E86 -> 7 | F20: ='Inbound SOS & EOD'!F63+'Inbound SOS & EOD'!F86 -> 6 | G20: ='Inbound SOS & EOD'!G63+'Inbound SOS & EOD'!G86 -> 0 | H20: ='Inbound SOS & EOD'!H63+'Inbound SOS & EOD'!H86 -> 3 | I20: ='Inbound SOS & EOD'!I63+'Inbound SOS & EOD'!I86 -> 0 | ... FT20: ='Inbound SOS & EOD'!FT63+'Inbound SOS & EOD'!FT86 -> 23 | FU20: ='Inbound SOS & EOD'!GB63+'Inbound SOS & EOD'!GB86 -> 46 | FV20: ='Inbound SOS & EOD'!GC63+'Inbound SOS & EOD'!GC86 -> 59 | FW20: ='Inbound SOS & EOD'!GD63+'Inbound SOS & EOD'!GD86 -> 26 | FX20: ='Inbound SOS & EOD'!GE63+'Inbound SOS & EOD'!GE86 -> 33 | FY20: ='Inbound SOS & EOD'!GF63+'Inbound SOS & EOD'!GF86 -> 40 | FZ20: ='Inbound SOS & EOD'!GG63+'Inbound SOS & EOD'!GG86 -> 44 | GA20: ='Inbound SOS & EOD'!GH63+'Inbound SOS & EOD'!GH86 -> 38 | GB20: ='Inbound SOS & EOD'!GI63+'Inbound SOS & EOD'!GI86 -> 68 | ... JZ20: ='Inbound SOS & EOD'!KG63+'Inbound SOS & EOD'!KG86 -> 222 | KA20: ='Inbound SOS & EOD'!#REF!+'Inbound SOS & EOD'!KH86 -> #REF! | KB20: ='Inbound SOS & EOD'!KI63+'Inbound SOS & EOD'!KI86 -> 215 | KC20: ='Inbound SOS & EOD'!KJ63+'Inbound SOS & EOD'!KJ86 -> 255 | KD20: ='Inbound SOS & EOD'!KK63+'Inbound SOS & EOD'!KK86 -> 369 | KE20: ='Inbound SOS & EOD'!KL63+'Inbound SOS & EOD'!KL86 -> 459 | KF20: ='Inbound SOS & EOD'!KM63+'Inbound SOS & EOD'!KM86 -> 468 | KG20: ='Inbound SOS & EOD'!KN63+'Inbound SOS & EOD'!KN86 -> 0 | KH20: ='Inbound SOS & EOD'!KO63+'Inbound SOS & EOD'!KO86 -> 298 | KI20: ='Inbound SOS & EOD'!KP63+'Inbound SOS & EOD'!KP86 -> 401 | ... KU20: ='Inbound SOS & EOD'!LB63+'Inbound SOS & EOD'!LB86 -> 250 | KV20: ='Inbound SOS & EOD'!KH63+'Inbound SOS & EOD'!LC86 -> 40 | KW20: ='Inbound SOS & EOD'!LD63+'Inbound SOS & EOD'!LD86 -> 50 | KX20: ='Inbound SOS & EOD'!LE63+'Inbound SOS & EOD'!LE86 -> 196 | KY20: ='Inbound SOS & EOD'!LF63+'Inbound SOS & EOD'!LF86 -> 252 | KZ20: ='Inbound SOS & EOD'!LG63+'Inbound SOS & EOD'!LG86 -> 159 | LA20: ='Inbound SOS & EOD'!LH63+'Inbound SOS & EOD'!LH86 -> 295 | LB20: ='Inbound SOS & EOD'!LI63+'Inbound SOS & EOD'!LI86 -> 62 | LC20: ='Inbound SOS & EOD'!LJ63+'Inbound SOS & EOD'!LJ86 -> 56 | LD20: ='Inbound SOS & EOD'!LK63+'Inbound SOS & EOD'!LK86 -> 39 | ... LR20: ='Inbound SOS & EOD'!LY63+'Inbound SOS & EOD'!LY86 -> 1 | LS20: ='Inbound SOS & EOD'!#REF!+'Inbound SOS & EOD'!#REF! -> #REF! | LT20: ='Inbound SOS & EOD'!#REF!+'Inbound SOS & EOD'!#REF! -> #REF! | LU20: ='Inbound SOS & EOD'!#REF!+'Inbound SOS & EOD'!#REF! -> #REF! | LV20: ='Inbound SOS & EOD'!#REF!+'Inbound SOS & EOD'!#REF! -> #REF! | LW20: ='Inbound SOS & EOD'!#REF!+'Inbound SOS & EOD'!#REF! -> #REF! | LX20: ='Inbound SOS & EOD'!#REF!+'Inbound SOS & EOD'!#REF! -> #REF! | LY20: ='Inbound SOS & EOD'!#REF!+'Inbound SOS & EOD'!#REF! -> #REF!
A21: Active Put Away Completed | B21: ='Inbound SOS & EOD'!B64+'Inbound SOS & EOD'!B87 -> 0 | C21: ='Inbound SOS & EOD'!C64+'Inbound SOS & EOD'!C87 -> 0 | D21: ='Inbound SOS & EOD'!D64+'Inbound SOS & EOD'!D87 -> 0 | E21: ='Inbound SOS & EOD'!E64+'Inbound SOS & EOD'!E87 -> 0 | F21: ='Inbound SOS & EOD'!F64+'Inbound SOS & EOD'!F87 -> 185 | G21: ='Inbound SOS & EOD'!G64+'Inbound SOS & EOD'!G87 -> 188 | H21: ='Inbound SOS & EOD'!H64+'Inbound SOS & EOD'!H87 -> 21 | I21: ='Inbound SOS & EOD'!I64+'Inbound SOS & EOD'!I87 -> 0 | ... KG21: ='Inbound SOS & EOD'!KG64+'Inbound SOS & EOD'!KG87 -> 4 | KH21: ='Inbound SOS & EOD'!#REF!+'Inbound SOS & EOD'!KH87 -> #REF! | KI21: ='Inbound SOS & EOD'!KI64+'Inbound SOS & EOD'!KI87 -> 0 | KJ21: ='Inbound SOS & EOD'!KJ64+'Inbound SOS & EOD'!KJ87 -> 0 | KK21: ='Inbound SOS & EOD'!KK64+'Inbound SOS & EOD'!KK87 -> 16 | KL21: ='Inbound SOS & EOD'!KL64+'Inbound SOS & EOD'!KL87 -> 0 | KM21: ='Inbound SOS & EOD'!KM64+'Inbound SOS & EOD'!KM87 -> 0 | KN21: ='Inbound SOS & EOD'!KN64+'Inbound SOS & EOD'!KN87 -> 0 | KO21: ='Inbound SOS & EOD'!KO64+'Inbound SOS & EOD'!KO87 -> 0 | KP21: ='Inbound SOS & EOD'!KP64+'Inbound SOS & EOD'!KP87 -> 0 | ... LB21: ='Inbound SOS & EOD'!LB64+'Inbound SOS & EOD'!LB87 -> 30 | LC21: ='Inbound SOS & EOD'!KH64+'Inbound SOS & EOD'!LC87 -> 0 | LD21: ='Inbound SOS & EOD'!LD64+'Inbound SOS & EOD'!LD87 -> 0 | LE21: ='Inbound SOS & EOD'!LE64+'Inbound SOS & EOD'!LE87 -> 0 | LF21: ='Inbound SOS & EOD'!LF64+'Inbound SOS & EOD'!LF87 -> 104 | LG21: ='Inbound SOS & EOD'!LG64+'Inbound SOS & EOD'!LG87 -> 65 | LH21: ='Inbound SOS & EOD'!LH64+'Inbound SOS & EOD'!LH87 -> 1 | LI21: ='Inbound SOS & EOD'!LI64+'Inbound SOS & EOD'!LI87 -> 1 | LJ21: ='Inbound SOS & EOD'!LJ64+'Inbound SOS & EOD'!LJ87 -> 1 | LK21: ='Inbound SOS & EOD'!LK64+'Inbound SOS & EOD'!LK87 -> 0 | ... LY21: ='Inbound SOS & EOD'!LY64+'Inbound SOS & EOD'!LY87 -> 22
A22: Actual Capacity | B22: ='Inbound SOS & EOD'!B18 -> 71722 | C22: ='Inbound SOS & EOD'!C18 -> 71722 | D22: ='Inbound SOS & EOD'!D18 -> 71864 | E22: ='Inbound SOS & EOD'!E18 -> 72457 | F22: ='Inbound SOS & EOD'!F18 -> 72485 | G22: ='Inbound SOS & EOD'!G18 -> 72375 | H22: ='Inbound SOS & EOD'!H18 -> 72284 | I22: ='Inbound SOS & EOD'!I18 -> 72196 | ... LY22: ='Inbound SOS & EOD'!LY18 -> 63560

Sheet Returns
B1: Sunday | C1: Monday | D1: Tuesday | E1: Wednesday | F1: Thursday | G1: Friday | H1: Saturday | I1: Sunday | J1: Monday | K1: Tuesday | L1: Wednesday | M1: Thursday | N1: Friday | O1: Saturday | P1: Sunday | Q1: Monday | R1: Tuesday | S1: Wednesday | T1: Thursday | U1: Friday | V1: Saturday | W1: Sunday | X1: Monday | Y1: Tuesday | Z1: Wednesday | AA1: Thursday | AB1: Friday | AC1: Saturday | AD1: Sunday | AE1: Monday | AF1: Tuesday | AG1: Wednesday | AH1: Thursday | AI1: Friday | AJ1: Saturday | AK1: Sunday | AL1: Monday | AM1: Tuesday | AN1: Wednesday | AO1: Thursday | AP1: Friday | AQ1: Saturday | AR1: Sunday | AS1: Monday | AT1: Tuesday | AU1: Wednesday | AV1: Thursday | AW1: Friday | AX1: Saturday | AY1: Sunday | AZ1: Monday | BA1: Tuesday | BB1: Wednesday | BC1: Thursday | BD1: Friday | BE1: Saturday | BF1: Sunday | BG1: Monday | BH1: Tuesday | BI1: Wednesday | BJ1: Thursday | BK1: Friday | BL1: Saturday | BM1: Sunday | BN1: Monday | BO1: Tuesday | BP1: Wednesday | BQ1: Thursday | BR1: Friday | BS1: Saturday | BT1: Sunday | BU1: Monday | BV1: Tuesday | BW1: Wednesday | BX1: Thursday | BY1: Friday | BZ1: Saturday | CA1: Sunday | CB1: Monday | CC1: Tuesday | CD1: Wednesday | CE1: Thursday | CF1: Friday | CG1: Saturday | CH1: Sunday | CI1: Monday | CJ1: Tuesday | CK1: Wednesday | CL1: Thursday | CM1: Friday | CN1: Saturday | CO1: Sunday | CP1: Monday | CQ1: Tuesday | CR1: Wednesday | CS1: Thursday | CT1: Friday | CU1: Saturday | CV1: Sunday | CW1: Monday | CX1: Tuesday | CY1: Wednesday | CZ1: Thursday | DA1: Friday | DB1: Saturday | DC1: Sunday | DD1: Monday | DE1: Tuesday | DF1: Wednesday | DG1: Thursday | DH1: Friday | DI1: Saturday | DJ1: Sunday | DK1: Monday | DL1: Tuesday | DM1: Wednesday | DN1: Thursday | DO1: Friday | DP1: Saturday | DQ1: Sunday | DR1: Monday | DS1: Tuesday | DT1: Wednesday | DU1: Thursday | DV1: Friday | DW1: Saturday | DX1: Sunday | DY1: Monday | DZ1: Tuesday | EA1: Wednesday | EB1: Thursday | EC1: Friday | ED1: Saturday | EE1: Sunday | EF1: Monday | EG1: Tuesday | EH1: Wednesday | EI1: Thursday | EJ1: Friday | EK1: Saturday | EL1: Sunday | EM1: Monday | EN1: Tuesday | EO1: Wednesday | EP1: Thursday | EQ1: Friday | ER1: Saturday | ES1: Sunday | ET1: Monday | EU1: Tuesday | EV1: Wednesday | EW1: Thursday | EX1: Friday | EY1: Saturday | EZ1: Sunday | FA1: Monday | FB1: Tuesday | FC1: Wednesday | FD1: Thursday | FE1: Friday | FF1: Saturday | FG1: Sunday | FH1: Monday | FI1: Tuesday | FJ1: Wednesday | FK1: Thursday | FL1: Friday | FM1: Saturday | FN1: Sunday | FO1: Monday | FP1: Tuesday | FQ1: Wednesday | FR1: Thursday | FS1: Friday | FT1: Saturday | FU1: Sunday | FV1: Monday | FW1: Tuesday | FX1: Wednesday | FY1: Thursday | FZ1: Friday | GA1: Saturday | GB1: Sunday | GC1: Monday | GD1: Tuesday | GE1: Wednesday | GF1: Thursday | GG1: Friday | GH1: Saturday | GI1: Sunday | GJ1: Monday | GK1: Tuesday | GL1: Wednesday | GM1: Thursday | GN1: Friday | GO1: Saturday | GP1: Sunday | GQ1: Monday | GR1: Tuesday | GS1: Wednesday | GT1: Thursday | GU1: Friday | GV1: Saturday | GW1: Sunday | GX1: Monday | GY1: Tuesday | GZ1: Wednesday | HA1: Thursday | HB1: Friday | HC1: Saturday | HD1: Sunday | HE1: Monday | HF1: Tuesday | HG1: Wednesday | HH1: Thursday | HI1: Friday | HJ1: Saturday | HK1: Sunday | HL1: Monday | HM1: Tuesday | HN1: Wednesday | HO1: Thursday | HP1: Friday | HQ1: Saturday | HR1: Sunday | HS1: Monday | HT1: Tuesday | HU1: Wednesday | HV1: Thursday | HW1: Friday | HX1: Saturday | HY1: Sunday | HZ1: Monday | IA1: Tuesday | IB1: Wednesday | IC1: Thursday | ID1: Friday | IE1: Saturday | IF1: Sunday | IG1: Monday | IH1: Tuesday | II1: Wednesday | IJ1: Thursday | IK1: Friday | IL1: Saturday | IM1: Sunday | IN1: Monday | IO1: Tuesday | IP1: Wednesday | IQ1: Thursday | IR1: Friday | IS1: Saturday | IT1: Sunday | IU1: Monday | IV1: Tuesday | IW1: Wednesday | IX1: Thursday | IY1: Friday | IZ1: Saturday | JA1: Sunday | JB1: Monday | JC1: Tuesday | JD1: Wednesday | JE1: Thursday | JF1: Friday | JG1: Saturday | JH1: Sunday | JI1: Monday | JJ1: Tuesday | JK1: Wednesday | JL1: Thursday | JM1: Friday | JN1: Saturday | JO1: Sunday | JP1: Monday | JQ1: Tuesday | JR1: Wednesday | JS1: Thursday | JT1: Friday | JU1: Saturday | JV1: Sunday | JW1: Monday | JX1: Tuesday | JY1: Wednesday | JZ1: Thursday | KA1: Friday | KB1: Saturday | KC1: Sunday | KD1: Monday | KE1: Tuesday | KF1: Wednesday | KG1: Thursday | KH1: Friday | KI1: Saturday | KJ1: Sunday | KK1: Monday | KL1: Tuesday | KM1: Wednesday | KN1: Thursday | KO1: Friday | KP1: Saturday | KQ1: Sunday | KR1: Monday | KS1: Tuesday | KT1: Wednesday | KU1: Thursday | KV1: Friday | KW1: Saturday | KX1: Sunday | KY1: Monday | KZ1: Tuesday | LA1: Wednesday | LB1: Thursday | LC1: Friday | LD1: Saturday | LE1: Sunday | LF1: Monday | LG1: Tuesday | LH1: Wednesday | LI1: Thursday | LJ1: Friday | LK1: Saturday | LL1: Sunday | LM1: Monday | LN1: Tuesday | LO1: Wednesday | LP1: Thursday | LQ1: Friday | LR1: Saturday | LS1: Sunday | LT1: Monday | LU1: Tuesday | LV1: Wednesday | LW1: Thursday | LX1: Friday | LY1: Saturday | LZ1: Sunday | MA1: Monday | MB1: Tuesday | MC1: Wednesday | MD1: Thursday | ME1: Friday | MF1: Saturday | MG1: Sunday | MH1: Monday | MI1: Tuesday | MJ1: Wednesday | MK1: Thursday | ML1: Friday | MM1: Saturday | MN1: Sunday | MO1: Monday | MP1: Tuesday | MQ1: Wednesday | MR1: Thursday | MS1: Friday | MT1: Saturday | MU1: Sunday | MV1: Monday | MW1: Tuesday | MX1: Wednesday | MY1: Thursday | MZ1: Friday | NA1: Saturday
B2: 45326 | C2: 45327 | D2: 45328 | E2: 45329 | F2: 45330 | G2: 45331 | H2: 45332 | I2: 45333 | J2: 45334 | K2: 45335 | L2: 45336 | M2: 45337 | N2: 45338 | O2: 45339 | P2: 45340 | Q2: 45341 | R2: 45342 | S2: 45343 | T2: 45344 | U2: 45345 | V2: 45346 | W2: 45347 | X2: 45348 | Y2: 45349 | Z2: 45350 | AA2: 45351 | AB2: 45352 | AC2: 45353 | AD2: 45354 | AE2: 45355 | AF2: 45356 | AG2: 45357 | AH2: 45358 | AI2: 45359 | AJ2: 45360 | AK2: 45361 | AL2: 45362 | AM2: 45363 | AN2: 45364 | AO2: 45365 | AP2: 45366 | AQ2: 45367 | AR2: 45368 | AS2: 45369 | AT2: 45370 | AU2: 45371 | AV2: 45372 | AW2: 45373 | AX2: 45374 | AY2: 45375 | AZ2: 45376 | BA2: 45377 | BB2: 45378 | BC2: 45379 | BD2: 45380 | BE2: 45381 | BF2: 45382 | BG2: 45383 | BH2: 45384 | BI2: 45385 | BJ2: 45386 | BK2: 45387 | BL2: 45388 | BM2: 45389 | BN2: 45390 | BO2: 45391 | BP2: 45392 | BQ2: 45393 | BR2: 45394 | BS2: 45395 | BT2: 45396 | BU2: 45397 | BV2: 45398 | BW2: 45399 | BX2: 45400 | BY2: 45401 | BZ2: 45402 | CA2: 45403 | CB2: 45404 | CC2: 45405 | CD2: 45406 | CE2: 45407 | CF2: 45408 | CG2: 45409 | CH2: 45410 | CI2: 45411 | CJ2: 45412 | CK2: 45413 | CL2: 45414 | CM2: 45415 | CN2: 45416 | CO2: 45417 | CP2: 45418 | CQ2: 45419 | CR2: 45420 | CS2: 45421 | CT2: 45422 | CU2: 45423 | CV2: 45424 | CW2: 45425 | CX2: 45426 | CY2: 45427 | CZ2: 45428 | DA2: 45429 | DB2: 45430 | DC2: 45431 | DD2: 45432 | DE2: 45433 | DF2: 45434 | DG2: 45435 | DH2: 45436 | DI2: 45437 | DJ2: 45438 | DK2: 45439 | DL2: 45440 | DM2: 45441 | DN2: 45442 | DO2: 45443 | DP2: 45444 | DQ2: 45445 | DR2: 45446 | DS2: 45447 | DT2: 45448 | DU2: 45449 | DV2: 45450 | DW2: 45451 | DX2: 45452 | DY2: 45453 | DZ2: 45454 | EA2: 45455 | EB2: 45456 | EC2: 45457 | ED2: 45458 | EE2: 45459 | EF2: 45460 | EG2: 45461 | EH2: 45462 | EI2: 45463 | EJ2: 45464 | EK2: 45465 | EL2: 45466 | EM2: 45467 | EN2: 45468 | EO2: 45469 | EP2: 45470 | EQ2: 45471 | ER2: 45472 | ES2: 45473 | ET2: 45474 | EU2: 45475 | EV2: 45476 | EW2: 45477 | EX2: 45478 | EY2: 45479 | EZ2: 45480 | FA2: 45481 | FB2: 45482 | FC2: 45483 | FD2: 45484 | FE2: 45485 | FF2: 45486 | FG2: 45487 | FH2: 45488 | FI2: 45489 | FJ2: 45490 | FK2: 45491 | FL2: 45492 | FM2: 45493 | FN2: 45494 | FO2: 45495 | FP2: 45496 | FQ2: 45497 | FR2: 45498 | FS2: 45499 | FT2: 45500 | FU2: 45501 | FV2: 45502 | FW2: 45503 | FX2: 45504 | FY2: 45505 | FZ2: 45506 | GA2: 45507 | GB2: 45508 | GC2: 45509 | GD2: 45510 | GE2: 45511 | GF2: 45512 | GG2: 45513 | GH2: 45514 | GI2: 45515 | GJ2: 45516 | GK2: 45517 | GL2: 45518 | GM2: 45519 | GN2: 45520 | GO2: 45521 | GP2: 45522 | GQ2: 45523 | GR2: 45524 | GS2: 45525 | GT2: 45526 | GU2: 45527 | GV2: 45528 | GW2: 45529 | GX2: 45530 | GY2: 45531 | GZ2: 45532 | HA2: 45533 | HB2: 45534 | HC2: 45535 | HD2: 45536 | HE2: 45537 | HF2: 45538 | HG2: 45539 | HH2: 45540 | HI2: 45541 | HJ2: 45542 | HK2: 45543 | HL2: 45544 | HM2: 45545 | HN2: 45546 | HO2: 45547 | HP2: 45548 | HQ2: 45549 | HR2: 45550 | HS2: 45551 | HT2: 45552 | HU2: 45553 | HV2: 45554 | HW2: 45555 | HX2: 45556 | HY2: 45557 | HZ2: 45558 | IA2: 45559 | IB2: 45560 | IC2: 45561 | ID2: 45562 | IE2: 45563 | IF2: 45564 | IG2: 45565 | IH2: 45566 | II2: 45567 | IJ2: 45568 | IK2: 45569 | IL2: 45570 | IM2: 45571 | IN2: 45572 | IO2: 45573 | IP2: 45574 | IQ2: 45575 | IR2: 45576 | IS2: 45577 | IT2: 45578 | IU2: 45579 | IV2: 45580 | IW2: 45581 | IX2: 45582 | IY2: 45583 | IZ2: 45584 | JA2: 45585 | JB2: 45586 | JC2: 45587 | JD2: 45588 | JE2: 45589 | JF2: 45590 | JG2: 45591 | JH2: 45592 | JI2: 45593 | JJ2: 45594 | JK2: 45595 | JL2: 45596 | JM2: 45597 | JN2: 45598 | JO2: 45599 | JP2: 45600 | JQ2: 45601 | JR2: 45602 | JS2: 45603 | JT2: 45604 | JU2: 45605 | JV2: 45606 | JW2: 45607 | JX2: 45608 | JY2: 45609 | JZ2: 45610 | KA2: 45611 | KB2: 45612 | KC2: 45613 | KD2: 45614 | KE2: 45615 | KF2: 45616 | KG2: 45617 | KH2: 45618 | KI2: 45619 | KJ2: 45620 | KK2: 45621 | KL2: 45622 | KM2: 45623 | KN2: 45624 | KO2: 45625 | KP2: 45626 | KQ2: 45627 | KR2: 45628 | KS2: 45629 | KT2: 45630 | KU2: 45631 | KV2: 45632 | KW2: 45633 | KX2: 45634 | KY2: 45635 | KZ2: 45636 | LA2: 45637 | LB2: 45638 | LC2: 45639 | LD2: 45640 | LE2: 45641 | LF2: 45642 | LG2: 45643 | LH2: 45644 | LI2: 45645 | LJ2: 45646 | LK2: 45647 | LL2: 45648 | LM2: 45649 | LN2: 45650 | LO2: 45651 | LP2: 45652 | LQ2: 45653 | LR2: 45654 | LS2: 45655 | LT2: 45656 | LU2: 45657 | LV2: 45658 | LW2: 45659 | LX2: 45660 | LY2: 45661 | LZ2: 45662 | MA2: 45663 | MB2: 45664 | MC2: 45665 | MD2: 45666 | ME2: 45667 | MF2: 45668 | MG2: 45669 | MH2: 45670 | MI2: 45671 | MJ2: 45672 | MK2: 45673 | ML2: 45674 | MM2: 45675 | MN2: 45676 | MO2: 45677 | MP2: 45678 | MQ2: 45679 | MR2: 45680 | MS2: 45681 | MT2: 45682 | MU2: 45683 | MV2: 45684 | MW2: 45685 | MX2: 45686 | MY2: 45687 | MZ2: 45688 | NA2: 45689
A3: Opening | B3: ='Inbound SOS & EOD'!B27 -> 45326 | C3: ='Inbound SOS & EOD'!C27 -> 45674 | D3: ='Inbound SOS & EOD'!D27 -> 45328 | E3: ='Inbound SOS & EOD'!E27 -> 45329 | F3: ='Inbound SOS & EOD'!F27 -> 45330 | G3: ='Inbound SOS & EOD'!G27 -> 45331 | H3: ='Inbound SOS & EOD'!H27 -> 45332 | I3: ='Inbound SOS & EOD'!I27 -> 45333 | ... CB3: ='Inbound SOS & EOD'!CB27 -> 45402 | CC3: 45402 | CD3: ='Inbound SOS & EOD'!CD27 -> 45406 | CE3: ='Inbound SOS & EOD'!CE27 -> 45406 | CF3: ='Inbound SOS & EOD'!CF27 -> 45406 | CG3: ='Inbound SOS & EOD'!CG27 -> 45408 | CH3: ='Inbound SOS & EOD'!CH27 -> 45408 | CI3: ='Inbound SOS & EOD'!CI27 -> 45409 | CJ3: ='Inbound SOS & EOD'!CJ27 -> 45409 | CK3: ='Inbound SOS & EOD'!CK27 -> 45411 | ... CP3: ='Inbound SOS & EOD'!CP27 -> 45413 | CQ3: 45413 | CR3: ='Inbound SOS & EOD'!CR27 -> 45415 | CS3: ='Inbound SOS & EOD'!CS27 -> 45415 | CT3: ='Inbound SOS & EOD'!CT27 -> 45419 | CU3: ='Inbound SOS & EOD'!CU27 -> 45419 | CV3: ='Inbound SOS & EOD'!CV27 -> 45419 | CW3: ='Inbound SOS & EOD'!CW27 -> 45419 | CX3: ='Inbound SOS & EOD'!CX27 -> 45420 | CY3: ='Inbound SOS & EOD'!CY27 -> 45420 | ... NA3: ='Inbound SOS & EOD'!NA27 -> 45686
A4: Days Between Opening and Current Date | B4: =IF((_xlfn.DAYS(B2,B3)-3)<0,0,(_xlfn.DAYS(B2,B3)-3)) -> 0 | C4: =IF((_xlfn.DAYS(C2,C3)-3)<0,0,(_xlfn.DAYS(C2,C3)-3)) -> 0 | D4: =IF((_xlfn.DAYS(D2,D3)-3)<0,0,(_xlfn.DAYS(D2,D3)-3)) -> 0 | E4: =IF((_xlfn.DAYS(E2,E3)-3)<0,0,(_xlfn.DAYS(E2,E3)-3)) -> 0 | F4: =IF((_xlfn.DAYS(F2,F3)-3)<0,0,(_xlfn.DAYS(F2,F3)-3)) -> 0 | G4: =IF((_xlfn.DAYS(G2,G3)-3)<0,0,(_xlfn.DAYS(G2,G3)-3)) -> 0 | H4: =IF((_xlfn.DAYS(H2,H3)-3)<0,0,(_xlfn.DAYS(H2,H3)-3)) -> 0 | I4: =IF((_xlfn.DAYS(I2,I3)-3)<0,0,(_xlfn.DAYS(I2,I3)-3)) -> 0 | ... NA4: =IF((_xlfn.DAYS(NA2,NA3)-3)<0,0,(_xlfn.DAYS(NA2,NA3)-3)) -> 0
A5: Projected Delivered | B5: =(((Outbound!B10*4.6)*0.01)/2.9) -> 134.73241 | C5: =(((Outbound!C10*4.6)*0.01)/2.9) -> 135.98552 | D5: =(((Outbound!D10*4.6)*0.01)/2.9) -> 160.06414 | E5: =(((Outbound!E10*4.6)*0.01)/2.9) -> 155.05172 | F5: =(((Outbound!F10*4.6)*0.01)/2.9) -> 147.48552 | G5: =(((Outbound!G10*4.6)*0.01)/2.9) -> 154.06828 | H5: =(((Outbound!H10*4.6)*0.01)/2.9) -> 143.23448 | I5: =(((Outbound!I10*4.6)*0.01)/2.9) -> 148.62759 | ... NA5: =(((Outbound!NA10*4.6)*0.01)/2.9) -> 117.97414
A6: Expected Delivered | B6: ='Inbound SOS & EOD'!B29 -> 109 | C6: ='Inbound SOS & EOD'!C29 -> 0 | D6: ='Inbound SOS & EOD'!D29 -> 1073 | E6: ='Inbound SOS & EOD'!E29 -> 164 | F6: ='Inbound SOS & EOD'!F29 -> 184 | G6: ='Inbound SOS & EOD'!G29 -> 0 | H6: ='Inbound SOS & EOD'!H29 -> 0 | I6: ='Inbound SOS & EOD'!I29 -> 0 | ... DP6: ='Inbound SOS & EOD'!DP29 -> 340 | DQ6: 0 | DR6: ='Inbound SOS & EOD'!DR29 -> 340 | DS6: ='Inbound SOS & EOD'!DS29 -> 427 | DT6: ='Inbound SOS & EOD'!DT29 -> 0 | DU6: ='Inbound SOS & EOD'!DU29 -> 767 | DV6: ='Inbound SOS & EOD'!DV29 -> 235 | DW6: ='Inbound SOS & EOD'!DW29 -> 0 | DX6: ='Inbound SOS & EOD'!DX29 -> 205 | DY6: ='Inbound SOS & EOD'!DY29 -> 0 | ... MO6: ='Inbound SOS & EOD'!MO29 -> 1411 | MP6: 1610 | MQ6: ='Inbound SOS & EOD'!MQ29 -> 478 | MR6: ='Inbound SOS & EOD'!MR29 -> 621 | MS6: ='Inbound SOS & EOD'!MS29 -> 636 | MT6: ='Inbound SOS & EOD'!MT29 -> 0 | MU6: ='Inbound SOS & EOD'!MU29 -> 0 | MV6: ='Inbound SOS & EOD'!MV29 -> 895 | MW6: ='Inbound SOS & EOD'!MW29 -> 800 | MX6: ='Inbound SOS & EOD'!MX29 -> 813 | ... NA6: ='Inbound SOS & EOD'!NA29 -> 0 | PC6: ='Inbound SOS & EOD'!DQ29 -> 340 | PD6: ='Inbound SOS & EOD'!DR29 -> 340 | PE6: ='Inbound SOS & EOD'!DS29 -> 427 | PF6: ='Inbound SOS & EOD'!DT29 -> 0 | PG6: ='Inbound SOS & EOD'!DU29 -> 767 | PH6: ='Inbound SOS & EOD'!DV29 -> 235 | PI6: ='Inbound SOS & EOD'!DW29 -> 0 | PJ6: ='Inbound SOS & EOD'!DX29 -> 205 | ... XK6: ='Inbound SOS & EOD'!LY29 -> 0 | XL6: ='Inbound SOS & EOD'!#REF! -> #REF! | XM6: ='Inbound SOS & EOD'!#REF! -> #REF! | XN6: ='Inbound SOS & EOD'!#REF! -> #REF! | XO6: ='Inbound SOS & EOD'!#REF! -> #REF! | XP6: ='Inbound SOS & EOD'!#REF! -> #REF! | XQ6: ='Inbound SOS & EOD'!#REF! -> #REF! | XR6: ='Inbound SOS & EOD'!#REF! -> #REF! | XS6: ='Inbound SOS & EOD'!#REF! -> #REF! | ... YM6: ='Inbound SOS & EOD'!#REF! -> #REF! | YN6: ='Inbound SOS & EOD'!LZ29 -> 0 | YO6: ='Inbound SOS & EOD'!MA29 -> 1512 | YP6: ='Inbound SOS & EOD'!MB29 -> 1512 | YQ6: ='Inbound SOS & EOD'!MC29 -> 1808 | YR6: ='Inbound SOS & EOD'!MD29 -> 1558 | YS6: ='Inbound SOS & EOD'!ME29 -> 1571 | YT6: ='Inbound SOS & EOD'!MF29 -> 0 | YU6: ='Inbound SOS & EOD'!MG29 -> 0 | ... XDQ6: ='Inbound SOS & EOD'!WRC29 -> 0
A7: Delivered | B7: ='Inbound SOS & EOD'!B65+'Inbound SOS & EOD'!B88 -> 109 | C7: ='Inbound SOS & EOD'!C65+'Inbound SOS & EOD'!C88 -> 0 | D7: ='Inbound SOS & EOD'!D65+'Inbound SOS & EOD'!D88 -> 1284 | E7: ='Inbound SOS & EOD'!E65+'Inbound SOS & EOD'!E88 -> 164 | F7: ='Inbound SOS & EOD'!F65+'Inbound SOS & EOD'!F88 -> 184 | G7: ='Inbound SOS & EOD'!G65+'Inbound SOS & EOD'!G88 -> 0 | H7: ='Inbound SOS & EOD'!H65+'Inbound SOS & EOD'!H88 -> 820 | I7: ='Inbound SOS & EOD'!I65+'Inbound SOS & EOD'!I88 -> 0 | ... KG7: ='Inbound SOS & EOD'!KG65+'Inbound SOS & EOD'!KG88 -> 1040 | KH7: ='Inbound SOS & EOD'!#REF!+'Inbound SOS & EOD'!KH88 -> #REF! | KI7: ='Inbound SOS & EOD'!KI65+'Inbound SOS & EOD'!KI88 -> 0 | KJ7: ='Inbound SOS & EOD'!KJ65+'Inbound SOS & EOD'!KJ88 -> 0 | KK7: ='Inbound SOS & EOD'!KK65+'Inbound SOS & EOD'!KK88 -> 808 | KL7: ='Inbound SOS & EOD'!KL65+'Inbound SOS & EOD'!KL88 -> 1568 | KM7: ='Inbound SOS & EOD'!KM65+'Inbound SOS & EOD'!KM88 -> 852 | KN7: ='Inbound SOS & EOD'!KN65+'Inbound SOS & EOD'!KN88 -> 0 | KO7: ='Inbound SOS & EOD'!KO65+'Inbound SOS & EOD'!KO88 -> 835 | KP7: ='Inbound SOS & EOD'!KP65+'Inbound SOS & EOD'!KP88 -> 0 | ... LB7: ='Inbound SOS & EOD'!LB65+'Inbound SOS & EOD'!LB88 -> 1016 | LC7: ='Inbound SOS & EOD'!KH65+'Inbound SOS & EOD'!LC88 -> 938 | LD7: ='Inbound SOS & EOD'!LD65+'Inbound SOS & EOD'!LD88 -> 0 | LE7: ='Inbound SOS & EOD'!LE65+'Inbound SOS & EOD'!LE88 -> 0 | LF7: ='Inbound SOS & EOD'!LF65+'Inbound SOS & EOD'!LF88 -> 1455 | LG7: ='Inbound SOS & EOD'!LG65+'Inbound SOS & EOD'!LG88 -> 1987 | LH7: ='Inbound SOS & EOD'!LH65+'Inbound SOS & EOD'!LH88 -> 964 | LI7: ='Inbound SOS & EOD'!LI65+'Inbound SOS & EOD'!LI88 -> 1167 | LJ7: ='Inbound SOS & EOD'!LJ65+'Inbound SOS & EOD'!LJ88 -> 1267 | LK7: ='Inbound SOS & EOD'!LK65+'Inbound SOS & EOD'!LK88 -> 0 | ... NA7: ='Inbound SOS & EOD'!NA65+'Inbound SOS & EOD'!NA88 -> 0
A8: Delivered vs. Expected | B8: =B7-B6 -> 0 | C8: =C7-C6 -> 0 | D8: =D7-D6 -> 211 | E8: =E7-E6 -> 0 | F8: =F7-F6 -> 0 | G8: =G7-G6 -> 0 | H8: =H7-H6 -> 820 | I8: =I7-I6 -> 0 | ... NA8: =NA7-NA6 -> 0
A9: AM Shift Units Processed | B9: ='Inbound SOS & EOD'!B66 -> 1076 | C9: ='Inbound SOS & EOD'!C66 -> 1140 | D9: ='Inbound SOS & EOD'!D66 -> 0 | E9: ='Inbound SOS & EOD'!E66 -> 1066 | F9: ='Inbound SOS & EOD'!F66 -> 152 | G9: ='Inbound SOS & EOD'!G66 -> 149 | H9: ='Inbound SOS & EOD'!H66 -> 0 | I9: ='Inbound SOS & EOD'!I66 -> 505 | ... GT9: ='Inbound SOS & EOD'!GT66 -> 338 | GU9: ='Inbound SOS & EOD'!GU65 -> 97 | GV9: ='Inbound SOS & EOD'!GV66 -> 216 | GW9: ='Inbound SOS & EOD'!GW66 -> 0 | GX9: ='Inbound SOS & EOD'!GX66 -> 266 | GY9: ='Inbound SOS & EOD'!GY66 -> 496 | GZ9: ='Inbound SOS & EOD'!GZ66 -> 546 | HA9: ='Inbound SOS & EOD'!HA66 -> 573 | HB9: ='Inbound SOS & EOD'!HB66 -> 0 | HC9: ='Inbound SOS & EOD'!HC66 -> 278 | ... IP9: ='Inbound SOS & EOD'!IP66 -> 660 | IQ9: ='Inbound SOS & EOD'!IQ67 -> 210 | IR9: ='Inbound SOS & EOD'!IR66 -> 166 | IS9: ='Inbound SOS & EOD'!IS66 -> 0 | IT9: ='Inbound SOS & EOD'!IT66 -> 486 | IU9: ='Inbound SOS & EOD'!IU66 -> 280 | IV9: ='Inbound SOS & EOD'!IV66 -> 1101 | IW9: ='Inbound SOS & EOD'!IW66 -> 476 | IX9: ='Inbound SOS & EOD'!IX66 -> 370 | IY9: ='Inbound SOS & EOD'!IY66 -> 1156 | ... KG9: ='Inbound SOS & EOD'!KG66 -> 295 | KH9: ='Inbound SOS & EOD'!#REF! -> #REF! | KI9: ='Inbound SOS & EOD'!KI66 -> 544 | KJ9: ='Inbound SOS & EOD'!KJ66 -> 1858 | KK9: ='Inbound SOS & EOD'!KK66 -> 1864 | KL9: ='Inbound SOS & EOD'!KL66 -> 2146 | KM9: ='Inbound SOS & EOD'!KM66 -> 2539 | KN9: ='Inbound SOS & EOD'!KN66 -> 0 | KO9: ='Inbound SOS & EOD'!KO66 -> 1894 | KP9: ='Inbound SOS & EOD'!KP66 -> 2270 | ... LB9: ='Inbound SOS & EOD'!LB66 -> 1057 | LC9: ='Inbound SOS & EOD'!KH66 -> 1560 | LD9: ='Inbound SOS & EOD'!LD66 -> 0 | LE9: ='Inbound SOS & EOD'!LE66 -> 0 | LF9: ='Inbound SOS & EOD'!LF66 -> 1064 | LG9: ='Inbound SOS & EOD'!LG66 -> 1098 | LH9: ='Inbound SOS & EOD'!LH66 -> 963 | LI9: ='Inbound SOS & EOD'!LI66 -> 2843 | LJ9: ='Inbound SOS & EOD'!LJ66 -> 1735 | LK9: ='Inbound SOS & EOD'!LK66 -> 0 | ... NA9: ='Inbound SOS & EOD'!NA66 -> 563
A10: 2nd Shift Units Processed | B10: ='Inbound SOS & EOD'!B89 -> 1270 | C10: ='Inbound SOS & EOD'!C89 -> 0 | D10: ='Inbound SOS & EOD'!D89 -> 897 | E10: ='Inbound SOS & EOD'!E89 -> 609 | F10: ='Inbound SOS & EOD'!F89 -> 606 | G10: ='Inbound SOS & EOD'!G89 -> 0 | H10: ='Inbound SOS & EOD'!H89 -> 0 | I10: ='Inbound SOS & EOD'!I89 -> 291 | ... NA10: ='Inbound SOS & EOD'!NA89 -> 0
A11: AM Shift Packages Processed | B11: ='Inbound SOS & EOD'!B67 -> 578 | C11: ='Inbound SOS & EOD'!C67 -> 390 | D11: ='Inbound SOS & EOD'!D67 -> 0 | E11: ='Inbound SOS & EOD'!E67 -> 479 | F11: ='Inbound SOS & EOD'!F67 -> 80 | G11: ='Inbound SOS & EOD'!G67 -> 86 | H11: ='Inbound SOS & EOD'!H67 -> 0 | I11: ='Inbound SOS & EOD'!I67 -> 265 | ... HS11: ='Inbound SOS & EOD'!HS67 -> 319 | HT11: ='Inbound SOS & EOD'!HT68 -> 753 | HU11: ='Inbound SOS & EOD'!HU67 -> 110 | HV11: ='Inbound SOS & EOD'!HV67 -> 52 | HW11: ='Inbound SOS & EOD'!HW67 -> 265 | HX11: ='Inbound SOS & EOD'!HX67 -> 48 | HY11: ='Inbound SOS & EOD'!HY67 -> 37 | HZ11: ='Inbound SOS & EOD'!HZ67 -> 224 | IA11: ='Inbound SOS & EOD'!IA67 -> 186 | IB11: ='Inbound SOS & EOD'!IB67 -> 192 | ... IP11: ='Inbound SOS & EOD'!IP67 -> 188 | IQ11: ='Inbound SOS & EOD'!#REF! -> #REF! | IR11: ='Inbound SOS & EOD'!IR67 -> 88 | IS11: ='Inbound SOS & EOD'!IS67 -> 0 | IT11: ='Inbound SOS & EOD'!IT67 -> 229 | IU11: ='Inbound SOS & EOD'!IU67 -> 113 | IV11: ='Inbound SOS & EOD'!IV67 -> 340 | IW11: ='Inbound SOS & EOD'!IW67 -> 202 | IX11: ='Inbound SOS & EOD'!IX67 -> 126 | IY11: ='Inbound SOS & EOD'!IY67 -> 547 | ... JA11: ='Inbound SOS & EOD'!JA67 -> 0 | JB11: ='Inbound SOS & EOD'!JB68 -> 36 | JC11: ='Inbound SOS & EOD'!JC67 -> 234 | JD11: ='Inbound SOS & EOD'!JD67 -> 267 | JE11: ='Inbound SOS & EOD'!JE67 -> 265 | JF11: ='Inbound SOS & EOD'!JF67 -> 361 | JG11: ='Inbound SOS & EOD'!JG67 -> 462 | JH11: ='Inbound SOS & EOD'!JH67 -> 184 | JI11: ='Inbound SOS & EOD'!JI67 -> 607 | JJ11: ='Inbound SOS & EOD'!JJ67 -> 378 | ... KD11: ='Inbound SOS & EOD'!KD67 -> 198 | KE11: ='Inbound SOS & EOD'!KE68 -> 179 | KF11: ='Inbound SOS & EOD'!KF67 -> 310 | KG11: ='Inbound SOS & EOD'!KG67 -> 129 | KH11: ='Inbound SOS & EOD'!#REF! -> #REF! | KI11: ='Inbound SOS & EOD'!KI67 -> 194 | KJ11: ='Inbound SOS & EOD'!KJ67 -> 874 | KK11: ='Inbound SOS & EOD'!KK67 -> 836 | KL11: ='Inbound SOS & EOD'!KL67 -> 816 | KM11: ='Inbound SOS & EOD'!KM67 -> 1039 | KN11: ='Inbound SOS & EOD'!KN67 -> 0 | KO11: ='Inbound SOS & EOD'!KO67 -> 684 | KP11: ='Inbound SOS & EOD'!KP67 -> 622 | ... LB11: ='Inbound SOS & EOD'!LB67 -> 345 | LC11: ='Inbound SOS & EOD'!KH67 -> 451 | LD11: ='Inbound SOS & EOD'!LD67 -> 0 | LE11: ='Inbound SOS & EOD'!LE67 -> 0 | LF11: ='Inbound SOS & EOD'!LF67 -> 460 | LG11: ='Inbound SOS & EOD'!LG67 -> 301 | LH11: ='Inbound SOS & EOD'!LH67 -> 477 | LI11: ='Inbound SOS & EOD'!LI67 -> 1014 | LJ11: ='Inbound SOS & EOD'!LJ67 -> 511 | LK11: ='Inbound SOS & EOD'!LK67 -> 0 | ... NA11: ='Inbound SOS & EOD'!NA67 -> 192
A12: 2nd Shift Packages Processed | B12: ='Inbound SOS & EOD'!B90 -> 400 | C12: ='Inbound SOS & EOD'!C90 -> 0 | D12: ='Inbound SOS & EOD'!D90 -> 432 | E12: ='Inbound SOS & EOD'!E90 -> 206 | F12: ='Inbound SOS & EOD'!F90 -> 195 | G12: ='Inbound SOS & EOD'!G90 -> 0 | H12: ='Inbound SOS & EOD'!H90 -> 0 | I12: ='Inbound SOS & EOD'!I90 -> 170 | ... NA12: ='Inbound SOS & EOD'!NA90 -> 0
A13: Total Units Processed | B13: =B9+B10 -> 2346 | C13: =C9+C10 -> 1140 | D13: =D9+D10 -> 897 | E13: =E9+E10 -> 1675 | F13: =F9+F10 -> 758 | G13: =G9+G10 -> 149 | H13: =H9+H10 -> 0 | I13: =I9+I10 -> 796 | ... NA13: =NA9+NA10 -> 563
A14: Total Packages Processed | B14: =B11+B12 -> 978 | C14: =C11+C12 -> 390 | D14: =D11+D12 -> 432 | E14: =E11+E12 -> 685 | F14: =F11+F12 -> 275 | G14: =G11+G12 -> 86 | H14: =H11+H12 -> 0 | I14: =I11+I12 -> 435 | ... NA14: =NA11+NA12 -> 192
A15: Avg. Pieces/Package | B15: =IFERROR(B13/B14,0) -> 2.398773 | C15: =IFERROR(C13/C14,0) -> 2.9230769 | D15: =IFERROR(D13/D14,0) -> 2.0763889 | E15: =IFERROR(E13/E14,0) -> 2.4452555 | F15: =IFERROR(F13/F14,0) -> 2.7563636 | G15: =IFERROR(G13/G14,0) -> 1.7325581 | H15: =IFERROR(H13/H14,0) -> 0 | I15: =IFERROR(I13/I14,0) -> 1.8298851 | ... NA15: =IFERROR(NA13/NA14,0) -> 2.9322917
A16: Regular Backlog | B16: ='Inbound SOS & EOD'!B40 -> 921 | C16: ='Inbound SOS & EOD'!C40 -> 109 | D16: ='Inbound SOS & EOD'!D40 -> 0 | E16: ='Inbound SOS & EOD'!E40 -> 810 | F16: ='Inbound SOS & EOD'!F40 -> 55 | G16: ='Inbound SOS & EOD'!G40 -> 23 | H16: ='Inbound SOS & EOD'!H40 -> 820 | I16: ='Inbound SOS & EOD'!I40 -> 820 | ... N16: ='Inbound SOS & EOD'!N40 -> 157 | O16: 162 | P16: 989 | Q16: ='Inbound SOS & EOD'!Q40 -> 614 | R16: ='Inbound SOS & EOD'!R40 -> 214 | S16: ='Inbound SOS & EOD'!S40 -> 214 | T16: ='Inbound SOS & EOD'!T40 -> 208 | U16: ='Inbound SOS & EOD'!U40 -> 18 | V16: ='Inbound SOS & EOD'!V40 -> 0 | W16: ='Inbound SOS & EOD'!W40 -> 0 | X16: ='Inbound SOS & EOD'!X40 -> 0 | ... CN16: ='Inbound SOS & EOD'!CN40 -> 1152 | CO16: 1152 | CP16: 1027 | CQ16: 1203 | CR16: ='Inbound SOS & EOD'!CR40 -> 880 | CS16: ='Inbound SOS & EOD'!CS40 -> 1539 | CT16: ='Inbound SOS & EOD'!CT40 -> 1397 | CU16: ='Inbound SOS & EOD'!CU40 -> 1206 | CV16: ='Inbound SOS & EOD'!CV40 -> 1206 | CW16: ='Inbound SOS & EOD'!CW40 -> 1457 | CX16: ='Inbound SOS & EOD'!CX40 -> 1457 | CY16: ='Inbound SOS & EOD'!CY40 -> 1263 | ... DG16: ='Inbound SOS & EOD'!DG40 -> 1083 | DH16: 1869 | DI16: 1771 | DJ16: 2174 | DK16: 1443 | DL16: ='Inbound SOS & EOD'!DL40 -> 1443 | DM16: ='Inbound SOS & EOD'!DM40 -> 1369 | DN16: ='Inbound SOS & EOD'!DN40 -> 2126 | DO16: 2758 | DP16: 2570 | DQ16: 2429 | DR16: ='Inbound SOS & EOD'!DR40 -> 2429 | DS16: ='Inbound SOS & EOD'!DS40 -> 1551 | DT16: ='Inbound SOS & EOD'!DT40 -> 1356 | DU16: ='Inbound SOS & EOD'!DU40 -> 1279 | DV16: ='Inbound SOS & EOD'!DV40 -> 1460 | DW16: ='Inbound SOS & EOD'!DW40 -> 1568 | DX16: ='Inbound SOS & EOD'!DX40 -> 1544 | DY16: ='Inbound SOS & EOD'!DY40 -> 1368 | ... KT16: ='Inbound SOS & EOD'!KT40 -> 3994 | KU16: ='Inbound SOS & EOD'!#REF! -> #REF! | KV16: ='Inbound SOS & EOD'!KV40 -> 2888 | KW16: ='Inbound SOS & EOD'!KW40 -> 3697 | KX16: ='Inbound SOS & EOD'!KX40 -> 3506 | KY16: ='Inbound SOS & EOD'!KY40 -> 2255 | KZ16: ='Inbound SOS & EOD'!KZ40 -> 2310 | LA16: ='Inbound SOS & EOD'!LA40 -> 2859 | LB16: ='Inbound SOS & EOD'!LB40 -> 1747 | LC16: ='Inbound SOS & EOD'!LC40 -> 1919 | ... NA16: ='Inbound SOS & EOD'!NA40 -> 1839
A17: Exceptions Backlog | B17: ='Inbound SOS & EOD'!B44 -> 18 | C17: ='Inbound SOS & EOD'!C44 -> 14 | D17: ='Inbound SOS & EOD'!D44 -> 14 | E17: ='Inbound SOS & EOD'!E44 -> 10 | F17: ='Inbound SOS & EOD'!F44 -> 12 | G17: ='Inbound SOS & EOD'!G44 -> 10 | H17: ='Inbound SOS & EOD'!H44 -> 10 | I17: ='Inbound SOS & EOD'!I44 -> 10 | ... DC17: ='Inbound SOS & EOD'!DC44 -> 10 | DD17: 23 | DE17: 15 | DF17: ='Inbound SOS & EOD'!DF44 -> 12 | DG17: ='Inbound SOS & EOD'!DG44 -> 12 | DH17: ='Inbound SOS & EOD'!DH44 -> 14 | DI17: ='Inbound SOS & EOD'!DI44 -> 14 | DJ17: 18 | DK17: 16 | DL17: ='Inbound SOS & EOD'!DL44 -> 15 | DM17: ='Inbound SOS & EOD'!DM44 -> 14 | DN17: ='Inbound SOS & EOD'!DN44 -> 14 | DO17: ='Inbound SOS & EOD'!DO44 -> 14 | DP17: ='Inbound SOS & EOD'!DP44 -> 14 | DQ17: 31 | DR17: 68 | DS17: ='Inbound SOS & EOD'!DS44 -> 30 | DT17: ='Inbound SOS & EOD'!DT44 -> 18 | DU17: ='Inbound SOS & EOD'!DU44 -> 24 | DV17: ='Inbound SOS & EOD'!DV44 -> 9 | DW17: ='Inbound SOS & EOD'!DW44 -> 9 | DX17: ='Inbound SOS & EOD'!DX44 -> 9 | DY17: ='Inbound SOS & EOD'!DY44 -> 9 | DZ17: ='Inbound SOS & EOD'!DZ44 -> 12 | ... NA17: ='Inbound SOS & EOD'!NA44 -> 25
A18: Google Doc Exceptions | B18: ='Inbound SOS & EOD'!B43 -> 55 | C18: ='Inbound SOS & EOD'!C43 -> 40 | D18: ='Inbound SOS & EOD'!D43 -> 0 | E18: ='Inbound SOS & EOD'!E43 -> 47 | F18: ='Inbound SOS & EOD'!F43 -> 62 | G18: ='Inbound SOS & EOD'!G43 -> 0 | H18: ='Inbound SOS & EOD'!H43 -> 0 | I18: ='Inbound SOS & EOD'!I43 -> 0 | ... NA18: ='Inbound SOS & EOD'!NA43 -> 12
A19: Total Backlog | B19: =SUM(B16:B18) -> 994 | C19: =SUM(C16:C18) -> 163 | D19: =SUM(D16:D18) -> 14 | E19: =SUM(E16:E18) -> 867 | F19: =SUM(F16:F18) -> 129 | G19: =SUM(G16:G18) -> 33 | H19: =SUM(H16:H18) -> 830 | I19: =SUM(I16:I18) -> 830 | ... NA19: =SUM(NA16:NA18) -> 1876
A20: Backlog >72 HRs | B20: 2 | C20: 3 | D20: 4 | E20: 5 | F20: 6 | G20: 7 | H20: 8 | I20: 9 | J20: 10 | K20: 11 | L20: 12 | M20: 13 | N20: 14 | O20: 15 | P20: 16 | Q20: 17 | R20: 18 | S20: 19 | T20: 20 | U20: 21 | V20: 22 | W20: 23 | X20: 24 | Y20: 25 | Z20: 26 | AA20: 27 | AB20: 28 | AC20: 29 | AD20: 30 | AE20: 31 | AF20: 32 | AG20: 33 | AH20: 34 | AI20: 35 | AJ20: 36 | AK20: 37 | AL20: 38 | AM20: 39 | AN20: 40 | AO20: 41 | AP20: 42 | AQ20: 43 | AR20: 44 | AS20: 45 | AT20: 46 | AU20: 47 | AV20: 48 | AW20: 49 | AX20: 50 | AY20: 51 | AZ20: 52 | BA20: 53 | BB20: 54 | BC20: 55 | BD20: 56 | BE20: 57 | BF20: 58 | BG20: 59 | BH20: 60 | BI20: 61 | BJ20: 62 | BK20: 63 | BL20: 64 | BM20: 65 | BN20: 66 | BO20: 67 | BP20: 68 | BQ20: 69 | BR20: 70 | BS20: 71 | BT20: 72 | BU20: 73 | BV20: 74 | BW20: 75 | BX20: 76 | BY20: 77 | BZ20: 78 | CA20: 79 | CB20: 80 | CC20: 81 | CD20: 82 | CE20: 83 | CF20: 84 | CG20: 85 | CH20: 86 | CI20: 87 | CJ20: 88 | CK20: 89 | CL20: 90 | CM20: 91 | CN20: 92 | CO20: 93 | CP20: 94 | CQ20: 95 | CR20: 96 | CS20: 97 | CT20: 98 | CU20: 99 | CV20: 100 | CW20: 101 | CX20: 102 | CY20: 103 | CZ20: 104 | DA20: 105 | DB20: 106 | DC20: 107 | DD20: 108 | DE20: 109 | DF20: 110 | DG20: 111 | DH20: 112 | DI20: 113 | DJ20: 114 | DK20: 115 | DL20: 116 | DM20: 117 | DN20: 118 | DO20: 119 | DP20: 120 | DQ20: 121 | DR20: 122 | DS20: 123 | DT20: 124 | DU20: 125 | DV20: 126 | DW20: 127 | DX20: 128 | DY20: 129 | DZ20: 130 | EA20: 131 | EB20: 132 | EC20: 133 | ED20: 134 | EE20: 135 | EF20: 136 | EG20: 137 | EH20: 138 | EI20: 139 | EJ20: 140 | EK20: 141 | EL20: 142 | EM20: 143 | EN20: 144 | EO20: 145 | EP20: 146 | EQ20: 147 | ER20: 148 | ES20: 149 | ET20: 150 | EU20: 151 | EV20: 152 | EW20: 153 | EX20: 154 | EY20: 155 | EZ20: 156 | FA20: 157 | FB20: 158 | FC20: 159 | FD20: 160 | FE20: 161 | FF20: 162 | FG20: 163 | FH20: 164 | FI20: 165 | FJ20: 166 | FK20: 167 | FL20: 168 | FM20: 169 | FN20: 170 | FO20: 171 | FP20: 172 | FQ20: 173 | FR20: 174 | FS20: 175 | FT20: 176 | FU20: 177 | FV20: 178 | FW20: 179 | FX20: 180 | FY20: 181 | FZ20: 182 | GA20: 183 | GB20: 184 | GC20: 185 | GD20: 186 | GE20: 187 | GF20: 188 | GG20: 189 | GH20: 190 | GI20: 191 | GJ20: 192 | GK20: 193 | GL20: 194 | GM20: 195 | GN20: 196 | GO20: 197 | GP20: 198 | GQ20: 199 | GR20: 200 | GS20: 201 | GT20: 202 | GU20: 203 | GV20: 204 | GW20: 205 | GX20: 206 | GY20: 207 | GZ20: 208 | HA20: 209 | HB20: 210 | HC20: 211 | HD20: 212 | HE20: 213 | HF20: 214 | HG20: 215 | HH20: 216 | HI20: 217 | HJ20: 218 | HK20: 219 | HL20: 220 | HM20: 221 | HN20: 222 | HO20: 223 | HP20: 224 | HQ20: 225 | HR20: 226 | HS20: 227 | HT20: 228 | HU20: 229 | HV20: 230 | HW20: 231 | HX20: 232 | HY20: 233 | HZ20: 234 | IA20: 235 | IB20: 236 | IC20: 237 | ID20: 238 | IE20: 239 | IF20: 240 | IG20: 241 | IH20: 242 | II20: 243 | IJ20: 244 | IK20: 245 | IL20: 246 | IM20: 247 | IN20: 248 | IO20: 249 | IP20: 250 | IQ20: 251 | IR20: 252 | IS20: 253 | IT20: 254 | IU20: 255 | IV20: 256 | IW20: 257 | IX20: 258 | IY20: 259 | IZ20: 260 | JA20: 261 | JB20: 262 | JC20: 263 | JD20: 264 | JE20: 265 | JF20: 266 | JG20: 267 | JH20: 268 | JI20: 269 | JJ20: 270 | JK20: 271 | JL20: 272 | JM20: 273 | JN20: 274 | JO20: 275 | JP20: 276 | JQ20: 277 | JR20: 278 | JS20: 279 | JT20: 280 | JU20: 281 | JV20: 282 | JW20: 283 | JX20: 284 | JY20: 285 | JZ20: 286 | KA20: 287 | KB20: 288 | KC20: 289 | KD20: 290 | KE20: 291 | KF20: 292 | KG20: 293 | KH20: 294 | KI20: 295 | KJ20: 296 | KK20: 297 | KL20: 298 | KM20: 299 | KN20: 300 | KO20: 301 | KP20: 302 | KQ20: 303 | KR20: 304 | KS20: 305 | KT20: 306 | KU20: 307 | KV20: 308 | KW20: 309 | KX20: 310 | KY20: 311 | KZ20: 312 | LA20: 313 | LB20: 314 | LC20: 315 | LD20: 316 | LE20: 317 | LF20: 318 | LG20: 319 | LH20: 320 | LI20: 321 | LJ20: 322 | LK20: 323 | LL20: 324 | LM20: 325 | LN20: 326 | LO20: 327 | LP20: 328 | LQ20: 329 | LR20: 330 | LS20: 331 | LT20: 332 | LU20: 333 | LV20: 334 | LW20: 335 | LX20: 336 | LY20: 337 | LZ20: 338 | MA20: 339 | MB20: 340 | MC20: 341 | MD20: 342 | ME20: 343 | MF20: 344 | MG20: 345 | MH20: 346 | MI20: 347 | MJ20: 348 | MK20: 349 | ML20: 350 | MM20: 351 | MN20: 352 | MO20: 353 | MP20: 354 | MQ20: 355 | MR20: 356 | MS20: 357 | MT20: 358 | MU20: 359 | MV20: 360 | MW20: 361 | MX20: 362 | MY20: 363 | MZ20: 364 | NA20: 365
A21: >72 HR Date | B21: =B3+3 -> 45329 | C21: =C3+3 -> 45677 | D21: =D3+3 -> 45331 | E21: =E3+3 -> 45332 | F21: =F3+3 -> 45333 | G21: =G3+3 -> 45334 | H21: =H3+3 -> 45335 | I21: =I3+3 -> 45336 | ... NA21: =NA3+3 -> 45689
A23: Open Return Work Lines | B23: ='Inbound SOS & EOD'!B31 -> 92 | C23: ='Inbound SOS & EOD'!C31 -> 1079 | D23: ='Inbound SOS & EOD'!D31 -> 454 | E23: ='Inbound SOS & EOD'!E31 -> 816 | F23: ='Inbound SOS & EOD'!F31 -> 1277 | G23: ='Inbound SOS & EOD'!G31 -> 521 | H23: ='Inbound SOS & EOD'!H31 -> 383 | I23: ='Inbound SOS & EOD'!I31 -> 70 | ... NA23: ='Inbound SOS & EOD'!NA31 -> 494
A24: Oldest Work Line Date | B24: ='Inbound SOS & EOD'!B30 -> 45325 | C24: ='Inbound SOS & EOD'!C30 -> 45326 | D24: ='Inbound SOS & EOD'!D30 -> 45326 | E24: ='Inbound SOS & EOD'!E30 -> 45328 | F24: ='Inbound SOS & EOD'!F30 -> 45328 | G24: ='Inbound SOS & EOD'!G30 -> 45328 | H24: ='Inbound SOS & EOD'!H30 -> 45674 | I24: ='Inbound SOS & EOD'!I30 -> 45329 | ... NA24: ='Inbound SOS & EOD'!NA30 -> 45687
A25: AM Shift Units Put Away | B25: ='Inbound SOS & EOD'!B68 -> 948 | C25: ='Inbound SOS & EOD'!C68 -> 1698 | D25: ='Inbound SOS & EOD'!D68 -> 448 | E25: ='Inbound SOS & EOD'!E68 -> 1038 | F25: ='Inbound SOS & EOD'!F68 -> 629 | G25: ='Inbound SOS & EOD'!G68 -> 288 | H25: ='Inbound SOS & EOD'!H68 -> 313 | I25: ='Inbound SOS & EOD'!I68 -> 222 | ... FG25: ='Inbound SOS & EOD'!FG68 -> 0 | FH25: ='Inbound SOS & EOD'!FH69 -> 0 | FI25: ='Inbound SOS & EOD'!FI68 -> 34 | FJ25: ='Inbound SOS & EOD'!FJ68 -> 20 | FK25: ='Inbound SOS & EOD'!FK68 -> 46 | FL25: ='Inbound SOS & EOD'!FL68 -> 1985 | FM25: ='Inbound SOS & EOD'!FM68 -> 17 | FN25: ='Inbound SOS & EOD'!FN68 -> 961 | FO25: ='Inbound SOS & EOD'!FO68 -> 1235 | FP25: ='Inbound SOS & EOD'!FP68 -> 812 | ... GS25: ='Inbound SOS & EOD'!GS68 -> 477 | GT25: ='Inbound SOS & EOD'!GT69 -> 0 | GU25: ='Inbound SOS & EOD'!GU68 -> 0 | GV25: ='Inbound SOS & EOD'!GV68 -> 5 | GW25: ='Inbound SOS & EOD'!GW68 -> 8 | GX25: ='Inbound SOS & EOD'!GX68 -> 77 | GY25: ='Inbound SOS & EOD'!GY68 -> 10 | GZ25: ='Inbound SOS & EOD'!GZ68 -> 0 | HA25: ='Inbound SOS & EOD'!HA68 -> 0 | HB25: ='Inbound SOS & EOD'!HB68 -> 0 | ... JA25: ='Inbound SOS & EOD'!JA68 -> 0 | JB25: ='Inbound SOS & EOD'!#REF! -> #REF! | JC25: ='Inbound SOS & EOD'!JC68 -> 52 | JD25: ='Inbound SOS & EOD'!JD68 -> 127 | JE25: ='Inbound SOS & EOD'!JE68 -> 1188 | JF25: ='Inbound SOS & EOD'!JF68 -> 2442 | JG25: ='Inbound SOS & EOD'!JG68 -> 1479 | JH25: ='Inbound SOS & EOD'!JH68 -> 659 | JI25: ='Inbound SOS & EOD'!JI68 -> 1446 | JJ25: ='Inbound SOS & EOD'!JJ68 -> 1697 | ... KD25: ='Inbound SOS & EOD'!KD68 -> 429 | KE25: ='Inbound SOS & EOD'!#REF! -> #REF! | KF25: ='Inbound SOS & EOD'!KF68 -> 268 | KG25: ='Inbound SOS & EOD'!KG68 -> 908 | KH25: ='Inbound SOS & EOD'!#REF! -> #REF! | KI25: ='Inbound SOS & EOD'!KI68 -> 482 | KJ25: ='Inbound SOS & EOD'!KJ68 -> 1377 | KK25: ='Inbound SOS & EOD'!KK68 -> 581 | KL25: ='Inbound SOS & EOD'!KL68 -> 1917 | KM25: ='Inbound SOS & EOD'!KM68 -> 2539 | KN25: ='Inbound SOS & EOD'!KN68 -> 0 | KO25: ='Inbound SOS & EOD'!KO68 -> 2272 | KP25: ='Inbound SOS & EOD'!KP68 -> 1683 | ... LB25: ='Inbound SOS & EOD'!LB68 -> 1119 | LC25: ='Inbound SOS & EOD'!KH68 -> 1175 | LD25: ='Inbound SOS & EOD'!LD68 -> 510 | LE25: ='Inbound SOS & EOD'!LE68 -> 0 | LF25: ='Inbound SOS & EOD'!LF68 -> 63 | LG25: ='Inbound SOS & EOD'!LG68 -> 1464 | LH25: ='Inbound SOS & EOD'!LH68 -> 1044 | LI25: ='Inbound SOS & EOD'!LI68 -> 872 | LJ25: ='Inbound SOS & EOD'!LJ68 -> 1758 | LK25: ='Inbound SOS & EOD'!LK68 -> 2602 | ... NA25: ='Inbound SOS & EOD'!NA68 -> 694
A26: 2nd Shift Units Put Away | B26: ='Inbound SOS & EOD'!B91 -> 408 | C26: ='Inbound SOS & EOD'!C91 -> 214 | D26: ='Inbound SOS & EOD'!D91 -> 67 | E26: ='Inbound SOS & EOD'!E91 -> 172 | F26: ='Inbound SOS & EOD'!F91 -> 419 | G26: ='Inbound SOS & EOD'!G91 -> 0 | H26: ='Inbound SOS & EOD'!H91 -> 0 | I26: ='Inbound SOS & EOD'!I91 -> 44 | ... NA26: ='Inbound SOS & EOD'!NA91 -> 0

Sheet Inventory
B1: Sunday | C1: Monday | D1: Tuesday | E1: Wednesday | F1: Thursday | G1: Friday | H1: Saturday | I1: Sunday | J1: Monday | K1: Tuesday | L1: Wednesday | M1: Thursday | N1: Friday | O1: Saturday | P1: Sunday | Q1: Monday | R1: Tuesday | S1: Wednesday | T1: Thursday | U1: Friday | V1: Saturday | W1: Sunday | X1: Monday | Y1: Tuesday | Z1: Wednesday | AA1: Thursday | AB1: Friday | AC1: Saturday | AD1: Sunday | AE1: Monday | AF1: Tuesday | AG1: Wednesday | AH1: Thursday | AI1: Friday | AJ1: Saturday | AK1: Sunday | AL1: Monday | AM1: Tuesday | AN1: Wednesday | AO1: Thursday | AP1: Friday | AQ1: Saturday | AR1: Sunday | AS1: Monday | AT1: Tuesday | AU1: Wednesday | AV1: Thursday | AW1: Friday | AX1: Saturday | AY1: Sunday | AZ1: Monday | BA1: Tuesday | BB1: Wednesday | BC1: Thursday | BD1: Friday | BE1: Saturday | BF1: Sunday | BG1: Monday | BH1: Tuesday | BI1: Wednesday | BJ1: Thursday | BK1: Friday | BL1: Saturday | BM1: Sunday | BN1: Monday | BO1: Tuesday | BP1: Wednesday | BQ1: Thursday | BR1: Friday | BS1: Saturday | BT1: Sunday | BU1: Monday | BV1: Tuesday | BW1: Wednesday | BX1: Thursday | BY1: Friday | BZ1: Saturday | CA1: Sunday | CB1: Monday | CC1: Tuesday | CD1: Wednesday | CE1: Thursday | CF1: Friday | CG1: Saturday | CH1: Sunday | CI1: Monday | CJ1: Tuesday | CK1: Wednesday | CL1: Thursday | CM1: Friday | CN1: Saturday | CO1: Sunday | CP1: Monday | CQ1: Tuesday | CR1: Wednesday | CS1: Thursday | CT1: Friday | CU1: Saturday | CV1: Sunday | CW1: Monday | CX1: Tuesday | CY1: Wednesday | CZ1: Thursday | DA1: Friday | DB1: Saturday | DC1: Sunday | DD1: Monday | DE1: Tuesday | DF1: Wednesday | DG1: Thursday | DH1: Friday | DI1: Saturday | DJ1: Sunday | DK1: Monday | DL1: Tuesday | DM1: Wednesday | DN1: Thursday | DO1: Friday | DP1: Saturday | DQ1: Sunday | DR1: Monday | DS1: Tuesday | DT1: Wednesday | DU1: Thursday | DV1: Friday | DW1: Saturday | DX1: Sunday | DY1: Monday | DZ1: Tuesday | EA1: Wednesday | EB1: Thursday | EC1: Friday | ED1: Saturday | EE1: Sunday | EF1: Monday | EG1: Tuesday | EH1: Wednesday | EI1: Thursday | EJ1: Friday | EK1: Saturday | EL1: Sunday | EM1: Monday | EN1: Tuesday | EO1: Wednesday | EP1: Thursday | EQ1: Friday | ER1: Saturday | ES1: Sunday | ET1: Monday | EU1: Tuesday | EV1: Wednesday | EW1: Thursday | EX1: Friday | EY1: Saturday | EZ1: Sunday | FA1: Monday | FB1: Tuesday | FC1: Wednesday | FD1: Thursday | FE1: Friday | FF1: Saturday | FG1: Sunday | FH1: Monday | FI1: Tuesday | FJ1: Wednesday | FK1: Thursday | FL1: Friday | FM1: Saturday | FN1: Sunday | FO1: Monday | FP1: Tuesday | FQ1: Wednesday | FR1: Thursday | FS1: Friday | FT1: Saturday | FU1: Sunday | FV1: Monday | FW1: Tuesday | FX1: Wednesday | FY1: Thursday | FZ1: Friday | GA1: Saturday | GB1: Sunday | GC1: Monday | GD1: Tuesday | GE1: Wednesday | GF1: Thursday | GG1: Friday | GH1: Saturday | GI1: Sunday | GJ1: Monday | GK1: Tuesday | GL1: Wednesday | GM1: Thursday | GN1: Friday | GO1: Saturday | GP1: Sunday | GQ1: Monday | GR1: Tuesday | GS1: Wednesday | GT1: Thursday | GU1: Friday | GV1: Saturday | GW1: Sunday | GX1: Monday | GY1: Tuesday | GZ1: Wednesday | HA1: Thursday | HB1: Friday | HC1: Saturday | HD1: Sunday | HE1: Monday | HF1: Tuesday | HG1: Wednesday | HH1: Thursday | HI1: Friday | HJ1: Saturday | HK1: Sunday | HL1: Monday | HM1: Tuesday | HN1: Wednesday | HO1: Thursday | HP1: Friday | HQ1: Saturday | HR1: Sunday | HS1: Monday | HT1: Tuesday | HU1: Wednesday | HV1: Thursday | HW1: Friday | HX1: Saturday | HY1: Sunday | HZ1: Monday | IA1: Tuesday | IB1: Wednesday | IC1: Thursday | ID1: Friday | IE1: Saturday | IF1: Sunday | IG1: Monday | IH1: Tuesday | II1: Wednesday | IJ1: Thursday | IK1: Friday | IL1: Saturday | IM1: Sunday | IN1: Monday | IO1: Tuesday | IP1: Wednesday | IQ1: Thursday | IR1: Friday | IS1: Saturday | IT1: Sunday | IU1: Monday | IV1: Tuesday | IW1: Wednesday | IX1: Thursday | IY1: Friday | IZ1: Saturday | JA1: Sunday | JB1: Monday | JC1: Tuesday | JD1: Wednesday | JE1: Thursday | JF1: Friday | JG1: Saturday | JH1: Sunday | JI1: Monday | JJ1: Tuesday | JK1: Wednesday | JL1: Thursday | JM1: Friday | JN1: Saturday | JO1: Sunday | JP1: Monday | JQ1: Tuesday | JR1: Wednesday | JS1: Thursday | JT1: Friday | JU1: Saturday | JV1: Sunday | JW1: Monday | JX1: Tuesday | JY1: Wednesday | JZ1: Thursday | KA1: Friday | KB1: Saturday | KC1: Sunday | KD1: Monday | KE1: Tuesday | KF1: Wednesday | KG1: Thursday | KH1: Friday | KI1: Saturday | KJ1: Sunday | KK1: Monday | KL1: Tuesday | KM1: Wednesday | KN1: Thursday | KO1: Friday | KP1: Saturday | KQ1: Sunday | KR1: Monday | KS1: Tuesday | KT1: Wednesday | KU1: Thursday | KV1: Friday | KW1: Saturday | KX1: Sunday | KY1: Monday | KZ1: Tuesday | LA1: Wednesday | LB1: Thursday | LC1: Friday | LD1: Saturday | LE1: Sunday | LF1: Monday | LG1: Tuesday | LH1: Wednesday | LI1: Thursday | LJ1: Friday | LK1: Saturday | LL1: Sunday | LM1: Monday | LN1: Tuesday | LO1: Wednesday | LP1: Thursday | LQ1: Friday | LR1: Saturday | LS1: Sunday | LT1: Monday | LU1: Tuesday | LV1: Wednesday | LW1: Thursday | LX1: Friday | LY1: Saturday | LZ1: Sunday | MA1: Monday | MB1: Tuesday | MC1: Wednesday | MD1: Thursday | ME1: Friday | MF1: Saturday | MG1: Sunday | MH1: Monday | MI1: Tuesday | MJ1: Wednesday | MK1: Thursday | ML1: Friday | MM1: Saturday | MN1: Sunday | MO1: Monday | MP1: Tuesday | MQ1: Wednesday | MR1: Thursday | MS1: Friday | MT1: Saturday | MU1: Sunday | MV1: Monday | MW1: Tuesday | MX1: Wednesday | MY1: Thursday | MZ1: Friday | NA1: Saturday | NB1: Sunday | NC1: Monday | ND1: Tuesday | NE1: Wednesday | NF1: Thursday | NG1: Friday | NH1: Saturday | NI1: Sunday | NJ1: Monday | NK1: Tuesday | NL1: Wednesday | NM1: Thursday | NN1: Friday | NO1: Saturday | NP1: Sunday | NQ1: Monday | NR1: Tuesday | NS1: Wednesday | NT1: Thursday | NU1: Friday | NV1: Saturday | NW1: Sunday | NX1: Monday | NY1: Tuesday | NZ1: Wednesday | OA1: Thursday | OB1: Friday | OC1: Saturday | OD1: Sunday | OE1: Monday | OF1: Tuesday | OG1: Wednesday | OH1: Thursday | OI1: Friday | OJ1: Saturday | OK1: Sunday | OL1: Monday | OM1: Tuesday | ON1: Wednesday | OO1: Thursday | OP1: Friday | OQ1: Saturday | OR1: Sunday | OS1: Monday | OT1: Tuesday | OU1: Wednesday | OV1: Thursday | OW1: Friday | OX1: Saturday | OY1: Sunday | OZ1: Monday | PA1: Tuesday | PB1: Wednesday | PC1: Thursday | PD1: Friday | PE1: Saturday | PF1: Sunday | PG1: Monday | PH1: Tuesday | PI1: Wednesday | PJ1: Thursday | PK1: Friday | PL1: Saturday | PM1: Sunday | PN1: Monday | PO1: Tuesday | PP1: Wednesday | PQ1: Thursday | PR1: Friday | PS1: Saturday | PT1: Sunday | PU1: Monday | PV1: Tuesday | PW1: Wednesday | PX1: Thursday | PY1: Friday | PZ1: Saturday | QA1: Sunday | QB1: Monday | QC1: Tuesday | QD1: Wednesday | QE1: Thursday | QF1: Friday | QG1: Saturday | QH1: Sunday | QI1: Monday | QJ1: Tuesday | QK1: Wednesday | QL1: Thursday | QM1: Friday | QN1: Saturday | QO1: Sunday | QP1: Monday | QQ1: Tuesday | QR1: Wednesday | QS1: Thursday | QT1: Friday | QU1: Saturday | QV1: Sunday | QW1: Monday | QX1: Tuesday | QY1: Wednesday | QZ1: Thursday | RA1: Friday | RB1: Saturday | RC1: Sunday | RD1: Monday | RE1: Tuesday | RF1: Wednesday | RG1: Thursday | RH1: Friday | RI1: Saturday | RJ1: Sunday | RK1: Monday | RL1: Tuesday | RM1: Wednesday | RN1: Thursday | RO1: Friday | RP1: Saturday | RQ1: Sunday | RR1: Monday | RS1: Tuesday | RT1: Wednesday | RU1: Thursday | RV1: Friday | RW1: Saturday | RX1: Sunday | RY1: Monday | RZ1: Tuesday | SA1: Wednesday | SB1: Thursday | SC1: Friday | SD1: Saturday | SE1: Sunday | SF1: Monday | SG1: Tuesday | SH1: Wednesday | SI1: Thursday | SJ1: Friday | SK1: Saturday | SL1: Sunday | SM1: Monday | SN1: Tuesday | SO1: Wednesday | SP1: Thursday | SQ1: Friday | SR1: Saturday | SS1: Sunday | ST1: Monday | SU1: Tuesday | SV1: Wednesday | SW1: Thursday | SX1: Friday | SY1: Saturday | SZ1: Sunday | TA1: Monday | TB1: Tuesday | TC1: Wednesday | TD1: Thursday | TE1: Friday | TF1: Saturday | TG1: Sunday | TH1: Monday | TI1: Tuesday | TJ1: Wednesday | TK1: Thursday | TL1: Friday | TM1: Saturday | TN1: Sunday | TO1: Monday | TP1: Tuesday | TQ1: Wednesday | TR1: Thursday | TS1: Friday | TT1: Saturday | TU1: Sunday | TV1: Monday | TW1: Tuesday | TX1: Wednesday | TY1: Thursday | TZ1: Friday | UA1: Saturday | UB1: Sunday | UC1: Monday | UD1: Tuesday | UE1: Wednesday | UF1: Thursday | UG1: Friday | UH1: Saturday | UI1: Sunday | UJ1: Monday | UK1: Tuesday | UL1: Wednesday | UM1: Thursday | UN1: Friday | UO1: Saturday | UP1: Sunday | UQ1: Monday | UR1: Tuesday | US1: Wednesday | UT1: Thursday | UU1: Friday | UV1: Saturday | UW1: Sunday | UX1: Monday | UY1: Tuesday | UZ1: Wednesday | VA1: Thursday | VB1: Friday | VC1: Saturday | VD1: Sunday | VE1: Monday | VF1: Tuesday | VG1: Wednesday | VH1: Thursday | VI1: Friday | VJ1: Saturday | VK1: Sunday | VL1: Monday | VM1: Tuesday | VN1: Wednesday | VO1: Thursday | VP1: Friday | VQ1: Saturday | VR1: Sunday | VS1: Monday | VT1: Tuesday | VU1: Wednesday | VV1: Thursday | VW1: Friday | VX1: Saturday | VY1: Sunday | VZ1: Monday | WA1: Tuesday | WB1: Wednesday | WC1: Thursday | WD1: Friday | WE1: Saturday | WF1: Sunday | WG1: Monday | WH1: Tuesday | WI1: Wednesday | WJ1: Thursday | WK1: Friday | WL1: Saturday | WM1: Sunday | WN1: Monday | WO1: Tuesday | WP1: Wednesday | WQ1: Thursday | WR1: Friday | WS1: Saturday | WT1: Sunday | WU1: Monday | WV1: Tuesday | WW1: Wednesday | WX1: Thursday | WY1: Friday | WZ1: Saturday | XA1: Sunday | XB1: Monday | XC1: Tuesday | XD1: Wednesday | XE1: Thursday | XF1: Friday | XG1: Saturday | XH1: Sunday | XI1: Monday | XJ1: Tuesday | XK1: Wednesday | XL1: Thursday | XM1: Friday | XN1: Saturday | XO1: Sunday | XP1: Monday | XQ1: Tuesday | XR1: Wednesday | XS1: Thursday | XT1: Friday | XU1: Saturday | XV1: Sunday | XW1: Monday | XX1: Tuesday | XY1: Wednesday | XZ1: Thursday | YA1: Friday | YB1: Saturday | YC1: Sunday | YD1: Monday | YE1: Tuesday | YF1: Wednesday | YG1: Thursday | YH1: Friday | YI1: Saturday | YJ1: Sunday | YK1: Monday | YL1: Tuesday | YM1: Wednesday | YN1: Thursday | YO1: Friday | YP1: Saturday | YQ1: Sunday | YR1: Monday | YS1: Tuesday | YT1: Wednesday | YU1: Thursday | YV1: Friday | YW1: Saturday | YX1: Sunday | YY1: Monday | YZ1: Tuesday | ZA1: Wednesday | ZB1: Thursday | ZC1: Friday | ZD1: Saturday | ZE1: Sunday | ZF1: Monday | ZG1: Tuesday | ZH1: Wednesday | ZI1: Thursday | ZJ1: Friday | ZK1: Saturday | ZL1: Sunday | ZM1: Monday | ZN1: Tuesday | ZO1: Wednesday | ZP1: Thursday | ZQ1: Friday | ZR1: Saturday | ZS1: Sunday | ZT1: Monday | ZU1: Tuesday | ZV1: Wednesday | ZW1: Thursday | ZX1: Friday | ZY1: Saturday | ZZ1: Sunday | AAA1: Monday | AAB1: Tuesday | AAC1: Wednesday | AAD1: Thursday | AAE1: Friday | AAF1: Saturday | AAG1: Sunday | AAH1: Monday | AAI1: Tuesday | AAJ1: Wednesday | AAK1: Thursday | AAL1: Friday | AAM1: Saturday | AAN1: Sunday | AAO1: Monday | AAP1: Tuesday | AAQ1: Wednesday | AAR1: Thursday | AAS1: Friday | AAT1: Saturday | AAU1: Sunday | AAV1: Monday | AAW1: Tuesday | AAX1: Wednesday | AAY1: Thursday | AAZ1: Friday | ABA1: Saturday | ABB1: Sunday | ABC1: Monday | ABD1: Tuesday | ABE1: Wednesday | ABF1: Thursday | ABG1: Friday | ABH1: Saturday
A2: Inventory | B2: 45326 | C2: 45327 | D2: 45328 | E2: 45329 | F2: 45330 | G2: 45331 | H2: 45332 | I2: 45333 | J2: 45334 | K2: 45335 | L2: 45336 | M2: 45337 | N2: 45338 | O2: 45339 | P2: 45340 | Q2: 45341 | R2: 45342 | S2: 45343 | T2: 45344 | U2: 45345 | V2: 45346 | W2: 45347 | X2: 45348 | Y2: 45349 | Z2: 45350 | AA2: 45351 | AB2: 45352 | AC2: 45353 | AD2: 45354 | AE2: 45355 | AF2: 45356 | AG2: 45357 | AH2: 45358 | AI2: 45359 | AJ2: 45360 | AK2: 45361 | AL2: 45362 | AM2: 45363 | AN2: 45364 | AO2: 45365 | AP2: 45366 | AQ2: 45367 | AR2: 45368 | AS2: 45369 | AT2: 45370 | AU2: 45371 | AV2: 45372 | AW2: 45373 | AX2: 45374 | AY2: 45375 | AZ2: 45376 | BA2: 45377 | BB2: 45378 | BC2: 45379 | BD2: 45380 | BE2: 45381 | BF2: 45382 | BG2: 45383 | BH2: 45384 | BI2: 45385 | BJ2: 45386 | BK2: 45387 | BL2: 45388 | BM2: 45389 | BN2: 45390 | BO2: 45391 | BP2: 45392 | BQ2: 45393 | BR2: 45394 | BS2: 45395 | BT2: 45396 | BU2: 45397 | BV2: 45398 | BW2: 45399 | BX2: 45400 | BY2: 45401 | BZ2: 45402 | CA2: 45403 | CB2: 45404 | CC2: 45405 | CD2: 45406 | CE2: 45407 | CF2: 45408 | CG2: 45409 | CH2: 45410 | CI2: 45411 | CJ2: 45412 | CK2: 45413 | CL2: 45414 | CM2: 45415 | CN2: 45416 | CO2: 45417 | CP2: 45418 | CQ2: 45419 | CR2: 45420 | CS2: 45421 | CT2: 45422 | CU2: 45423 | CV2: 45424 | CW2: 45425 | CX2: 45426 | CY2: 45427 | CZ2: 45428 | DA2: 45429 | DB2: 45430 | DC2: 45431 | DD2: 45432 | DE2: 45433 | DF2: 45434 | DG2: 45435 | DH2: 45436 | DI2: 45437 | DJ2: 45438 | DK2: 45439 | DL2: 45440 | DM2: 45441 | DN2: 45442 | DO2: 45443 | DP2: 45444 | DQ2: 45445 | DR2: 45446 | DS2: 45447 | DT2: 45448 | DU2: 45449 | DV2: 45450 | DW2: 45451 | DX2: 45452 | DY2: 45453 | DZ2: 45454 | EA2: 45455 | EB2: 45456 | EC2: 45457 | ED2: 45458 | EE2: 45459 | EF2: 45460 | EG2: 45461 | EH2: 45462 | EI2: 45463 | EJ2: 45464 | EK2: 45465 | EL2: 45466 | EM2: 45467 | EN2: 45468 | EO2: 45469 | EP2: 45470 | EQ2: 45471 | ER2: 45472 | ES2: 45473 | ET2: 45474 | EU2: 45475 | EV2: 45476 | EW2: 45477 | EX2: 45478 | EY2: 45479 | EZ2: 45480 | FA2: 45481 | FB2: 45482 | FC2: 45483 | FD2: 45484 | FE2: 45485 | FF2: 45486 | FG2: 45487 | FH2: 45488 | FI2: 45489 | FJ2: 45490 | FK2: 45491 | FL2: 45492 | FM2: 45493 | FN2: 45494 | FO2: 45495 | FP2: 45496 | FQ2: 45497 | FR2: 45498 | FS2: 45499 | FT2: 45500 | FU2: 45501 | FV2: 45502 | FW2: 45503 | FX2: 45504 | FY2: 45505 | FZ2: 45506 | GA2: 45507 | GB2: 45508 | GC2: 45509 | GD2: 45510 | GE2: 45511 | GF2: 45512 | GG2: 45513 | GH2: 45514 | GI2: 45515 | GJ2: 45516 | GK2: 45517 | GL2: 45518 | GM2: 45519 | GN2: 45520 | GO2: 45521 | GP2: 45522 | GQ2: 45523 | GR2: 45524 | GS2: 45525 | GT2: 45526 | GU2: 45527 | GV2: 45528 | GW2: 45529 | GX2: 45530 | GY2: 45531 | GZ2: 45532 | HA2: 45533 | HB2: 45534 | HC2: 45535 | HD2: 45536 | HE2: 45537 | HF2: 45538 | HG2: 45539 | HH2: 45540 | HI2: 45541 | HJ2: 45542 | HK2: 45543 | HL2: 45544 | HM2: 45545 | HN2: 45546 | HO2: 45547 | HP2: 45548 | HQ2: 45549 | HR2: 45550 | HS2: 45551 | HT2: 45552 | HU2: 45553 | HV2: 45554 | HW2: 45555 | HX2: 45556 | HY2: 45557 | HZ2: 45558 | IA2: 45559 | IB2: 45560 | IC2: 45561 | ID2: 45562 | IE2: 45563 | IF2: 45564 | IG2: 45565 | IH2: 45566 | II2: 45567 | IJ2: 45568 | IK2: 45569 | IL2: 45570 | IM2: 45571 | IN2: 45572 | IO2: 45573 | IP2: 45574 | IQ2: 45575 | IR2: 45576 | IS2: 45577 | IT2: 45578 | IU2: 45579 | IV2: 45580 | IW2: 45581 | IX2: 45582 | IY2: 45583 | IZ2: 45584 | JA2: 45585 | JB2: 45586 | JC2: 45587 | JD2: 45588 | JE2: 45589 | JF2: 45590 | JG2: 45591 | JH2: 45592 | JI2: 45593 | JJ2: 45594 | JK2: 45595 | JL2: 45596 | JM2: 45597 | JN2: 45598 | JO2: 45599 | JP2: 45600 | JQ2: 45601 | JR2: 45602 | JS2: 45603 | JT2: 45604 | JU2: 45605 | JV2: 45606 | JW2: 45607 | JX2: 45608 | JY2: 45609 | JZ2: 45610 | KA2: 45611 | KB2: 45612 | KC2: 45613 | KD2: 45614 | KE2: 45615 | KF2: 45616 | KG2: 45617 | KH2: 45618 | KI2: 45619 | KJ2: 45620 | KK2: 45621 | KL2: 45622 | KM2: 45623 | KN2: 45624 | KO2: 45625 | KP2: 45626 | KQ2: 45627 | KR2: 45628 | KS2: 45629 | KT2: 45630 | KU2: 45631 | KV2: 45632 | KW2: 45633 | KX2: 45634 | KY2: 45635 | KZ2: 45636 | LA2: 45637 | LB2: 45638 | LC2: 45639 | LD2: 45640 | LE2: 45641 | LF2: 45642 | LG2: 45643 | LH2: 45644 | LI2: 45645 | LJ2: 45646 | LK2: 45647 | LL2: 45648 | LM2: 45649 | LN2: 45650 | LO2: 45651 | LP2: 45652 | LQ2: 45653 | LR2: 45654 | LS2: 45655 | LT2: 45656 | LU2: 45657 | LV2: 45658 | LW2: 45659 | LX2: 45660 | LY2: 45661 | LZ2: 45662 | MA2: 45663 | MB2: 45664 | MC2: 45665 | MD2: 45666 | ME2: 45667 | MF2: 45668 | MG2: 45669 | MH2: 45670 | MI2: 45671 | MJ2: 45672 | MK2: 45673 | ML2: 45674 | MM2: 45675 | MN2: 45676 | MO2: 45677 | MP2: 45678 | MQ2: 45679 | MR2: 45680 | MS2: 45681 | MT2: 45682 | MU2: 45683 | MV2: 45684 | MW2: 45685 | MX2: 45686 | MY2: 45687 | MZ2: 45688 | NA2: 45689 | NB2: 45690 | NC2: 45691 | ND2: 45692 | NE2: 45693 | NF2: 45694 | NG2: 45695 | NH2: 45696 | NI2: 45697 | NJ2: 45698 | NK2: 45699 | NL2: 45700 | NM2: 45701 | NN2: 45702 | NO2: 45703 | NP2: 45704 | NQ2: 45705 | NR2: 45706 | NS2: 45707 | NT2: 45708 | NU2: 45709 | NV2: 45710 | NW2: 45711 | NX2: 45712 | NY2: 45713 | NZ2: 45714 | OA2: 45715 | OB2: 45716 | OC2: 45717 | OD2: 45718 | OE2: 45719 | OF2: 45720 | OG2: 45721 | OH2: 45722 | OI2: 45723 | OJ2: 45724 | OK2: 45725 | OL2: 45726 | OM2: 45727 | ON2: 45728 | OO2: 45729 | OP2: 45730 | OQ2: 45731 | OR2: 45732 | OS2: 45733 | OT2: 45734 | OU2: 45735 | OV2: 45736 | OW2: 45737 | OX2: 45738 | OY2: 45739 | OZ2: 45740 | PA2: 45741 | PB2: 45742 | PC2: 45743 | PD2: 45744 | PE2: 45745 | PF2: 45746 | PG2: 45747 | PH2: 45748 | PI2: 45749 | PJ2: 45750 | PK2: 45751 | PL2: 45752 | PM2: 45753 | PN2: 45754 | PO2: 45755 | PP2: 45756 | PQ2: 45757 | PR2: 45758 | PS2: 45759 | PT2: 45760 | PU2: 45761 | PV2: 45762 | PW2: 45763 | PX2: 45764 | PY2: 45765 | PZ2: 45766 | QA2: 45767 | QB2: 45768 | QC2: 45769 | QD2: 45770 | QE2: 45771 | QF2: 45772 | QG2: 45773 | QH2: 45774 | QI2: 45775 | QJ2: 45776 | QK2: 45777 | QL2: 45778 | QM2: 45779 | QN2: 45780 | QO2: 45781 | QP2: 45782 | QQ2: 45783 | QR2: 45784 | QS2: 45785 | QT2: 45786 | QU2: 45787 | QV2: 45788 | QW2: 45789 | QX2: 45790 | QY2: 45791 | QZ2: 45792 | RA2: 45793 | RB2: 45794 | RC2: 45795 | RD2: 45796 | RE2: 45797 | RF2: 45798 | RG2: 45799 | RH2: 45800 | RI2: 45801 | RJ2: 45802 | RK2: 45803 | RL2: 45804 | RM2: 45805 | RN2: 45806 | RO2: 45807 | RP2: 45808 | RQ2: 45809 | RR2: 45810 | RS2: 45811 | RT2: 45812 | RU2: 45813 | RV2: 45814 | RW2: 45815 | RX2: 45816 | RY2: 45817 | RZ2: 45818 | SA2: 45819 | SB2: 45820 | SC2: 45821 | SD2: 45822 | SE2: 45823 | SF2: 45824 | SG2: 45825 | SH2: 45826 | SI2: 45827 | SJ2: 45828 | SK2: 45829 | SL2: 45830 | SM2: 45831 | SN2: 45832 | SO2: 45833 | SP2: 45834 | SQ2: 45835 | SR2: 45836 | SS2: 45837 | ST2: 45838 | SU2: 45839 | SV2: 45840 | SW2: 45841 | SX2: 45842 | SY2: 45843 | SZ2: 45844 | TA2: 45845 | TB2: 45846 | TC2: 45847 | TD2: 45848 | TE2: 45849 | TF2: 45850 | TG2: 45851 | TH2: 45852 | TI2: 45853 | TJ2: =TI2+1 -> 45854 | TK2: =TJ2+1 -> 45855 | TL2: =TK2+1 -> 45856 | TM2: =TL2+1 -> 45857 | TN2: =TM2+1 -> 45858 | TO2: =TN2+1 -> 45859 | TP2: =TO2+1 -> 45860 | TQ2: =TP2+1 -> 45861 | ... ABH2: =ABG2+1 -> 46060
A3: LDFs | B3: 0 | C3: 1 | D3: 2 | E3: 3 | F3: 4 | G3: 5 | H3: 6 | I3: 7 | J3: 8 | K3: 9 | L3: 10 | M3: 11 | N3: 12 | O3: 13 | P3: 14 | Q3: 15 | R3: 16 | S3: 17 | T3: 18 | U3: 19 | V3: 20 | W3: 21 | X3: 22 | Y3: 23 | Z3: 24 | AA3: 25 | AB3: 26 | AC3: 27 | AD3: 28 | AE3: 29 | AF3: 30 | AG3: 31 | AH3: 32 | AI3: 33 | AJ3: 34 | AK3: 35 | AL3: 36 | AM3: 37 | AN3: 38 | AO3: 39 | AP3: 40 | AQ3: 41 | AR3: 42 | AS3: 43 | AT3: 44 | AU3: 45 | AV3: 46 | AW3: 47 | AX3: 48 | AY3: 49 | AZ3: 50 | BA3: 51 | BB3: 52 | BC3: 53 | BD3: 54 | BE3: 55 | BF3: 56 | BG3: 57 | BH3: 58 | BI3: 59 | BJ3: 60 | BK3: 61 | BL3: 62 | BM3: 63 | BN3: 64 | BO3: 65 | BP3: 66 | BQ3: 67 | BR3: 68 | BS3: 69 | BT3: 70 | BU3: 71 | BV3: 72 | BW3: 73 | BX3: 74 | BY3: 75 | BZ3: 76 | CA3: 77 | CB3: 78 | CC3: 79 | CD3: 80 | CE3: 81 | CF3: 82 | CG3: 83 | CH3: 84 | CI3: 85 | CJ3: 86 | CK3: 87 | CL3: 88 | CM3: 89 | CN3: 90 | CO3: 91 | CP3: 92 | CQ3: 93 | CR3: 94 | CS3: 95 | CT3: 96 | CU3: 97 | CV3: 98 | CW3: 99 | CX3: 100 | CY3: 101 | CZ3: 102 | DA3: 103 | DB3: 104 | DC3: 105 | DD3: 106 | DE3: 107 | DF3: 108 | DG3: 109 | DH3: 110 | DI3: 111 | DJ3: 112 | DK3: 113 | DL3: 114 | DM3: 115 | DN3: 116 | DO3: 117 | DP3: 118 | DQ3: 119 | DR3: 120 | DS3: 121 | DT3: 122 | DU3: 123 | DV3: 124 | DW3: 125 | DX3: 126 | DY3: 127 | DZ3: 128 | EA3: 129 | EB3: 130 | EC3: 131 | ED3: 132 | EE3: 133 | EF3: 134 | EG3: 135 | EH3: 136 | EI3: 137 | EJ3: 138 | EK3: 139 | EL3: 140 | EM3: 141 | EN3: 142 | EO3: 143 | EP3: 144 | EQ3: 145 | ER3: 146 | ES3: 147 | ET3: 148 | EU3: 149 | EV3: 150 | EW3: 151 | EX3: 152 | EY3: 153 | EZ3: 154 | FA3: 155 | FB3: 156 | FC3: 157 | FD3: 158 | FE3: 159 | FF3: 160 | FG3: 161 | FH3: 162 | FI3: 163 | FJ3: 164 | FK3: 165 | FL3: 166 | FM3: 167 | FN3: 168 | FO3: 169 | FP3: 170 | FQ3: 171 | FR3: 172 | FS3: 173 | FT3: 174 | FU3: 175 | FV3: 176 | FW3: 177 | FX3: 178 | FY3: 179 | FZ3: 180 | GA3: 181 | GB3: 182 | GC3: 183 | GD3: 184 | GE3: 185 | GF3: 186 | GG3: 187 | GH3: 188 | GI3: 189 | GJ3: 190 | GK3: 191 | GL3: 192 | GM3: 193 | GN3: 194 | GO3: 195 | GP3: 196 | GQ3: 197 | GR3: 198 | GS3: 199 | GT3: 200 | GU3: 201 | GV3: 202 | GW3: 203 | GX3: 204 | GY3: 205 | GZ3: 206 | HA3: 207 | HB3: 208 | HC3: 209 | HD3: 210 | HE3: 211 | HF3: 212 | HG3: 213 | HH3: 214 | HI3: 215 | HJ3: 216 | HK3: 217 | HL3: 218 | HM3: 219 | HN3: 220 | HO3: 221 | HP3: 222 | HQ3: 223 | HR3: 224 | HS3: 225 | HT3: 226 | HU3: 227 | HV3: 228 | HW3: 229 | HX3: 230 | HY3: 231 | HZ3: 232 | IA3: 233 | IB3: 234 | IC3: 235 | ID3: 236 | IE3: 237 | IF3: 238 | IG3: 239 | IH3: 240 | II3: 241 | IJ3: 242 | IK3: 243 | IL3: 244 | IM3: 245 | IN3: 246 | IO3: 247 | IP3: 248 | IQ3: 249 | IR3: 250 | IS3: 251 | IT3: 252 | IU3: 253 | IV3: 254 | IW3: 255 | IX3: 256 | IY3: 257 | IZ3: 258 | JA3: 259 | JB3: 260 | JC3: 261 | JD3: 262 | JE3: 263 | JF3: 264 | JG3: 265 | JH3: 266 | JI3: 267 | JJ3: 268 | JK3: 269 | JL3: 270 | JM3: 271 | JN3: 272 | JO3: 273 | JP3: 274 | JQ3: 275 | JR3: 276 | JS3: 277 | JT3: 278 | JU3: 279 | JV3: 280 | JW3: 281 | JX3: 282 | JY3: 283 | JZ3: 284 | KA3: 285 | KB3: 286 | KC3: 287 | KD3: 288 | KE3: 289 | KF3: 290 | KG3: 291 | KH3: 292 | KI3: 293 | KJ3: 294 | KK3: 295 | KL3: 296 | KM3: 297 | KN3: 298 | KO3: 299 | KP3: 300 | KQ3: 301 | KR3: 302 | KS3: 303 | KT3: 304 | KU3: 305 | KV3: 306 | KW3: 307 | KX3: 308 | KY3: 309 | KZ3: 310 | LA3: 311 | LB3: 312 | LC3: 313 | LD3: 314 | LE3: 315 | LF3: 316 | LG3: 317 | LH3: 318 | LI3: 319 | LJ3: 320 | LK3: 321 | LL3: 322 | LM3: 323 | LN3: 324 | LO3: 325 | LP3: 326 | LQ3: 327 | LR3: 328 | LS3: 329 | LT3: 330 | LU3: 331 | LV3: 332 | LW3: 333 | LX3: 334 | LY3: 335 | LZ3: 336 | MA3: 337 | MB3: 338 | MC3: 339 | MD3: 340 | ME3: 341 | MF3: 342 | MG3: 343 | MH3: 344 | MI3: 345 | MJ3: 346 | MK3: 347 | ML3: 348 | MM3: 349 | MN3: 350 | MO3: 351 | MP3: 352 | MQ3: 353 | MR3: 354 | MS3: 355 | MT3: 356 | MU3: 357 | MV3: 358 | MW3: 359 | MX3: 360 | MY3: 361 | MZ3: 362 | NA3: 363 | NB3: 364 | NC3: 365 | ND3: 366 | NE3: 367 | NF3: 368 | NG3: 369 | NH3: 370 | NI3: 371 | NJ3: 372 | NK3: 373 | NL3: 374 | NM3: 375 | NN3: 376 | NO3: 377 | NP3: 378 | NQ3: 379 | NR3: 380 | NS3: 381 | NT3: 382 | NU3: 383 | NV3: 384 | NW3: 385 | NX3: 386 | NY3: 387 | NZ3: 388 | OA3: 389 | OB3: 390 | OC3: 391 | OD3: 392 | OE3: 393 | OF3: 394 | OG3: 395 | OH3: 396 | OI3: 397 | OJ3: 398 | OK3: 399 | OL3: 400 | OM3: 401 | ON3: 402 | OO3: 403 | OP3: 404 | OQ3: 405 | OR3: 406 | OS3: 407 | OT3: 408 | OU3: 409 | OV3: 410 | OW3: 411 | OX3: 412 | OY3: 413 | OZ3: 414 | PA3: 415 | PB3: 416 | PC3: 417 | PD3: 418 | PE3: 419 | PF3: 420 | PG3: 421 | PH3: 422 | PI3: 423 | PJ3: 424 | PK3: 425 | PL3: 426 | PM3: 427 | PN3: 428 | PO3: 429 | PP3: 430 | PQ3: 431 | PR3: 432 | PS3: 433 | PT3: 434 | PU3: 435 | PV3: 436 | PW3: 437 | PX3: 438 | PY3: 439 | PZ3: 440 | QA3: 441 | QB3: 442 | QC3: 443 | QD3: 444 | QE3: 445 | QF3: 446 | QG3: 447 | QH3: 448 | QI3: 449 | QJ3: 450 | QK3: 451 | QL3: 452 | QM3: 453 | QN3: 454 | QO3: 455 | QP3: 456 | QQ3: 457 | QR3: 458 | QS3: 459 | QT3: 460 | QU3: 461 | QV3: 462 | QW3: 463 | QX3: 464 | QY3: 465 | QZ3: 466 | RA3: 467 | RB3: 468 | RC3: 469 | RD3: 470 | RE3: 471 | RF3: 472 | RG3: 473 | RH3: 474 | RI3: 475 | RJ3: 476 | RK3: 477 | RL3: 478 | RM3: 479 | RN3: 480 | RO3: 481 | RP3: 482 | RQ3: 483 | RR3: 484 | RS3: 485 | RT3: 486 | RU3: 487 | RV3: 488 | RW3: 489 | RX3: 490 | RY3: 491 | RZ3: 492 | SA3: 493 | SB3: 494 | SC3: 495 | SD3: 496 | SE3: 497 | SF3: 498 | SG3: 499 | SH3: 500 | SI3: 501 | SJ3: 502 | SK3: 503 | SL3: 504 | SM3: 505 | SN3: 506 | SO3: 507 | SP3: 508 | SQ3: 509 | SR3: 510 | SS3: 511 | ST3: 512 | SU3: 513 | SV3: 514 | SW3: 515 | SX3: 516 | SY3: 517 | SZ3: 518 | TA3: 519 | TB3: 520 | TC3: 521 | TD3: 522 | TE3: 523 | TF3: 524 | TG3: 525 | TH3: 526 | TI3: 527
A4: LDF % to DTC | B4: =IFERROR(B3/Outbound!#REF!/Data!$B13,0) -> 0 | C4: =IFERROR(C3/Outbound!#REF!/Data!$B13,0) -> 0 | D4: =IFERROR(D3/Outbound!#REF!/Data!$B13,0) -> 0 | E4: =IFERROR(E3/Outbound!#REF!/Data!$B13,0) -> 0 | F4: =IFERROR(F3/Outbound!#REF!/Data!$B13,0) -> 0 | G4: =IFERROR(G3/Outbound!#REF!/Data!$B13,0) -> 0 | H4: =IFERROR(H3/Outbound!#REF!/Data!$B13,0) -> 0 | I4: =IFERROR(I3/Outbound!#REF!/Data!$B13,0) -> 0 | ... TI4: =IFERROR(TI3/Outbound!#REF!/Data!$B13,0) -> 0 | TJ4: 0 | TK4: 0 | TL4: 0 | TM4: 0 | TN4: 0.01 | TO4: 0.01 | TP4: 0.01 | TQ4: 0.01 | TR4: 0 | TS4: 0 | TT4: 0 | TU4: 0 | TV4: 0 | TW4: 0 | TX4: 0 | TY4: 0 | TZ4: 0 | UA4: 0 | UB4: 0 | UC4: 0 | UD4: 0 | UE4: 0 | UF4: 0 | UG4: 0 | UH4: 0 | UI4: 0 | UJ4: 0 | UK4: 0 | UL4: 0 | UM4: 0 | UN4: 0 | UO4: 0 | UP4: 0 | UQ4: 0 | UR4: 0.01 | US4: 0 | UT4: 0 | UU4: 0 | UV4: 0 | UW4: 0 | UX4: 0 | UY4: 0 | UZ4: 0 | VA4: 0 | VB4: 0 | VC4: 0 | VD4: 0 | VE4: 0.07 | VF4: 0.04 | VG4: 0 | VH4: 0 | VI4: 0 | VL4: 0.01 | VM4: 0 | VN4: 0 | VO4: 0 | VP4: 0 | VQ4: 0 | VR4: 0 | VS4: 0 | VT4: 0 | VU4: 0 | VV4: 0 | VW4: 0 | VX4: 0 | VY4: 0 | VZ4: 0 | WA4: 0 | WB4: 0 | WC4: 0 | WD4: 0 | WE4: 0 | WF4: 0 | WG4: 0 | WH4: 0.01 | WI4: 0 | WJ4: 0 | WK4: 0 | WN4: 0 | WO4: 0 | WP4: 0 | WQ4: 0 | WR4: 0 | WS4: 0 | WT4: 0 | WU4: 0 | WV4: 0 | WW4: 0 | WX4: 0 | WY4: 0 | WZ4: 0 | XA4: 0 | XB4: 0 | XC4: 0.01 | XD4: 0 | XE4: 0 | XF4: 0 | XG4: 0 | XI4: 0 | XJ4: 0 | XK4: 0 | XL4: 0 | XM4: 0 | XN4: 0 | XO4: 0 | XP4: 0 | XQ4: 0 | XR4: 0 | XS4: 0 | XT4: 0 | XU4: 0 | XV4: 0 | XW4: 0 | XX4: 0 | XY4: 0 | XZ4: 0 | YA4: 0 | YB4: 0 | YC4: 0 | YD4: 0 | YE4: 0 | YF4: 0 | YG4: 0 | YH4: 0 | YI4: 0 | YJ4: 0 | YK4: 0 | YL4: 0 | YM4: 0 | YN4: 0 | YO4: 0 | YP4: 0 | YQ4: 0 | YR4: 0 | YS4: 0 | YT4: 0 | YU4: 0 | YV4: 0 | YW4: 0 | YX4: 0 | YY4: 0 | YZ4: 0 | ZA4: 0 | ZB4: 0 | ZC4: 0 | ZD4: 0 | ZE4: 0 | ZF4: 0
A5: Resets by day | B5: 9 | C5: 17 | D5: 12 | E5: 7 | F5: 6 | G5: 2 | H5: 11 | I5: 10 | J5: 21 | K5: 20 | L5: 4 | M5: 15 | N5: 10 | O5: 18 | P5: 58 | Q5: 89 | R5: 86 | S5: 20 | T5: 16 | U5: 25 | V5: 11 | W5: 25 | X5: 11 | Y5: 11 | Z5: 19 | AA5: 17 | AB5: 0 | AC5: 1 | AD5: 67 | AE5: 18 | AF5: 30 | AG5: 23 | AH5: 12 | AI5: 4 | AJ5: 16 | AK5: 41 | AL5: 31 | AM5: 9 | AN5: 25 | AO5: 39 | AP5: 10 | AQ5: 27 | AR5: 77 | AS5: 39 | AT5: 14 | AU5: 6 | AV5: 22 | AW5: 17 | AX5: 25 | AY5: 71 | AZ5: 90 | BA5: 93 | BB5: 57 | BC5: 37 | BD5: 19 | BE5: 42 | BF5: 0 | BG5: 55 | BH5: 70 | BI5: 97 | BJ5: 71 | BK5: 64 | BL5: 56 | BM5: 65 | BN5: 87 | BO5: 91 | BP5: 45 | BQ5: 32 | BR5: 0 | BS5: 19 | BT5: 26 | BU5: 16 | BV5: 17 | BW5: 46 | BX5: 60 | BY5: 9 | BZ5: 8 | CA5: 54 | CB5: 96 | CC5: 65 | CD5: 51 | CE5: 38 | CF5: 143 | CG5: 29 | CH5: 85 | CI5: 200 | CJ5: 203 | CK5: 102 | CL5: 194 | CM5: 197 | CN5: 158 | CO5: 126 | CP5: 123 | CQ5: 127 | CR5: 87 | CS5: 186 | CT5: 91 | CU5: 83 | CV5: 0 | CW5: 186 | CX5: 114 | CY5: 114 | CZ5: 119 | DA5: 32 | DB5: 64 | DC5: 60 | DD5: 81 | DE5: 85 | DF5: 61 | DG5: 145 | DH5: 38 | DI5: 65 | DJ5: 85 | DK5: 112 | DL5: 114 | DM5: 146 | DN5: 157 | DO5: 106 | DP5: 78 | DQ5: 152 | DR5: 89 | DS5: 36 | DT5: 67 | DU5: 150 | DV5: 32 | DW5: 62 | DX5: 107 | DY5: 190 | DZ5: 138 | EA5: 123 | EB5: 115 | EC5: 53 | ED5: 75 | EE5: 0 | EF5: 194 | EG5: 147 | EH5: 117 | EI5: 102 | EJ5: 53 | EK5: 109 | EL5: 114 | EM5: 190 | EN5: 153 | EO5: 74 | EP5: 196 | EQ5: 83 | ER5: 198 | ES5: 147 | ET5: 298 | EU5: 233 | EV5: 193 | EW5: 214 | EX5: 285 | EY5: 106 | EZ5: 400 | FA5: 251 | FB5: 242 | FC5: 227 | FD5: 290 | FE5: 209 | FF5: 205 | FG5: 230 | FH5: 432 | FI5: 309 | FJ5: 245 | FK5: 341 | FL5: 124 | FM5: 196 | FN5: 253 | FO5: 235 | FP5: 157 | FQ5: 185 | FR5: 150 | FS5: 75 | FT5: 96 | FU5: 180 | FV5: 146 | FW5: 132 | FX5: 159 | FY5: 146 | FZ5: 71 | GA5: 91 | GB5: 138 | GC5: 129 | GD5: 110 | GE5: 114 | GF5: 98 | GG5: 72 | GH5: 91 | GI5: 188 | GJ5: 157 | GK5: 143 | GL5: 134 | GM5: 177 | GN5: 157 | GO5: 144 | GP5: 194 | GQ5: 214 | GR5: 103 | GS5: 127 | GT5: 152 | GU5: 97 | GV5: 128 | GW5: 314 | GX5: 193 | GY5: 223 | GZ5: 204 | HA5: 151 | HB5: 151 | HC5: 145 | HD5: 533 | HE5: 304 | HF5: 677 | HG5: 386 | HH5: 251 | HI5: 226 | HJ5: 205 | HK5: 506 | HL5: 365 | HM5: 193 | HN5: 213 | HO5: 234 | HP5: 99 | HQ5: 306 | HR5: 271 | HS5: 219 | HT5: 247 | HU5: 152 | HV5: 204 | HW5: 100 | HX5: 185 | HY5: 378 | HZ5: 237 | IA5: 266 | IB5: 166
A6: Reset Hours | B6: 0.75 | C6: 1.06 | D6: 0.66 | E6: 1.74 | F6: 1.67 | G6: 0.5 | H6: 0.44 | I6: 6.12 | J6: 2.2 | K6: 4.7 | L6: 6.95 | M6: 2.65 | N6: 2.52 | O6: 5.65 | P6: 12.57 | Q6: 5.85 | R6: 11.65 | S6: 8.18 | T6: 5.68 | U6: 5.5 | V6: 10.38 | W6: 1.28 | X6: 3.05 | Y6: 3.2 | Z6: 5.75 | AA6: 1.37 | AB6: 4.17 | AC6: 3.17 | AD6: 2.45 | AE6: 3.08 | AF6: 3.2 | AG6: 1.15 | AH6: 2.43 | AI6: 1.58 | AJ6: 2.47 | AK6: 2.57 | AL6: 2.58 | AM6: 6.32 | AN6: 4.77 | AO6: 3.8 | AP6: 1.33 | AQ6: 1.4 | AR6: 3.83 | AS6: 7.08 | AT6: 1.7 | AU6: 2.13 | AV6: 3.18 | AW6: 1 | AX6: 1.32 | AY6: 5 | AZ6: 8.68 | BA6: 5.23 | BB6: 2.42 | BC6: 2.98 | BD6: 1.65 | BE6: 2.08 | BF6: 0 | BG6: 8.42 | BH6: 3.42 | BI6: 5.27 | BJ6: 5.78 | BK6: 4.88 | BL6: 3.38 | BM6: 2.37 | BN6: 8.02 | BO6: 7.57 | BP6: 3.35 | BQ6: 2.85 | BR6: 0 | BS6: 1.16 | BT6: 2.3 | BU6: 1.65 | BV6: 4.67 | BW6: 5.43 | BX6: 2.95 | BY6: 0.33 | BZ6: 0.5 | CA6: 3.93 | CB6: 3.88 | CC6: 5.78 | CD6: 1.57 | CE6: 1.73 | CF6: 3.93 | CG6: 2.55 | CH6: 2.77 | CI6: 6.93 | CJ6: 8.55 | CK6: 4.07 | CL6: 6.23 | CM6: 4.95 | CN6: 3.53 | CO6: 4.32 | CP6: 5.77 | CQ6: 4.65 | CR6: 3.95 | CS6: 5.97 | CT6: 2.45 | CU6: 4.57 | CV6: 0 | CW6: 6.58 | CX6: 3.12 | CY6: 5.07 | CZ6: 5.45 | DA6: 0.92 | DB6: 5.82 | DC6: 3.52 | DD6: 4.18 | DE6: 7.48 | DF6: 6.6 | DG6: 2.57 | DH6: 2.6 | DI6: 6.13 | DJ6: 6.32 | DK6: 3.8 | DL6: 7.07 | DM6: 10.25 | DN6: 4.5 | DO6: 7.03 | DP6: 4.7 | DQ6: 8.15 | DR6: 1.23 | DS6: 1.2 | DT6: 0.88 | DU6: 2.62 | DV6: 1.08 | DW6: 3.55 | DX6: 3.03 | DY6: 6.17 | DZ6: 5.93 | EA6: 6.77 | EB6: 5.42 | EC6: 1.62 | ED6: 2.97 | EE6: 0 | EF6: 8.47 | EG6: 5.78 | EH6: 3.45 | EI6: 4.45 | EJ6: 1.67 | EK6: 4.83 | EL6: 5.02 | EM6: 6.13 | EN6: 6.13 | EO6: 4.8 | EP6: 7.4 | EQ6: 3.1 | ER6: 16.28 | ES6: 11.65 | ET6: 17.23 | EU6: 19.45 | EV6: 20.07 | EW6: 19 | EX6: 12.35 | EY6: 9.7 | EZ6: 26.17 | FA6: 15.18 | FB6: 15.85 | FC6: 20.1 | FD6: 26.1 | FE6: 8.85 | FF6: 16.12 | FG6: 23.08 | FH6: 26.55 | FI6: 27.82 | FJ6: 15.6 | FK6: 18.07 | FL6: 7.75 | FM6: 8.52 | FN6: 25.53 | FO6: 12.45 | FP6: 8.1 | FQ6: 10.07 | FR6: 10.83 | FS6: 3.55 | FT6: 4.47 | FU6: 5.92 | FV6: 8 | FW6: 6.8 | FX6: 4.72 | FY6: 2.95 | FZ6: 0.32 | GA6: 3.4 | GB6: 4.03 | GC6: 3.75 | GD6: 4.52 | GE6: 4.57 | GF6: 6.8 | GG6: 0.87 | GH6: 4.27 | GI6: 10.23 | GJ6: 5.4 | GK6: 5.3 | GL6: 4.48 | GM6: 9.18 | GN6: 6.58 | GO6: 6.22 | GP6: 9.18 | GQ6: 6.67 | GR6: 2.45 | GS6: 15.98 | GT6: 6.27 | GU6: 3.95 | GV6: 7.27 | GW6: 14 | GX6: 6.68 | GY6: 9.3 | GZ6: 10.7 | HA6: 7.5 | HB6: 6.95 | HC6: 9.12 | HD6: 23.97 | HE6: 33.98 | HF6: 30.18 | HG6: 21.15 | HH6: 13.52 | HI6: 7.63 | HJ6: 16.1 | HK6: 28.12 | HL6: 17.53 | HM6: 10.27 | HN6: 8.43 | HO6: 6.68 | HP6: 9.83 | HQ6: 7.9 | HR6: 10.7 | HS6: 12.82 | HT6: 8.37 | HU6: 7.05 | HV6: 7.35 | HW6: 4.87 | HX6: 21.02
A7: Reset Exceptions hrs | B7: 0 | C7: 0.73 | D7: 0.35 | E7: 1.69 | F7: 1.26 | G7: 0 | H7: 0.41 | I7: 0 | J7: 1.31 | K7: 0 | L7: 0 | M7: 0 | N7: 0 | O7: 0 | P7: 0 | Q7: 5.05 | R7: 5.05 | S7: 0 | T7: 0 | U7: 0 | V7: 0 | W7: 0 | X7: 0 | Y7: 0 | Z7: 0 | AA7: 0 | AB7: 0 | AC7: 0 | AD7: 0 | AE7: 0 | AF7: 0 | AG7: 0.73 | AH7: 0.67 | AI7: 0.55 | AJ7: 2.13 | AK7: 0.53 | AL7: 0.35 | AM7: 0 | AN7: 0.8 | AO7: 0.45 | AP7: 0 | AQ7: 1.12 | AR7: 0.4 | AS7: 0 | AT7: 0.95 | AU7: 0.73 | AV7: 0.03 | AW7: 0.63 | AX7: 1.1 | AY7: 4.7 | AZ7: 5.87 | BA7: 3.2 | BB7: 1.92 | BC7: 0.52 | BD7: 1.3 | BE7: 1.02 | BF7: 0 | BG7: 0 | BH7: 1.5 | BI7: 2.12 | BJ7: 1.28 | BK7: 1.38 | BL7: 0 | BM7: 1.98 | BN7: 2.43 | BO7: 4.4 | BP7: 1.03 | BQ7: 2.15 | BR7: 0 | BS7: 0 | BT7: 0.68 | BU7: 1.55 | BV7: 0.97 | BW7: 2.22 | BX7: 1.13 | BY7: 0.33 | BZ7: 0 | CA7: 1.35 | CB7: 2.52 | CC7: 1.07 | CD7: 0.92 | CE7: 1.22 | CF7: 2.02 | CG7: 1.73 | CH7: 3.5 | CI7: 3.2 | CJ7: 3.65 | CK7: 2.4 | CL7: 6.72 | CM7: 4.67 | CN7: 4.18 | CO7: 4.25 | CP7: 2.53 | CQ7: 3.67 | CR7: 1.23 | CS7: 3.15 | CT7: 1.57 | CU7: 0.93 | CV7: 0 | CW7: 2.85 | CX7: 0 | CY7: 3.07 | CZ7: 1.27 | DA7: 0.38 | DB7: 0 | DC7: 0.52 | DD7: 4.73 | DE7: 0.65 | DF7: 1.65 | DG7: 1.88 | DH7: 0 | DI7: 0 | DJ7: 1.32 | DK7: 5.62 | DL7: 4.65 | DM7: 1.83 | DN7: 1.02 | DO7: 0 | DP7: 2.1 | DQ7: 7.5 | DR7: 2.72 | DS7: 1.67 | DT7: 0.72 | DU7: 2.38 | DV7: 0 | DW7: 0 | DX7: 1.78 | DY7: 1.9 | DZ7: 2.87 | EA7: 1.33 | EB7: 0 | EC7: 0.73 | ED7: 0 | EE7: 0 | EF7: 3.55 | EG7: 2.08 | EH7: 2.02 | EI7: 0 | EJ7: 1.82 | EK7: 0 | EL7: 1.83 | EM7: 3.65 | EN7: 1.62 | EO7: 7.95 | EP7: 2.97 | EQ7: 1.33 | ER7: 0 | ES7: 2.27 | ET7: 11.03 | EU7: 3.18 | EV7: 6.12 | EW7: 16.13 | EX7: 4.55 | EY7: 3.65 | EZ7: 6.07 | FA7: 13.08 | FB7: 0 | FC7: 10.05 | FD7: 15.53 | FE7: 22.18 | FF7: 13.52 | FG7: 17.53 | FH7: 40.82 | FI7: 6.57 | FJ7: 4.22 | FK7: 8.98 | FL7: 0 | FM7: 8.25 | FN7: 1.83 | FO7: 4.57 | FP7: 4.13 | FQ7: 3.18 | FR7: 2.13 | FS7: 2.48 | FT7: 0 | FU7: 7.02 | FV7: 3.7 | FW7: 2.38 | FX7: 4.1 | FY7: 0 | FZ7: 2.62 | GA7: 5.97 | GB7: 4.2 | GC7: 1.72 | GD7: 2.1 | GE7: 0 | GF7: 0.72 | GG7: 1.03 | GH7: 0.83 | GI7: 3.78 | GJ7: 1.67 | GK7: 2.97 | GL7: 3.8 | GM7: 1.65 | GN7: 1.03 | GO7: 3.73 | GP7: 0 | GQ7: 5.95 | GR7: 0 | GS7: 0 | GT7: 4.92 | GU7: 2.35 | GV7: 0 | GW7: 1.77 | GX7: 4.55 | GY7: 2.93 | GZ7: 2.67 | HA7: 4.05 | HB7: 2.07 | HC7: 0 | HD7: 12.63 | HE7: 7.57 | HF7: 12.32 | HG7: 8.42 | HH7: 3.85 | HI7: 2.62 | HJ7: 1.58 | HK7: 2.83 | HL7: 5.27 | HM7: 0 | HN7: 5.62 | HO7: 5.67 | HP7: 0.68 | HQ7: 0 | HR7: 6.73 | HS7: 1.38 | HT7: 2.15 | HU7: 2.13 | HV7: 3.75 | HW7: 0.58 | HX7: 0
A8: Reset shipments per hour | B8: =IFERROR(B5/(B6+B7),0) -> 12 | C8: =IFERROR(C5/(C6+C7),0) -> 9.4972067 | D8: =IFERROR(D5/(D6+D7),0) -> 11.881188 | E8: =IFERROR(E5/(E6+E7),0) -> 2.0408163 | F8: =IFERROR(F5/(F6+F7),0) -> 2.0477816 | G8: =IFERROR(G5/(G6+G7),0) -> 4 | H8: =IFERROR(H5/(H6+H7),0) -> 12.941176 | I8: =IFERROR(I5/(I6+I7),0) -> 1.6339869 | ... PA8: =IFERROR(PA5/(PA6+PA7),0) -> 0 | PB8: =IFERROR(PB5/PB6,0) -> 0 | PC8: =IFERROR(PC5/PC6,0) -> 0 | PD8: =IFERROR(PD5/PD6,0) -> 0 | PE8: =IFERROR(PE5/PE6,0) -> 0 | PF8: =IFERROR(PF5/PF6,0) -> 0 | PG8: =IFERROR(PG5/PG6,0) -> 0 | PH8: =IFERROR(PH5/PH6,0) -> 0 | PI8: =IFERROR(PI5/PI6,0) -> 0 | ... TI8: =IFERROR(TI5/TI6,0) -> 0 | TJ8: =TJ5/(TJ6+TJ7) -> #DIV/0! | TK8: =TK5/(TK6+TK7) -> #DIV/0! | TL8: =TL5/(TL6+TL7) -> #DIV/0! | TM8: =TM5/(TM6+TM7) -> #DIV/0! | TN8: =TN5/(TN6+TN7) -> #DIV/0! | TO8: =TO5/(TO6+TO7) -> #DIV/0! | TP8: =TP5/(TP6+TP7) -> #DIV/0! | TQ8: =TQ5/(TQ6+TQ7) -> #DIV/0! | ... AAE8: =AAE5/(AAE6+AAE7) -> #DIV/0!
A9: Shipped Shipments | B9: =Outbound!B12 -> 2056 | C9: =Outbound!C12 -> 2847 | D9: =Outbound!D12 -> 2324 | E9: =Outbound!E12 -> 2608 | F9: =Outbound!F12 -> 2657 | G9: =Outbound!G12 -> 1517 | H9: =Outbound!H12 -> 2117 | I9: =Outbound!I12 -> 3156 | ... TI9: =Outbound!TI12 -> 0
A10: % of resets to Shipped | B10: =B5/B9 -> 0.0043774319 | C10: =C5/C9 -> 0.0059711978 | D10: =D5/D9 -> 0.0051635112 | E10: =E5/E9 -> 0.0026840491 | F10: =F5/F9 -> 0.0022581859 | G10: =G5/G9 -> 0.0013183916 | H10: =H5/H9 -> 0.0051960321 | I10: =I5/I9 -> 0.0031685678 | ... BE10: =BE5/BE9 -> 0.01890189 | BF10: 0 | BG10: =BG5/BG9 -> 0.0090075336 | BH10: =BH5/BH9 -> 0.022229279 | BI10: =BI5/BI9 -> 0.021216098 | BJ10: =BJ5/BJ9 -> 0.02018766 | BK10: =BK5/BK9 -> 0.028482421 | BL10: =BL5/BL9 -> 0.02214314 | BM10: =BM5/BM9 -> 0.014976959 | BN10: =BN5/BN9 -> 0.01636261 | ... CU10: =CU5/CU9 -> 0.01927543 | CV10: 0 | CW10: =CW5/CW9 -> 0.028980991 | CX10: =CX5/CX9 -> 0.02545211 | CY10: =CY5/CY9 -> 0.031413613 | CZ10: =CZ5/CZ9 -> 0.042621777 | DA10: =DA5/DA9 -> 0.023408925 | DB10: =DB5/DB9 -> 0.028156621 | DC10: =DC5/DC9 -> 0.011173184 | DD10: =DD5/DD9 -> 0.012579593 | ... ED10: =ED5/ED9 -> 0.029354207 | EE10: 0 | EF10: =EF5/EF9 -> 0.032903664 | EG10: =EG5/EG9 -> 0.036943956 | EH10: =EH5/EH9 -> 0.033543578 | EI10: =EI5/EI9 -> 0.031944879 | EJ10: =EJ5/EJ9 -> 0.025529865 | EK10: =EK5/EK9 -> 0.036272879 | EL10: =EL5/EL9 -> 0.029827316 | EM10: =EM5/EM9 -> 0.042007517 | ... TI10: =TI5/TI9 -> #DIV/0!
A11: Forecasted Demand (Units) | B11: =Outbound!B8 -> 8494.0048 | C11: =Outbound!C8 -> 8573.003 | D11: =Outbound!D8 -> 10091.005 | E11: =Outbound!E8 -> 9774.9927 | F11: =Outbound!F8 -> 9297.9975 | G11: =Outbound!G8 -> 9713.0109 | H11: =Outbound!H8 -> 9030.0076 | I11: =Outbound!I8 -> 9370.0009 | ... TI11: =Outbound!TI8 -> 0
A12: Actual Demand (units) | B12: =Outbound!B10 -> 8494 | C12: =Outbound!C10 -> 8573 | D12: =Outbound!D10 -> 10091 | E12: =Outbound!E10 -> 9775 | F12: =Outbound!F10 -> 9298 | G12: =Outbound!G10 -> 9713 | H12: =Outbound!H10 -> 9030 | I12: =Outbound!I10 -> 9370 | ... TI12: =Outbound!TI10 -> 0
A13: UPT | B13: =Outbound!B13 -> 3.4182879 | C13: =Outbound!C13 -> 3.8742536 | D13: =Outbound!D13 -> 3.5718589 | E13: =Outbound!E13 -> 3.8366564 | F13: =Outbound!F13 -> 3.7651487 | G13: =Outbound!G13 -> 4.1470007 | H13: =Outbound!H13 -> 3.8115257 | I13: =Outbound!I13 -> 3.8792776 | ... TI13: =Outbound!TI13 -> 0
A14: Projected Resets | B14: =(B11/4)*2.13% -> 45.230576 | C14: =(C11/4)*2.13% -> 45.651241 | D14: =(D11/4)*2.13% -> 53.7346 | E14: =(E11/4)*2.13% -> 52.051836 | F14: =(F11/4)*2.13% -> 49.511837 | G14: =(G11/4)*2.13% -> 51.721783 | H14: =(H11/4)*2.13% -> 48.08479 | I14: =(I11/4)*2.13% -> 49.895255 | ... TI14: =(TI11/4)*2.13% -> 0
A15: Reset hours needed
A16: DTC putaway totes @ 6 am | AT16: 2 | AU16: 0 | AV16: 0 | AZ16: 20 | BA16: 18 | BB16: 11 | BG16: 0 | BH16: 10 | BI16: 0 | BJ16: 15 | BN16: 28 | BO16: 8 | BP16: 21 | BQ16: 14 | BU16: 8 | BV16: 6 | BW16: 19 | BX16: 11 | CC16: 0 | CD16: 0 | CE16: 0 | CF16: 10 | CG16: 0 | CI16: 22 | CJ16: 23 | CK16: 25 | CL16: 23 | CM16: 26 | CN16: 23 | CP16: 2 | CQ16: 2 | CR16: 13 | CS16: 15 | CW16: 24 | CX16: 21 | CY16: 27 | CZ16: 25 | DD16: 5 | DE16: 12 | DF16: 27 | DG16: 32 | DK16: 29 | DL16: 30 | DY16: 32 | DZ16: 25 | EA16: 29 | EB16: 0 | EF16: 31 | EG16: 24 | EH16: 28 | EI16: 25 | ET16: 29 | EU16: 17 | EV16: 19 | EW16: 26 | EX16: 30 | FA16: 18 | FB16: 12 | FC16: 24 | FD16: 28 | FE16: 25 | FF16: 25 | FH16: 25 | FJ16: 19 | FK16: 5 | FO16: 20 | FP16: 25 | FQ16: 20 | FR16: 15 | GJ16: 31 | GK16: 34 | GL16: 24 | GM16: 27 | GQ16: 16 | GR16: 8 | GS16: 24 | GT16: 30 | GX16: 32 | GY16: 29 | GZ16: 31 | HA16: 29 | HE16: 37 | HF16: 16 | HG16: 30 | HH16: 20 | HI16: 27 | HJ16: 25 | HM16: 31 | HN16: 23 | HO16: 26 | HS16: 27 | HT16: 13 | HU16: 1 | HV16: 24
A17: DTC putaway hours | FV17: 31 | FW17: 20 | FX17: 25 | GC17: 22 | GD17: 24 | GE17: 31 | GF17: 23 | GJ17: 31
A18: DTC hours to schedule
A19: MMV Units
A20: MMV Skus
A21: Oldest Date
A23: MM2 Units
A24: MM2 Boxes
A25: Oldest Date
A27: Manual moves completed (locations)
A28: Hours used
