Workbook
Name _1st_shift_percentage: Data!$B$60
Name _2nd_shift_percentage: Data!$B$59
Name Amazon_Replen: Data!$B$58
Name Autobagger_Bander: Data!$B$28
Name Autobagger_Operator: Data!$B$27
Name Average_units_per_bin: Data!$B$52
Name Cartbuilding: Data!$B$18
Name Cartons_per_hour_Cubiscan: Data!$B$38
Name Cubiscan: Data!$B$36
Name DD: #REF!
Name DTC: Data!$B$9
Name DTC_to_replen: Data!$B$35
Name Exceptions: Data!$B$42
Name Gift_cards: Data!$B$21
Name Gift_cards_per_hour: Data!$B$26
Name Hours_1st: Data!$B$3
Name Hours_2nd: Data!$B$4
Name Inventory: Data!$B$50
Name Narvar: Data!$B$41
Name Open_orders: Data!$B$54
Name Overstock: Data!$B$33
Name Overstock_cycle_count: Data!$B$53
Name Pecentage_of_goal_2nd: Data!$B$6
Name Percentage_1st_Goal: Data!$B$43
Name Percentage_2nd_Goal: Data!$B$44
Name Percentage_Exceptions: Data!$B$47
Name Percentage_Narvar: Data!$B$45
Name Percentage_Non_Narvar: Data!$B$46
Name Percentage_of_goal_1st: Data!$B$5
Name Percentage_regular: Data!$B$14
Name Percentage_singles: Data!$B$15
Name Picking_cycle_count: Data!$B$51
Name Pieces_per_package: Data!$B$48
Name Planning: Data!$B$2
Name Receiving: Data!$B$34
Name Receiving_DD: #REF!
Name Region_1: Data!$B$10
Name Region_2: Data!$B$11
Name Region_7: Data!$B$12
Name Repack: Data!$B$22
Name Repack_goal: Data!$B$23
Name Replenishment_pull: Data!$B$31
Name Replenishment_throw: Data!$B$32
Name Resets: Data!$B$24
Name Resets_per_hour: Data!$B$25
Name Returns: Data!$B$39
Name Returns_put_away: Data!$B$40
Name Ship_bulk: Data!$B$16
Name Ship_singles: Data!$B$17
Name Stocking: Data!$B$30
Name Taper: Data!$B$19
Name Truck_loader: Data!$B$20
Name Units_per_carton: Data!$B$37
Name UPT: Data!$B$13
Name Wholesale: Data!$B$57

Sheet October Projects
B1: Daily FTE | C1: 1st shift | D1: 2nd shift | E1: WE | F1: Add to Planner
A2: Offsite | B2: 6 | C2: 3 | D2: 3 | E2: 2
A3: Flue space/Inv. location | B3: 0 | C3: 0 | D3: 0 | E3: 0
A4: Receiving Exceptions | B4: 2 | C4: 1 | D4: 1 | E4: 0
A5: Vendor Compliance | B5: 2 | C5: 1 | D5: 1 | E5: 0 | F5: X
A6: Bucket reconcilliation | B6: 2 | C6: 1 | D6: 1 | E6: 1
A7: Gaylords/transfer (SPACE) | B7: 0 | C7: 0 | D7: 0 | E7: 0
A12: Total | B12: =SUM(B2:B10) -> 12

Sheet Outbound
A1: Fiscal Week | B1: =VLOOKUP(B3,FiscalCalendar!$A:$C,3,FALSE) -> 1 | C1: =VLOOKUP(C3,FiscalCalendar!$A:$C,3,FALSE) -> 1 | D1: =VLOOKUP(D3,FiscalCalendar!$A:$C,3,FALSE) -> 1 | E1: =VLOOKUP(E3,FiscalCalendar!$A:$C,3,FALSE) -> 1 | F1: =VLOOKUP(F3,FiscalCalendar!$A:$C,3,FALSE) -> 1 | G1: =VLOOKUP(G3,FiscalCalendar!$A:$C,3,FALSE) -> 1 | H1: =VLOOKUP(H3,FiscalCalendar!$A:$C,3,FALSE) -> 1 | I1: =VLOOKUP(I3,FiscalCalendar!$A:$C,3,FALSE) -> 2 | ... IN1: =VLOOKUP(IN3,FiscalCalendar!$A:$C,3,FALSE) -> 36 | IP1: =VLOOKUP(IP3,FiscalCalendar!$A:$C,3,FALSE) -> 36 | IQ1: =VLOOKUP(IQ3,FiscalCalendar!$A:$C,3,FALSE) -> 36 | IR1: =VLOOKUP(IR3,FiscalCalendar!$A:$C,3,FALSE) -> 36 | IS1: =VLOOKUP(IS3,FiscalCalendar!$A:$C,3,FALSE) -> 36 | IT1: =VLOOKUP(IT3,FiscalCalendar!$A:$C,3,FALSE) -> 37 | IU1: =VLOOKUP(IU3,FiscalCalendar!$A:$C,3,FALSE) -> 37 | IV1: =VLOOKUP(IV3,FiscalCalendar!$A:$C,3,FALSE) -> 37 | IW1: =VLOOKUP(IW3,FiscalCalendar!$A:$C,3,FALSE) -> 37 | ... NI1: =VLOOKUP(NI3,FiscalCalendar!$A:$C,3,FALSE) -> #N/A
B2: Sunday | C2: Monday | D2: Tuesday | E2: Wednesday | F2: Thursday | G2: Friday | H2: Saturday | I2: Sunday | J2: Monday | K2: Tuesday | L2: Wednesday | M2: Thursday | N2: Friday | O2: Saturday | P2: Sunday | Q2: Monday | R2: Tuesday | S2: Wednesday | T2: Thursday | U2: Friday | V2: Saturday | W2: Sunday | X2: Monday | Y2: Tuesday | Z2: Wednesday | AA2: Thursday | AB2: Friday | AC2: Saturday | AD2: Sunday | AE2: Monday | AF2: Tuesday | AG2: Wednesday | AH2: Thursday | AI2: Friday | AJ2: Saturday | AK2: Sunday | AL2: Monday | AM2: Tuesday | AN2: Wednesday | AO2: Thursday | AP2: Friday | AQ2: Saturday | AR2: Sunday | AS2: Monday | AT2: Tuesday | AU2: Wednesday | AV2: Thursday | AW2: Friday | AX2: Saturday | AY2: Sunday | AZ2: Monday | BA2: Tuesday | BB2: Wednesday | BC2: Thursday | BD2: Friday | BE2: Saturday | BF2: Sunday | BG2: Monday | BH2: Tuesday | BI2: Wednesday | BJ2: Thursday | BK2: Friday | BL2: Saturday | BM2: Sunday | BN2: Monday | BO2: Tuesday | BP2: Wednesday | BQ2: Thursday | BR2: Friday | BS2: Saturday | BT2: Sunday | BU2: Monday | BV2: Tuesday | BW2: Wednesday | BX2: Thursday | BY2: Friday | BZ2: Saturday | CA2: Sunday | CB2: Monday | CC2: Tuesday | CD2: Wednesday | CE2: Thursday | CF2: Friday | CG2: Saturday | CH2: Sunday | CI2: Monday | CJ2: Tuesday | CK2: Wednesday | CL2: Thursday | CM2: Friday | CN2: Saturday | CO2: Sunday | CP2: Monday | CQ2: Tuesday | CR2: Wednesday | CS2: Thursday | CT2: Friday | CU2: Saturday | CV2: Sunday | CW2: Monday | CX2: Tuesday | CY2: Wednesday | CZ2: Thursday | DA2: Friday | DB2: Saturday | DC2: Sunday | DD2: Monday | DE2: Tuesday | DF2: Wednesday | DG2: Thursday | DH2: Friday | DI2: Saturday | DJ2: Sunday | DK2: Monday | DL2: Tuesday | DM2: Wednesday | DN2: Thursday | DO2: Friday | DP2: Saturday | DQ2: Sunday | DR2: Monday | DS2: Tuesday | DT2: Wednesday | DU2: Thursday | DV2: Friday | DW2: Saturday | DX2: Sunday | DY2: Monday | DZ2: Tuesday | EA2: Wednesday | EB2: Thursday | EC2: Friday | ED2: Saturday | EE2: Sunday | EF2: Monday | EG2: Tuesday | EH2: Wednesday | EI2: Thursday | EJ2: Friday | EK2: Saturday | EL2: Sunday | EM2: Monday | EN2: Tuesday | EO2: Wednesday | EP2: Thursday | EQ2: Friday | ER2: Saturday | ES2: Sunday | ET2: Monday | EU2: Tuesday | EV2: Wednesday | EW2: Thursday | EX2: Friday | EY2: Saturday | EZ2: Sunday | FA2: Monday | FB2: Tuesday | FC2: Wednesday | FD2: Thursday | FE2: Friday | FF2: Saturday | FG2: Sunday | FH2: Monday | FI2: Tuesday | FJ2: Wednesday | FK2: Thursday | FL2: Friday | FM2: Saturday | FN2: Sunday | FO2: Monday | FP2: Tuesday | FQ2: Wednesday | FR2: Thursday | FS2: Friday | FT2: Saturday | FU2: Sunday | FV2: Monday | FW2: Tuesday | FX2: Wednesday | FY2: Thursday | FZ2: Friday | GA2: Saturday | GB2: Sunday | GC2: Monday | GD2: Tuesday | GE2: Wednesday | GF2: Thursday | GG2: Friday | GH2: Saturday | GI2: Sunday | GJ2: Monday | GK2: Tuesday | GL2: Wednesday | GM2: Thursday | GN2: Friday | GO2: Saturday | GP2: Sunday | GQ2: Monday | GR2: Tuesday | GS2: Wednesday | GT2: Thursday | GU2: Friday | GV2: Saturday | GW2: Sunday | GX2: Monday | GY2: Tuesday | GZ2: Wednesday | HA2: Thursday | HB2: Friday | HC2: Saturday | HD2: Sunday | HE2: Monday | HF2: Tuesday | HG2: Wednesday | HH2: Thursday | HI2: Friday | HJ2: Saturday | HK2: Sunday | HL2: Monday | HM2: Tuesday | HN2: Wednesday | HO2: Thursday | HP2: Friday | HQ2: Saturday | HR2: Sunday | HS2: Monday | HT2: Tuesday | HU2: Wednesday | HV2: Thursday | HW2: Friday | HX2: Saturday | HY2: Sunday | HZ2: Monday | IA2: Tuesday | IB2: Wednesday | IC2: Thursday | ID2: Friday | IE2: Saturday | IF2: Sunday | IG2: Monday | IH2: Tuesday | II2: Wednesday | IJ2: Thursday | IK2: Friday | IL2: Saturday | IM2: Sunday | IN2: Monday | IO2: Tuesday | IP2: Wednesday | IQ2: Thursday | IR2: Friday | IS2: Saturday | IT2: Sunday | IU2: Monday | IV2: Tuesday | IW2: Wednesday | IX2: Thursday | IY2: Friday | IZ2: Saturday | JA2: Sunday | JB2: Monday | JC2: Tuesday | JD2: Wednesday | JE2: Thursday | JF2: Friday | JG2: Saturday | JH2: Sunday | JI2: Monday | JJ2: Tuesday | JK2: Wednesday | JL2: Thursday | JM2: Friday | JN2: Saturday | JO2: Sunday | JP2: Monday | JQ2: Tuesday | JR2: Wednesday | JS2: Thursday | JT2: Friday | JU2: Saturday | JV2: Sunday | JW2: Monday | JX2: Tuesday | JY2: Wednesday | JZ2: Thursday | KA2: Friday | KB2: Saturday | KC2: Sunday | KD2: Monday | KE2: Tuesday | KF2: Wednesday | KG2: Thursday | KH2: Friday | KI2: Saturday | KJ2: Sunday | KK2: Monday | KL2: Tuesday | KM2: Wednesday | KN2: Thursday | KO2: Friday | KP2: Saturday | KQ2: Sunday | KR2: Monday | KS2: Tuesday | KT2: Wednesday | KU2: Thursday | KV2: Friday | KW2: Saturday | KX2: Sunday | KY2: Monday | KZ2: Tuesday | LA2: Wednesday | LB2: Thursday | LC2: Friday | LD2: Saturday | LE2: Sunday | LF2: Monday | LG2: Tuesday | LH2: Wednesday | LI2: Thursday | LJ2: Friday | LK2: Saturday | LL2: Sunday | LM2: Monday | LN2: Tuesday | LO2: Wednesday | LP2: Thursday | LQ2: Friday | LR2: Saturday | LS2: Sunday | LT2: Monday | LU2: Tuesday | LV2: Wednesday | LW2: Thursday | LX2: Friday | LY2: Saturday | LZ2: Sunday | MA2: Monday | MB2: Tuesday | MC2: Wednesday | MD2: Thursday | ME2: Friday | MF2: Saturday | MG2: Sunday | MH2: Monday | MI2: Tuesday | MJ2: Wednesday | MK2: Thursday | ML2: Friday | MM2: Saturday | MN2: Sunday | MO2: Monday | MP2: Tuesday | MQ2: Wednesday | MR2: Thursday | MS2: Friday | MT2: Saturday | MU2: Sunday | MV2: Monday | MW2: Tuesday | MX2: Wednesday | MY2: Thursday | MZ2: Friday | NA2: Saturday | NB2: Sunday | NC2: Monday | ND2: Tuesday | NE2: Wednesday | NF2: Thursday | NG2: Friday | NH2: Saturday | NI2: Sunday
B3: 45690 | C3: 45691 | D3: 45692 | E3: 45693 | F3: 45694 | G3: 45695 | H3: 45696 | I3: 45697 | J3: 45698 | K3: 45699 | L3: 45700 | M3: 45701 | N3: 45702 | O3: 45703 | P3: 45704 | Q3: 45705 | R3: 45706 | S3: 45707 | T3: 45708 | U3: 45709 | V3: 45710 | W3: 45711 | X3: 45712 | Y3: 45713 | Z3: 45714 | AA3: 45715 | AB3: 45716 | AC3: 45717 | AD3: 45718 | AE3: 45719 | AF3: 45720 | AG3: 45721 | AH3: 45722 | AI3: 45723 | AJ3: 45724 | AK3: 45725 | AL3: 45726 | AM3: 45727 | AN3: 45728 | AO3: 45729 | AP3: 45730 | AQ3: 45731 | AR3: 45732 | AS3: 45733 | AT3: 45734 | AU3: 45735 | AV3: 45736 | AW3: 45737 | AX3: 45738 | AY3: 45739 | AZ3: 45740 | BA3: 45741 | BB3: 45742 | BC3: 45743 | BD3: 45744 | BE3: 45745 | BF3: 45746 | BG3: 45747 | BH3: 45748 | BI3: 45749 | BJ3: 45750 | BK3: 45751 | BL3: 45752 | BM3: 45753 | BN3: 45754 | BO3: 45755 | BP3: 45756 | BQ3: 45757 | BR3: 45758 | BS3: 45759 | BT3: 45760 | BU3: 45761 | BV3: 45762 | BW3: 45763 | BX3: 45764 | BY3: 45765 | BZ3: 45766 | CA3: 45767 | CB3: 45768 | CC3: 45769 | CD3: 45770 | CE3: 45771 | CF3: 45772 | CG3: 45773 | CH3: 45774 | CI3: 45775 | CJ3: 45776 | CK3: 45777 | CL3: 45778 | CM3: 45779 | CN3: 45780 | CO3: 45781 | CP3: 45782 | CQ3: 45783 | CR3: 45784 | CS3: 45785 | CT3: 45786 | CU3: 45787 | CV3: 45788 | CW3: 45789 | CX3: 45790 | CY3: 45791 | CZ3: 45792 | DA3: 45793 | DB3: 45794 | DC3: 45795 | DD3: 45796 | DE3: 45797 | DF3: 45798 | DG3: 45799 | DH3: 45800 | DI3: 45801 | DJ3: 45802 | DK3: 45803 | DL3: 45804 | DM3: 45805 | DN3: 45806 | DO3: 45807 | DP3: 45808 | DQ3: 45809 | DR3: 45810 | DS3: 45811 | DT3: 45812 | DU3: 45813 | DV3: 45814 | DW3: 45815 | DX3: 45816 | DY3: 45817 | DZ3: 45818 | EA3: 45819 | EB3: 45820 | EC3: 45821 | ED3: 45822 | EE3: 45823 | EF3: 45824 | EG3: 45825 | EH3: 45826 | EI3: 45827 | EJ3: 45828 | EK3: 45829 | EL3: 45830 | EM3: 45831 | EN3: 45832 | EO3: 45833 | EP3: 45834 | EQ3: 45835 | ER3: 45836 | ES3: 45837 | ET3: 45838 | EU3: 45839 | EV3: 45840 | EW3: 45841 | EX3: 45842 | EY3: 45843 | EZ3: 45844 | FA3: 45845 | FB3: 45846 | FC3: 45847 | FD3: 45848 | FE3: 45849 | FF3: 45850 | FG3: 45851 | FH3: 45852 | FI3: 45853 | FJ3: 45854 | FK3: 45855 | FL3: 45856 | FM3: 45857 | FN3: 45858 | FO3: 45859 | FP3: 45860 | FQ3: 45861 | FR3: 45862 | FS3: 45863 | FT3: 45864 | FU3: 45865 | FV3: 45866 | FW3: 45867 | FX3: 45868 | FY3: 45869 | FZ3: 45870 | GA3: 45871 | GB3: 45872 | GC3: 45873 | GD3: 45874 | GE3: 45875 | GF3: 45876 | GG3: 45877 | GH3: 45878 | GI3: 45879 | GJ3: 45880 | GK3: 45881 | GL3: 45882 | GM3: 45883 | GN3: 45884 | GO3: 45885 | GP3: 45886 | GQ3: 45887 | GR3: 45888 | GS3: 45889 | GT3: 45890 | GU3: 45891 | GV3: 45892 | GW3: 45893 | GX3: 45894 | GY3: 45895 | GZ3: 45896 | HA3: 45897 | HB3: 45898 | HC3: 45899 | HD3: 45900 | HE3: 45901 | HF3: 45902 | HG3: 45903 | HH3: 45904 | HI3: 45905 | HJ3: 45906 | HK3: 45907 | HL3: 45908 | HM3: 45909 | HN3: 45910 | HO3: 45911 | HP3: 45912 | HQ3: 45913 | HR3: 45914 | HS3: 45915 | HT3: 45916 | HU3: 45917 | HV3: 45918 | HW3: 45919 | HX3: 45920 | HY3: 45921 | HZ3: 45922 | IA3: 45923 | IB3: 45924 | IC3: 45925 | ID3: 45926 | IE3: 45927 | IF3: 45928 | IG3: 45929 | IH3: 45930 | II3: 45931 | IJ3: 45932 | IK3: 45933 | IL3: 45934 | IM3: 45935 | IN3: 45936 | IO3: 45937 | IP3: 45938 | IQ3: 45939 | IR3: 45940 | IS3: 45941 | IT3: 45942 | IU3: 45943 | IV3: 45944 | IW3: 45945 | IX3: 45946 | IY3: 45947 | IZ3: 45948 | JA3: 45949 | JB3: 45950 | JC3: 45951 | JD3: 45952 | JE3: 45953 | JF3: 45954 | JG3: 45955 | JH3: 45956 | JI3: 45957 | JJ3: 45958 | JK3: 45959 | JL3: 45960 | JM3: 45961 | JN3: 45962 | JO3: 45963 | JP3: 45964 | JQ3: 45965 | JR3: 45966 | JS3: 45967 | JT3: 45968 | JU3: 45969 | JV3: 45970 | JW3: 45971 | JX3: 45972 | JY3: 45973 | JZ3: 45974 | KA3: 45975 | KB3: 45976 | KC3: 45977 | KD3: 45978 | KE3: 45979 | KF3: 45980 | KG3: 45981 | KH3: 45982 | KI3: 45983 | KJ3: 45984 | KK3: 45985 | KL3: 45986 | KM3: 45987 | KN3: 45988 | KO3: 45989 | KP3: 45990 | KQ3: 45991 | KR3: 45992 | KS3: 45993 | KT3: 45994 | KU3: 45995 | KV3: 45996 | KW3: 45997 | KX3: 45998 | KY3: 45999 | KZ3: 46000 | LA3: 46001 | LB3: 46002 | LC3: 46003 | LD3: 46004 | LE3: 46005 | LF3: 46006 | LG3: 46007 | LH3: 46008 | LI3: 46009 | LJ3: 46010 | LK3: 46011 | LL3: 46012 | LM3: 46013 | LN3: 46014 | LO3: 46015 | LP3: 46016 | LQ3: 46017 | LR3: 46018 | LS3: 46019 | LT3: 46020 | LU3: 46021 | LV3: 46022 | LW3: 46023 | LX3: 46024 | LY3: 46025 | LZ3: 46026 | MA3: 46027 | MB3: 46028 | MC3: 46029 | MD3: 46030 | ME3: 46031 | MF3: 46032 | MG3: 46033 | MH3: 46034 | MI3: 46035 | MJ3: 46036 | MK3: 46037 | ML3: 46038 | MM3: 46039 | MN3: 46040 | MO3: 46041 | MP3: 46042 | MQ3: 46043 | MR3: 46044 | MS3: 46045 | MT3: 46046 | MU3: 46047 | MV3: 46048 | MW3: 46049 | MX3: 46050 | MY3: 46051 | MZ3: 46052 | NA3: 46053 | NB3: 46054 | NC3: 46055 | ND3: 46056 | NE3: 46057 | NF3: 46058 | NG3: 46059 | NH3: 46060 | NI3: 46061
A4: Orders | DP4: Azure switchover after hours | DX4: Azure switchback | DY4: OMS SFSC? | EF4: OMS Phase 2 | EK4: Updated Hanna Sale start | EO4: Hanna Sale | FG4: Potential Azure switchover | GF4: GOTs Audit? | IL4: 40/50/60 | IM4: Only WE | IN4: WE/2nd | IO4: 1st/2nd | IP4: 1st/2nd | IQ4: 1st/2nd | IR4: ALL | IS4: Only WE | IT4: 2nd/WE | IU4: ALL | IV4: 1st/2nd | IW4: 1st/2nd | IX4: ALL | IY4: 1st/WE | IZ4: Only WE | JA4: 2nd/WE | JB4: ALL | JC4: ALL | JD4: 1st/2nd | JE4: ALL | JF4: ALL | JG4: 1st/WE | KI4: 60/60/40 | KJ4: ALL | KK4: ALL | KL4: ALL | KM4: ALL | KO4: ALL | KP4: ALL | KQ4: ALL | KR4: ALL | KS4: ALL | KT4: ALL | KU4: 1st/2nd | KV4: 2nd/WE | KW4: 1st/WE | LB4: SP cust. cut-off | LE4: All SP must be shipped! | LH4: LAST DAY FEDEX/UPS GND | LJ4: 3D cut-off | LM4: 2D cut-off | LN4: Overnight cut-off
A5: Remaining Volume (Units) | B5: 2500 | C5: =B5-B7+B10 -> 4373 | D5: =C5-C7+C10 -> 2903 | E5: =D5-D7+D10 -> 2297 | F5: =E5-E7+E10 -> 2335 | G5: =F5-F7+F10 -> 1878 | H5: =G5-G7+G10 -> 4491 | I5: =H5-H7+H10 -> 8088 | J5: =I5-I7+I10 -> 3446 | ... AD5: =AC5-AC7+AC10 -> 10728 | AE5: 18152 | AF5: =AE5-AE7+AE10 -> 5729 | AG5: =AF5-AF7+AF10 -> 4820 | AH5: =AG5-AG7+AG10 -> 4938 | AI5: =AH5-AH7+AH10 -> 4204 | AJ5: =AI5-AI7+AI10 -> 8051 | AK5: =AJ5-AJ7+AJ10 -> 10719 | AL5: =AK5-AK7+AK10 -> 6242 | AM5: =AL5-AL7+AL10 -> 5274 | ... BO5: =BN5-BN7+BN10 -> 10075 | BP5: 10441 | BQ5: =BP5-BP7+BP10 -> 6981 | BR5: =BQ5-BQ7+BQ10 -> 4949 | BS5: =BR5-BR7+BR10 -> 11812 | BT5: =BS5-BS7+BS10 -> 12529 | BU5: =BT5-BT7+BT10 -> 11429 | BV5: =BU5-BU7+BU10 -> 4777 | BW5: 6426 | BX5: =BW5-BW7+BW10 -> 4505 | BY5: =BX5-BX7+BX10 -> 3139 | BZ5: =BY5-BY7+BY10 -> 6894 | CA5: =BZ5-BZ7+BZ10 -> 6494 | CB5: =CA5-CA7+CA10 -> 17266 | CC5: =CB5-CB7+CB10 -> 5113 | CD5: =CC5-CC7+CC10 -> 5191 | CE5: =CD5-CD7+CD10 -> 17463 | ... CH5: =CG5-CG7+CG10 -> 20831 | CI5: 30198 | CJ5: =CI5-CI7+CI10 -> 14432 | CK5: =CJ5-CJ7+CJ10 -> 12947 | CL5: =CK5-CK7+CK10 -> 41236 | CM5: =CL5-CL7+CL10 -> 39399 | CN5: =CM5-CM7+CM10 -> 44494 | CO5: =CN5-CN7+CN10 -> 74608 | CP5: 73472 | CQ5: =CP5-CP7+CP10 -> 66226 | CR5: =CQ5-CQ7+CQ10 -> 59910 | CS5: =CR5-CR7+CR10 -> 41369 | CT5: =CS5-CS7+CS10 -> 25658 | CU5: =CT5-CT7+CT10 -> 22965.991 | CV5: =CU5-CU7+CU10 -> 17819.996 | CW5: =CV5-CV7+CV10 -> 30564.983 | CX5: =CW5-CW7+CW10 -> 14194.988 | ... DQ5: =DP5-DP7+DP10 -> 17777.988 | DR5: 11363 | DS5: =DR5-DR7+DR10 -> 6503 | DT5: =DS5-DS7+DS10 -> 4518 | DU5: =DT5-DT7+DT10 -> 6173 | DV5: =DU5-DU7+DU10 -> 5374 | DW5: =DV5-DV7+DV10 -> 7788 | DX5: =DW5-DW7+DW10 -> 11299 | DY5: =DX5-DX7+DX10 -> 7199 | DZ5: 9044 | EA5: =DZ5-DZ7+DZ10 -> 6993 | EB5: =EA5-EA7+EA10 -> 6799 | EC5: =EB5-EB7+EB10 -> 5787 | ED5: =EC5-EC7+EC10 -> 8001 | EE5: =ED5-ED7+ED10 -> 14225 | EF5: =EE5-EE7+EE10 -> 29674 | EG5: =EF5-EF7+EF10 -> 22131 | EH5: =EG5-EG7+EG10 -> 12563 | ... GD5: =GC5-GC7+GC10 -> 2564 | GE5: 5042 | GF5: =GE5-GE7+GE10 -> 5211 | GG5: =GF5-GF7+GF10 -> 5482 | GH5: =GG5-GG7+GG10 -> 9045 | GI5: =GH5-GH7+GH10 -> 19736 | GJ5: =GI5-GI7+GI10 -> 14473 | GK5: =GJ5-GJ7+GJ10 -> 11515 | GL5: =GK5-GK7+GK10 -> 5808 | GM5: =GL5-GL7+GL10 -> 5702 | ... GP5: =GO5-GO7+GO10 -> 10951 | GQ5: 7544 | GR5: =GQ5-GQ7+GQ10 -> 7724 | GS5: =GR5-GR7+GR10 -> 7655 | GT5: =GS5-GS7+GS10 -> 9337 | GU5: =GT5-GT7+GT10 -> 21242 | GV5: =GU5-GU7+GU10 -> 29338 | GW5: =GV5-GV7+GV10 -> 41015 | GX5: =GW5-GW7+GW10 -> 43947 | GY5: =GX5-GX7+GX10 -> 43017 | ... HF5: =HE5-HE7+HE10 -> 116321 | HG5: 129828 | HH5: =HG5-HG7+HG10 -> 108857 | HI5: =HH5-HH7+HH10 -> 88919 | HJ5: =HI5-HI7+HI10 -> 76615 | HK5: =HJ5-HJ7+HJ10 -> 65519 | HL5: 46014 | HM5: =HL5-HL7+HL10 -> 29623 | HN5: =HM5-HM7+HM10 -> 22265 | HO5: 12185 | HP5: =HO5-HO7+HO10 -> 10960 | HQ5: =HP5-HP7+HP10 -> 11330 | HR5: =HQ5-HQ7+HQ10 -> 11359 | HS5: =HR5-HR7+HR10 -> 10425 | HT5: =HS5-HS7+HS10 -> 4476 | HU5: =HT5-HT7+HT10 -> 3516 | HV5: 4693 | HW5: =HV5-HV7+HV10 -> 7747 | HX5: =HW5-HW7+HW10 -> 16383 | HY5: =HX5-HX7+HX10 -> 22784 | HZ5: =HY5-HY7+HY10 -> 21920 | IA5: =HZ5-HZ7+HZ10 -> 23977 | IB5: =IA5-IA7+IA10 -> 35660 | IC5: =IB5-IB7+IB10 -> 26021 | ID5: =IC5-IC7+IC10 -> 15685 | ... IM5: =IL5-IL7+IL10 -> 9151 | IN5: 14913 | IO5: =IN5-IN7+IN10 -> 9115 | IP5: =IO5-IO7+IO10 -> 32054 | IQ5: =IP5-IP7+IP10 -> 51305 | IR5: =IQ5-IQ7+IQ10 -> 82041 | IS5: =IR5-IR7+IR10 -> 78719 | IT5: =IS5-IS7+IS10 -> 97247 | IU5: =IT5-IT7+IT10 -> 118066 | IV5: =IU5-IU7+IU10 -> 119023 | ... JH5: =JG5-JG7+JG10 -> 26582 | JI5: 17092 | JJ5: =JI5-JI7+JI10 -> 10618 | JK5: =JJ5-JJ7+JJ10 -> 8672 | JL5: =JK5-JK7+JK10 -> 13651 | JM5: =JL5-JL7+JL10 -> 18750 | JN5: =JM5-JM7+JM10 -> 20664 | JO5: =JN5-JN7+JN10 -> 46950 | JP5: =JO5-JO7+JO10 -> 82500 | JQ5: 79205 | JR5: =JQ5-JQ7+JQ10 -> 53415 | JS5: =JR5-JR7+JR10 -> 31918 | JT5: 19677 | JU5: =JT5-JT7+JT10 -> 20070 | JV5: =JU5-JU7+JU10 -> 34677 | JW5: 47576 | JX5: =JW5-JW7+JW10 -> 24489 | JY5: =JX5-JX7+JX10 -> 16236 | JZ5: 9849 | KA5: =JZ5-JZ7+JZ10 -> 17521 | KB5: =KA5-KA7+KA10 -> 29590 | KC5: =KB5-KB7+KB10 -> 56613 | KD5: =KC5-KC7+KC10 -> 57790 | KE5: =KD5-KD7+KD10 -> 19014 | KF5: =KE5-KE7+KE10 -> 31448 | KG5: =KF5-KF7+KF10 -> 20502 | KH5: =KG5-KG7+KG10 -> 16138 | ... KX5: =KW5-KW7+KW10 -> 72075 | KY5: 88387 | KZ5: =KY5-KY7+KY10 -> 67297 | LA5: =KZ5-KZ7+KZ10 -> 54525 | LB5: =LA5-LA7+LA10 -> 39248 | LC5: =LB5-LB7+LB10 -> 32945 | LD5: =LC5-LC7+LC10 -> 44558 | LE5: =LD5-LD7+LD10 -> 54581 | LF5: =LE5-LE7+LE10 -> 58666 | LG5: =LF5-LF7+LF10 -> 41251 | LH5: 39516 | LI5: =LH5-LH7+LH10 -> 10795 | LJ5: =LI5-LI7+LI10 -> 11156 | LK5: =LJ5-LJ7+LJ10 -> 12212 | LL5: =LK5-LK7+LK10 -> 11479 | LM5: =LL5-LL7+LL10 -> 5492 | LN5: =LM5-LM7+LM10 -> 4247 | LO5: =LN5-LN7+LN10 -> 2741 | LP5: =LO5-LO7+LO10 -> 9008 | ... LS5: =LR5-LR7+LR10 -> 33227 | LT5: 53155 | LU5: =LT5-LT7+LT10 -> 51243 | LV5: =LU5-LU7+LU10 -> 49684 | LW5: =LV5-LV7+LV10 -> 73486 | LX5: =LW5-LW7+LW10 -> 100571 | LY5: =LX5-LX7+LX10 -> 74410 | LZ5: =LY5-LY7+LY10 -> 86736 | MA5: =LZ5-LZ7+LZ10 -> 75276 | MB5: =MA5-MA7+MA10 -> 61310 | ... MK5: =MJ5-MJ7+MJ10 -> 10268 | ML5: 10925 | MM5: =ML5-ML7+ML10 -> 10544 | MN5: =MM5-MM7+MM10 -> 21387 | MO5: =MN5-MN7+MN10 -> 21301 | MP5: =MO5-MO7+MO10 -> 40822 | MQ5: =MP5-MP7+MP10 -> 27942 | MR5: 12573 | MS5: =MR5-MR7+MR10 -> 4034 | MT5: =MS5-MS7+MS10 -> 7298 | MU5: =MT5-MT7+MT10 -> 15545 | MV5: =MU5-MU7+MU10 -> 28231 | MW5: =MV5-MV7+MV10 -> 27464 | MX5: =MW5-MW7+MW10 -> 14867 | MY5: =MX5-MX7+MX10 -> 7385 | MZ5: =MY5-MY7+MY10 -> 3588 | ... NI5: =NH5-NH7+NH10 -> 15780.858
A6: Units Shipped Goal | B6: =B5 -> 2500 | C6: 7000 | D6: 7000 | E6: 8000 | F6: 7000 | G6: 3000 | H6: 5000 | I6: 15000 | J6: 8000 | K6: 7000 | L6: 7000 | M6: 8000 | N6: 7000 | O6: 12000 | P6: 22000 | Q6: 27000 | R6: 14000 | S6: 0 | T6: 15000 | U6: 7000 | V6: 7000 | W6: 15000 | X6: 18000 | Y6: 8000 | Z6: 8000 | AA6: 8000 | AB6: 7000 | AC6: 7000 | AD6: 15000 | AE6: 17000 | AF6: 9000 | AG6: 8000 | AH6: 6000 | AI6: 5000 | AJ6: 7000 | AK6: 17000 | AL6: 17000 | AM6: 12000 | AN6: 12000 | AO6: 10000 | AP6: 12000 | AQ6: 12000 | AR6: 20000 | AS6: 28000 | AT6: 12000 | AU6: 13000 | AV6: 8000 | AW6: 10000 | AX6: 14000 | AY6: 24000 | AZ6: 30000 | BA6: 13500 | BB6: 14000 | BC6: 14000 | BD6: 6000 | BE6: 6000 | BF6: 15000 | BG6: 15000 | BH6: 10000 | BI6: 10000 | BJ6: 10000 | BK6: 7000 | BL6: 12000 | BM6: 25000 | BN6: 23000 | BO6: 13000 | BP6: 13000 | BQ6: 11000 | BR6: 10000 | BS6: 12500 | BT6: 20000 | BU6: 14000 | BV6: 9000 | BW6: 9000 | BX6: 8000 | BY6: 6000 | BZ6: 12000 | CA6: 0 | CB6: 20000 | CC6: 10000 | CD6: 15000 | CE6: 21000 | CF6: 25000 | CG6: 16000 | CH6: 28000 | CI6: 36000 | CJ6: 20000 | CK6: 20000 | CL6: 32000 | CM6: 22000 | CN6: 16000 | CO6: 28000 | CP6: 36000 | CQ6: 26000 | CR6: 26000 | CS6: 26000 | CT6: 15000 | CU6: 15000 | CV6: 0 | CW6: 32000 | CX6: 14000 | CY6: 10000 | CZ6: 9000 | DA6: 15000 | DB6: 15000 | DC6: 28000 | DD6: 32000 | DE6: 26000 | DF6: 24000 | DG6: 23000 | DH6: 20000 | DI6: 20000 | DJ6: 32000 | DK6: 36000 | DL6: 32000 | DM6: 30000 | DN6: 24000 | DO6: 20000 | DP6: 14000 | DQ6: 23000 | DR6: 10000 | DS6: 10000 | DT6: 7000 | DU6: 10000 | DV6: 10000 | DW6: 10000 | DX6: 15000 | DY6: 11000 | DZ6: 10000 | EA6: 8000 | EB6: 10000 | EC6: 6500 | ED6: 9000 | EE6: 0 | EF6: 25000 | EG6: 20000 | EH6: 15000 | EI6: 10000 | EJ6: 11000 | EK6: 15000 | EL6: 30000 | EM6: 40000 | EN6: 25000 | EO6: 25000 | EP6: 24000 | EQ6: 22000 | ER6: 20000 | ES6: 35000 | ET6: 40000 | EU6: 38000 | EV6: 25000 | EW6: 40000 | EX6: 35000 | EY6: 25000 | EZ6: 35000 | FA6: 40000 | FB6: 35000 | FC6: 25000 | FD6: 26000 | FE6: 25000 | FF6: 20000 | FG6: 30000 | FH6: 27000 | FI6: 21000 | FJ6: 20000 | FK6: 16000 | FL6: 6000 | FM6: 8000 | FN6: 16000 | FO6: 10000 | FP6: 8000 | FQ6: 9000 | FR6: 8000 | FS6: 8000 | FT6: 8000 | FU6: 16000 | FV6: 16000 | FW6: 10000 | FX6: 10000 | FY6: 10000 | FZ6: 8000 | GA6: 8000 | GB6: 15000 | GC6: 18000 | GD6: 9000 | GE6: 7000 | GF6: 8000 | GG6: 6000 | GH6: 7000 | GI6: 25000 | GJ6: 19000 | GK6: 12000 | GL6: 7000 | GM6: 10000 | GN6: 7000 | GO6: 8000 | GP6: 15000 | GQ6: 11000 | GR6: 11000 | GS6: 11000 | GT6: 15000 | GU6: 14000 | GV6: 14000 | GW6: 30000 | GX6: 33000 | GY6: 30000 | GZ6: 28000 | HA6: 26000 | HB6: 20000 | HC6: 20000 | HD6: 35000 | HE6: 36000 | HF6: 35000 | HG6: 30000 | HH6: 30000 | HI6: 26000 | HJ6: 20000 | HK6: 35000 | HL6: 30000 | HM6: 17000 | HN6: 17000 | HO6: 13000 | HP6: 11000 | HQ6: 17000 | HR6: 25000 | HS6: 14000 | HT6: 8000 | HU6: 9000 | HV6: 8000 | HW6: 7000 | HX6: 12000 | HY6: 30000 | HZ6: 25000 | IA6: 20000 | IB6: 22000 | IC6: 22000 | ID6: 13500 | IE6: 15000 | IF6: 25000 | IG6: 15000 | IH6: 15000 | II6: 10000 | IJ6: 10000 | IK6: 7000 | IL6: 12000 | IM6: 17000 | IN6: 17000 | IO6: 25000 | IP6: 30000 | IQ6: 30000 | IR6: 55000 | IS6: 20000 | IT6: 38000 | IU6: 50000 | IV6: 40500 | IW6: 41000 | IX6: 50000 | IY6: 40000 | IZ6: 24000 | JA6: 42000 | JB6: 52000 | JC6: 55000 | JD6: 50000 | JE6: 55000 | JF6: 65000 | JG6: 38000 | JH6: 32000 | JI6: 25000 | JJ6: 16000 | JK6: 18000 | JL6: 22000 | JM6: 22000 | JN6: 20000 | JO6: 40000 | JP6: 65000 | JQ6: 45000 | JR6: 45000 | JS6: 30000 | JT6: 15000 | JU6: 22000 | JV6: 40000 | JW6: 45000 | JX6: 30000 | JY6: 32000 | JZ6: 30000 | KA6: 20000 | KB6: 20000 | KC6: 45000 | KD6: 75000 | KE6: 55000 | KF6: 55000 | KG6: 55000 | KH6: 30000 | KI6: 25000 | KJ6: 75000 | KK6: 65000 | KL6: 55000 | KM6: 47000 | KN6: 0 | KO6: 80000 | KP6: 80000 | KQ6: 80000 | KR6: 75000 | KS6: 75000 | KT6: 75000 | KU6: 55000 | KV6: 47500 | KW6: 47500 | KX6: 45000 | KY6: 60000 | KZ6: 45000 | LA6: 45000 | LB6: 35000 | LC6: 18000 | LD6: 20000 | LE6: 40000 | LF6: 50000 | LG6: 46000 | LH6: 46000 | LI6: 20000 | LJ6: 15000 | LK6: 15000 | LL6: 20000 | LM6: 16000 | LN6: 9000 | LO6: 0 | LP6: 0 | LQ6: 50000 | LR6: 20000 | LS6: 40000 | LT6: 50000 | LU6: 40000 | LV6: 0 | LW6: 0 | LX6: 60000 | LY6: 26000 | LZ6: 38000 | MA6: 50000 | MB6: 40000 | MC6: 35000 | MD6: 22000 | ME6: 10000 | MF6: 10000 | MG6: 22000 | MH6: 30000 | MI6: 15000 | MJ6: 15000 | MK6: 12000 | ML6: 8000 | MM6: 8000 | MN6: 18000 | MO6: 0 | MP6: 18000 | MQ6: 18000 | MR6: 12000 | MS6: 6000 | MT6: 4000 | MU6: 0 | MV6: 0 | MW6: 14000 | MX6: 11000 | MY6: 7000 | MZ6: 5000 | NA6: 5000 | NB6: 5000 | NC6: 14000 | ND6: 7003 | NE6: 7004 | NF6: 7005 | NG6: 7006 | NH6: 7007 | NI6: 7008
A7: Shipped Units (PowerBi) | B7: 7700 | C7: 10524 | D7: 10799 | E7: 9520 | F7: 10470 | G7: 5668 | H7: 5929 | I7: 14944 | J7: 11440 | K7: 8989 | L7: 8111 | M7: 7313 | N7: 7107 | O7: 8732 | P7: 21935 | Q7: 26305 | R7: 18637 | S7: =S6 -> 0 | T7: 18837 | U7: 7944 | V7: 7973 | W7: 22771 | X7: 21362 | Y7: 9783 | Z7: 9890 | AA7: 9821 | AB7: 5028 | AC7: 7408 | AD7: 18288 | AE7: 22198 | AF7: 10631 | AG7: 9818 | AH7: 10160 | AI7: 5556 | AJ7: 8682 | AK7: 17677 | AL7: 12264 | AM7: 12070 | AN7: 12158 | AO7: 12139 | AP7: 11311 | AQ7: 13639 | AR7: 23854 | AS7: 28893 | AT7: 13864 | AU7: 12219 | AV7: 10122 | AW7: 7412 | AX7: 14291 | AY7: 20606 | AZ7: 26568 | BA7: 21812 | BB7: 20014 | BC7: 17377 | BD7: 6689 | BE7: 9642 | BF7: 14940 | BG7: 19060 | BH7: 13703 | BI7: 8438 | BJ7: 11835 | BK7: 8211 | BL7: 13864 | BM7: 19823 | BN7: 23922 | BO7: 15270 | BP7: 14109 | BQ7: 12371 | BR7: 5991 | BS7: 12307 | BT7: 16163 | BU7: 16444 | BV7: 10472 | BW7: 10624 | BX7: 9221 | BY7: 4799 | BZ7: 8979 | CA7: =CA6 -> 0 | CB7: 24191 | CC7: 10821 | CD7: 18882 | CE7: 27212 | CF7: 28131 | CG7: 13897 | CH7: 28284 | CI7: 37301 | CJ7: 21227 | CK7: 23434 | CL7: 35077 | CM7: 24513 | CN7: 13966 | CO7: 28310 | CP7: 37087 | CQ7: 30746 | CR7: 27300 | CS7: 24172 | CT7: 14813 | CU7: 15480 | CV7: =CV6 -> 0 | CW7: 26738 | CX7: 15489 | CY7: 11507 | CZ7: 11150 | DA7: 11527 | DB7: 15236 | DC7: 24244 | DD7: 26188 | DE7: 27656 | DF7: 22644 | DG7: 21907 | DH7: 20408 | DI7: 23185 | DJ7: 24258 | DK7: 39114 | DL7: 39399 | DM7: 39857 | DN7: 25906 | DO7: 18166 | DP7: 15307 | DQ7: 22323 | DR7: 14790 | DS7: 11588 | DT7: 9285 | DU7: 10532 | DV7: 6885 | DW7: 7183 | DX7: 16934 | DY7: 12488 | DZ7: 12080 | EA7: 10034 | EB7: 9585 | EC7: 6258 | ED7: 9392 | EE7: =EE6 -> 0 | EF7: 24748 | EG7: 19693 | EH7: 15511 | EI7: 10944 | EJ7: 6682 | EK7: 8178 | EL7: 33153 | EM7: 41129 | EN7: 26143 | EO7: 23676 | EP7: 24350 | EQ7: 19673 | ER7: 20061 | ES7: 36717 | ET7: 45095 | EU7: 42223 | EV7: 29692 | EW7: 36733 | EX7: 33327 | EY7: 23948 | EZ7: 35587 | FA7: 40966 | FB7: 36928 | FC7: 28608 | FD7: 27660 | FE7: 23343 | FF7: 22850 | FG7: 27055 | FH7: 26529 | FI7: 25645 | FJ7: 18034 | FK7: 16891 | FL7: 9098 | FM7: 9975 | FN7: 19622 | FO7: 12075 | FP7: 11835 | FQ7: 10000 | FR7: 9284 | FS7: 4688 | FT7: 7915 | FU7: 19584 | FV7: 16857 | FW7: 8621 | FX7: 10256 | FY7: 8948 | FZ7: 4802 | GA7: 8651 | GB7: 17949 | GC7: 11914 | GD7: 12448 | GE7: 10248 | GF7: 10078 | GG7: 6700 | GH7: 9518 | GI7: 26923 | GJ7: 22700 | GK7: 17358 | GL7: 11417 | GM7: 11578 | GN7: 6757 | GO7: 10148 | GP7: 19631 | GQ7: 15220 | GR7: 13038 | GS7: 15230 | GT7: 18978 | GU7: 16087 | GV7: 15569 | GW7: 31560 | GX7: 32648 | GY7: 29312 | GZ7: 30029 | HA7: 30148 | HB7: 36640 | HC7: 18650 | HD7: 38069 | HE7: 39475 | HF7: 37733 | HG7: 34449 | HH7: 31175 | HI7: 23845 | HJ7: 22241 | HK7: 38100 | HL7: 31301 | HM7: 19419 | HN7: 18673 | HO7: 15603 | HP7: 11367 | HQ7: 12467 | HR7: 18942 | HS7: 16385 | HT7: 10306 | HU7: 9831 | HV7: 14034 | HW7: 8009 | HX7: 13024 | HY7: 31464 | HZ7: 23752 | IA7: 22936 | IB7: 23713 | IC7: 24150 | ID7: 11446 | IE7: 14496 | IF7: 21195 | IG7: 17968 | IH7: 15163 | II7: 12974 | IJ7: 15447 | IK7: 6063 | IL7: 13125 | IM7: 15149 | IN7: 20061 | IO7: 27146 | IP7: 31066 | IQ7: 30998 | IR7: 57145 | IS7: 26540 | IT7: 39353 | IU7: 53107 | IV7: 43774 | IW7: 46603 | IX7: 49048 | IY7: 41855 | IZ7: 24756 | JA7: 54775 | JB7: 58868 | JC7: 57512 | JD7: 51429 | JE7: 59820 | JF7: 68109 | JG7: 39996 | JH7: 36962 | JI7: 24841 | JJ7: 19635 | JK7: 13887 | JL7: 25847 | JM7: 18303 | JN7: 21384 | JO7: 34285 | JP7: 49406 | JQ7: 46426 | JR7: 40538 | JS7: 32640 | JT7: 17380 | JU7: 20439 | JV7: 36014 | JW7: 48172 | JX7: 32728 | JY7: 28706 | JZ7: 28040 | KA7: 18649 | KB7: 16686 | KC7: 50225 | KD7: 73501 | KE7: 48278 | KF7: 56917 | KG7: 49584 | KH7: 32432 | KI7: 25469 | KJ7: 78828 | KK7: 71284 | KL7: 59828 | KM7: 51122 | KN7: =KN6 -> 0 | KO7: 90465 | KP7: 83936 | KQ7: 85314 | KR7: 80694 | KS7: 77116 | KT7: 72191 | KU7: 62800 | KV7: 48638 | KW7: 37530 | KX7: 46912 | KY7: 60510 | KZ7: 47829 | LA7: 42552 | LB7: 31857 | LC7: 13702 | LD7: 25226 | LE7: 36525 | LF7: 48897 | LG7: 49065 | LH7: 48939 | LI7: 17169 | LJ7: 15427 | LK7: 13284 | LL7: 18479 | LM7: 10524 | LN7: 8546 | LO7: =LO6 -> 0 | LP7: =LP6 -> 0 | LQ7: 33037 | LR7: 15224 | LS7: 36685 | LT7: 41476 | LU7: 36494 | LV7: =LV6 -> 0 | LW7: =LW6 -> 0 | LX7: 53458 | LY7: 17061 | LZ7: 41069 | MA7: 41573 | MB7: 43065 | MC7: 30308 | MD7: 24845 | ME7: 12934 | MF7: 11629 | MG7: 23480 | MH7: 29813 | MI7: 19942 | MJ7: 17352 | MK7: 14926 | ML7: 9552 | MM7: 9327 | MN7: 20119 | MO7: =MO6 -> 0 | MP7: 20450 | MQ7: 24157 | MR7: 15217 | MS7: 3896 | MT7: 5769 | MU7: =MU6 -> 0 | MV7: 12018 | MW7: 20189 | MX7: 15384 | MY7: 11787 | MZ7: 4704 | NA7: 10923 | NB7: =NB6 -> 5000 | NC7: =NC6 -> 14000 | ND7: =ND6 -> 7003 | NE7: =NE6 -> 7004 | NF7: =NF6 -> 7005 | NG7: =NG6 -> 7006 | NH7: =NH6 -> 7007 | NI7: =NI6 -> 7008
A8: Forecasted Demand (Units) (-10%, -5%) | B8: =VLOOKUP(B$3,'KPI DC Forecast link file'!$B:$C,2,FALSE) -> 9573.0005 | C8: =VLOOKUP(C$3,'KPI DC Forecast link file'!$B:$C,2,FALSE) -> 9053.9953 | D8: =VLOOKUP(D$3,'KPI DC Forecast link file'!$B:$C,2,FALSE) -> 10192.991 | E8: =VLOOKUP(E$3,'KPI DC Forecast link file'!$B:$C,2,FALSE) -> 9558.0108 | F8: =VLOOKUP(F$3,'KPI DC Forecast link file'!$B:$C,2,FALSE) -> 10013.012 | G8: =VLOOKUP(G$3,'KPI DC Forecast link file'!$B:$C,2,FALSE) -> 8281.005 | H8: =VLOOKUP(H$3,'KPI DC Forecast link file'!$B:$C,2,FALSE) -> 9525.9902 | I8: =VLOOKUP(I$3,'KPI DC Forecast link file'!$B:$C,2,FALSE) -> 10301.992 | ... DL8: =VLOOKUP(DL$3,'KPI DC Forecast link file'!$B:$C,2,FALSE) -> 11481.99 | DM8: 25807 | DN8: =VLOOKUP(DN$3,'KPI DC Forecast link file'!$B:$C,2,FALSE) -> 8736.0005 | DO8: =VLOOKUP(DO$3,'KPI DC Forecast link file'!$B:$C,2,FALSE) -> 8027.0051 | DP8: =VLOOKUP(DP$3,'KPI DC Forecast link file'!$B:$C,2,FALSE) -> 9552.9973 | DQ8: =VLOOKUP(DQ$3,'KPI DC Forecast link file'!$B:$C,2,FALSE) -> 11569.985 | DR8: =VLOOKUP(DR$3,'KPI DC Forecast link file'!$B:$C,2,FALSE) -> 9930.0064 | DS8: =VLOOKUP(DS$3,'KPI DC Forecast link file'!$B:$C,2,FALSE) -> 9603.0049 | DT8: =VLOOKUP(DT$3,'KPI DC Forecast link file'!$B:$C,2,FALSE) -> 10940.009 | DU8: =VLOOKUP(DU$3,'KPI DC Forecast link file'!$B:$C,2,FALSE) -> 9732.9915 | ... KD8: =VLOOKUP(KD$3,'KPI DC Forecast link file'!$B:$C,2,FALSE) -> 34725.004 | KE8: 70000 | KF8: =VLOOKUP(KF$3,'KPI DC Forecast link file'!$B:$C,2,FALSE) -> 45970.966 | KG8: =VLOOKUP(KG$3,'KPI DC Forecast link file'!$B:$C,2,FALSE) -> 45220.008 | KH8: =VLOOKUP(KH$3,'KPI DC Forecast link file'!$B:$C,2,FALSE) -> 45042.042 | KI8: =VLOOKUP(KI$3,'KPI DC Forecast link file'!$B:$C,2,FALSE) -> 54745.996 | KJ8: =VLOOKUP(KJ$3,'KPI DC Forecast link file'!$B:$C,2,FALSE) -> 60861.968 | KK8: =KK9*0.9 -> 55757.701 | KL8: =KL9*0.9 -> 46307.718 | KM8: =KM9*0.9 -> 43779.595 | KN8: =KN9*0.9 -> 46704.602 | KO8: =KO9*0.9 -> 120007.74 | KP8: =KP9*0.9 -> 89211.665 | KQ8: =KQ9*0.9 -> 91547.122 | KR8: =KR9*0.95 -> 114192 | KS8: =KS9*0.95 -> 58873.387 | KT8: =KT9*0.95 -> 27755.233 | KU8: =KU9*0.95 -> 22942.504 | KV8: =KV9*0.95 -> 24005.559 | KW8: =KW9*0.95 -> 41797.118 | KX8: =KX9*0.95 -> 53079.376 | KY8: =KY9*0.95 -> 37449.009 | ... MC8: =MC9*0.95 -> 18021.524
A9: OPS (8/18 and earlier) or IMF Plan Forecasted (Units) | KK9: =VLOOKUP(KK$3,'KPI DC Forecast link file'!$B:$C,2,FALSE) -> 61953.002 | KL9: =VLOOKUP(KL$3,'KPI DC Forecast link file'!$B:$C,2,FALSE) -> 51453.02 | KM9: =VLOOKUP(KM$3,'KPI DC Forecast link file'!$B:$C,2,FALSE) -> 48643.994 | KN9: =VLOOKUP(KN$3,'KPI DC Forecast link file'!$B:$C,2,FALSE) -> 51894.003 | KO9: =VLOOKUP(KO$3,'KPI DC Forecast link file'!$B:$C,2,FALSE) -> 133341.93 | KP9: =VLOOKUP(KP$3,'KPI DC Forecast link file'!$B:$C,2,FALSE) -> 99124.072 | KQ9: =VLOOKUP(KQ$3,'KPI DC Forecast link file'!$B:$C,2,FALSE) -> 101719.02 | KR9: =VLOOKUP(KR$3,'KPI DC Forecast link file'!$B:$C,2,FALSE) -> 120202.1 | ... MI9: =VLOOKUP(MI$3,'KPI DC Forecast link file'!$B:$C,2,FALSE) -> 17125.981 | MJ9: 8642 | MK9: 7340 | ML9: 6831 | MM9: 13570 | MN9: 11753 | MO9: 13975 | MP9: 6845 | MQ9: 6720 | MR9: 6583 | MS9: =VLOOKUP(MS$3,'KPI DC Forecast link file'!$B:$C,2,FALSE) -> 7160.0058 | MT9: =VLOOKUP(MT$3,'KPI DC Forecast link file'!$B:$C,2,FALSE) -> 14016.017 | MU9: =VLOOKUP(MU$3,'KPI DC Forecast link file'!$B:$C,2,FALSE) -> 12686.001 | MV9: =VLOOKUP(MV$3,'KPI DC Forecast link file'!$B:$C,2,FALSE) -> 11250.992 | MW9: =VLOOKUP(MW$3,'KPI DC Forecast link file'!$B:$C,2,FALSE) -> 7592.0025 | MX9: =VLOOKUP(MX$3,'KPI DC Forecast link file'!$B:$C,2,FALSE) -> 7901.9946 | MY9: =VLOOKUP(MY$3,'KPI DC Forecast link file'!$B:$C,2,FALSE) -> 7989.9952 | MZ9: =VLOOKUP(MZ$3,'KPI DC Forecast link file'!$B:$C,2,FALSE) -> 6806.0071 | NA9: =VLOOKUP(NA$3,'KPI DC Forecast link file'!$B:$C,2,FALSE) -> 9491.001 | NB9: 9142.8571 | NC9: 9626.1161 | ND9: 9296.0778 | NE9: 9523.8095 | NF9: 9237.1882 | NG9: 9237.1882 | NH9: 9484.6129 | NI9: 9877.2919 | NJ9: 9269.8413 | NK9: 8634.9206 | NL9: 8018.1406 | NM9: 15264.929 | NN9: 13890.037 | NO9: 15833.333 | NP9: 19695.122 | NQ9: 20561.314 | NR9: 10363.42 | NS9: 9881.4003 | NT9: 9640.3906 | NU9: 9640.3906 | NV9: 10242.915 | NW9: 9640.3906 | NX9: 9037.8662 | NY9: 10228.917 | NZ9: 9753.1537 | OA9: 9681.0683 | OB9: 8823.2522 | OC9: 16775.599 | OD9: 19125.957 | OE9: 8920.5674 | OF9: 9977.3036 | OG9: 9465.647 | OH9: 9612.372 | OI9: 9833.4566 | OJ9: 18521.429
A10: Actual Demand (units) | B10: 9573 | C10: 9054 | D10: 10193 | E10: 9558 | F10: 10013 | G10: 8281 | H10: 9526 | I10: 10302 | J10: 9291 | K10: 8513 | L10: 7877 | M10: 7469 | N10: 12470 | O10: 15830 | P10: 21238 | Q10: 22466 | R10: 15059 | S10: 8439 | T10: 8328 | U10: 8725 | V10: 19159 | W10: 20170 | X10: 9668 | Y10: 9719 | Z10: 9638 | AA10: 9134 | AB10: 7652 | AC10: 15823 | AD10: 19904 | AE10: 9775 | AF10: 9722 | AG10: 9936 | AH10: 9426 | AI10: 9403 | AJ10: 11350 | AK10: 13200 | AL10: 11296 | AM10: 11571 | AN10: 11008 | AO10: 21608 | AP10: 16514 | AQ10: 19503 | AR10: 27578 | AS10: 10118 | AT10: 10277 | AU10: 10048 | AV10: 10497 | AW10: 18495 | AX10: 20618 | AY10: 28099 | AZ10: 26271 | BA10: 12777 | BB10: 11293 | BC10: 10848 | BD10: 9986 | BE10: 13163 | BF10: 14994 | BG10: 13116 | BH10: 12155 | BI10: 10845 | BJ10: 10685 | BK10: 18359 | BL10: 19228 | BM10: 21169 | BN10: 12454 | BO10: 11429 | BP10: 10649 | BQ10: 10339 | BR10: 12854 | BS10: 13024 | BT10: 15063 | BU10: 9792 | BV10: 10666 | BW10: 8703 | BX10: 7855 | BY10: 8554 | BZ10: 8579 | CA10: 10772 | CB10: 12038 | CC10: 10899 | CD10: 31154 | CE10: 23844 | CF10: 23121 | CG10: 25643 | CH10: 37112 | CI10: 21535 | CJ10: 19742 | CK10: 51723 | CL10: 33240 | CM10: 29608 | CN10: 44080 | CO10: 23459 | CP10: 29841 | CQ10: 24430 | CR10: 8759 | CS10: 8461 | CT10: =CT8 -> 12120.991 | CU10: =CU8 -> 10334.006 | CV10: =CV8 -> 12744.986 | CW10: =CW8 -> 10368.005 | CX10: 9481 | CY10: 10411 | CZ10: 9270 | DA10: 28586 | DB10: 26675 | DC10: 31045 | DD10: 21813 | DE10: 26401 | DF10: 23308 | DG10: 21023 | DH10: 39337 | DI10: 35378 | DJ10: 55150 | DK10: 52176 | DL10: 11482 | DM10: 8879 | DN10: 8736 | DO10: 8027 | DP10: 9553 | DQ10: 11570 | DR10: 9930 | DS10: 9603 | DT10: 10940 | DU10: 9733 | DV10: 9299 | DW10: 10694 | DX10: 12834 | DY10: 11291 | DZ10: 10029 | EA10: 9840 | EB10: 8573 | EC10: 8472 | ED10: 15616 | EE10: 15449 | EF10: 17205 | EG10: 10125 | EH10: 9739 | EI10: 10462 | EJ10: 9241 | EK10: 40346 | EL10: 39574 | EM10: 35723 | EN10: 24400 | EO10: 38369 | EP10: 35769 | EQ10: 43610 | ER10: 35119 | ES10: 40736 | ET10: 39888 | EU10: 28413 | EV10: 21546 | EW10: 16594 | EX10: 41201 | EY10: 37101 | EZ10: 42292 | FA10: 34914 | FB10: 48860 | FC10: 21599 | FD10: 16029 | FE10: 18397 | FF10: 16843 | FG10: 14599 | FH10: 12209 | FI10: 11112 | FJ10: 10131 | FK10: 10698 | FL10: 9917 | FM10: 9973 | FN10: 12565 | FO10: 12686 | FP10: 8943 | FQ10: 9509 | FR10: 7968 | FS10: 8211 | FT10: 16150 | FU10: 17004 | FV10: 8702 | FW10: 8553 | FX10: 9200 | FY10: 8577 | FZ10: 10384 | GA10: 10950 | GB10: 12291 | GC10: 12309 | GD10: 10177 | GE10: 10417 | GF10: 10349 | GG10: 10263 | GH10: 20209 | GI10: 21660 | GJ10: 19742 | GK10: 11651 | GL10: 11311 | GM10: 10741 | GN10: 10758 | GO10: 12233 | GP10: 13284 | GQ10: 15400 | GR10: 12969 | GS10: 16912 | GT10: 30883 | GU10: 24183 | GV10: 27246 | GW10: 34492 | GX10: 31718 | GY10: 25306 | GZ10: 27197 | HA10: 48924 | HB10: 36650 | HC10: 40199 | HD10: 58004 | HE10: 59347 | HF10: 47544 | HG10: 13478 | HH10: 11237 | HI10: 11541 | HJ10: 11145 | HK10: 16847 | HL10: 14910 | HM10: 12061 | HN10: 10054 | HO10: 14378 | HP10: 11737 | HQ10: 12496 | HR10: 18008 | HS10: 10436 | HT10: 9346 | HU10: 9613 | HV10: 17088 | HW10: 16645 | HX10: 19425 | HY10: 30600 | HZ10: 25809 | IA10: 34619 | IB10: 14074 | IC10: 13814 | ID10: 10380 | IE10: 13865 | IF10: 15839 | IG10: 16258 | IH10: 10989 | II10: 14115 | IJ10: 13407 | IK10: 12182 | IL10: 14308 | IM10: 15924 | IN10: 14263 | IO10: 50085 | IP10: 50317 | IQ10: 61734 | IR10: 53823 | IS10: 45068 | IT10: 60172 | IU10: 54064 | IV10: 45972 | IW10: 40902 | IX10: 70239 | IY10: 54344 | IZ10: 50574 | JA10: 82303 | JB10: 45536 | JC10: 39390 | JD10: 19070 | JE10: 17670 | JF10: 17414 | JG10: 20690 | JH10: 22931 | JI10: 18367 | JJ10: 17689 | JK10: 18866 | JL10: 30946 | JM10: 20217 | JN10: 47670 | JO10: 69835 | JP10: 43692 | JQ10: 20636 | JR10: 19041 | JS10: 18527 | JT10: 17773 | JU10: 35046 | JV10: 48673 | JW10: 25085 | JX10: 24475 | JY10: 21447 | JZ10: 35712 | KA10: 30718 | KB10: 43709 | KC10: 51402 | KD10: 34725 | KE10: 60712 | KF10: 45971 | KG10: 45220 | KH10: 45042 | KI10: 54746 | KJ10: 60862 | KK10: 61953 | KL10: 51453 | KM10: 48644 | KN10: 51894 | KO10: 133342 | KP10: 99124 | KQ10: 101719 | KR10: 120202 | KS10: 61972 | KT10: 29216 | KU10: 24150 | KV10: 25268 | KW10: 43997 | KX10: 55873 | KY10: 39420 | KZ10: 35057 | LA10: 27275 | LB10: 25554 | LC10: 25315 | LD10: 35249 | LE10: 40610 | LF10: 31482 | LG10: 39464 | LH10: 20218 | LI10: 17530 | LJ10: 16483 | LK10: 12551 | LL10: 12492 | LM10: 9279 | LN10: 7040 | LO10: 6267 | LP10: 9414 | LQ10: 36275 | LR10: 26791 | LS10: 59685 | LT10: 39564 | LU10: 34935 | LV10: 23802 | LW10: 27085 | LX10: 27297 | LY10: 29387 | LZ10: 29609 | MA10: 27607 | MB10: 22560 | MC10: 18970 | MD10: 16746 | ME10: 19696 | MF10: 19173 | MG10: 22302 | MH10: 14931 | MI10: 17126 | MJ10: 10822 | MK10: 11141 | ML10: 9171 | MM10: 20170 | MN10: 20033 | MO10: 19521 | MP10: 7570 | MQ10: 7888 | MR10: 6678 | MS10: 7160 | MT10: 14016 | MU10: 12686 | MV10: 11251 | MW10: 7592 | MX10: 7902 | MY10: 7990 | MZ10: =MZ9 -> 6806.0071 | NA10: =NA9 -> 9491.001 | NB10: =NB9 -> 9142.8571 | NC10: =NC9 -> 9626.1161 | ND10: =ND9 -> 9296.0778 | NE10: =NE9 -> 9523.8095 | NF10: =NF9 -> 9237.1882 | NG10: =NG9 -> 9237.1882 | ... NI10: =NI9 -> 9877.2919
A11: Percentage demand vs. forecast | B11: =IFERROR(B10/B8,0) -> 0.99999994 | C11: =IFERROR(C10/C8,0) -> 1.0000005 | D11: =IFERROR(D10/D8,0) -> 1.0000009 | E11: =IFERROR(E10/E8,0) -> 0.99999887 | F11: =IFERROR(F10/F8,0) -> 0.99999879 | G11: =IFERROR(G10/G8,0) -> 0.9999994 | H11: =IFERROR(H10/H8,0) -> 1.000001 | I11: =IFERROR(I10/I8,0) -> 1.0000007 | ... KJ11: =IFERROR(KJ10/KJ8,0) -> 1.0000005 | KK11: =IFERROR(KK10/KK9,0) -> 0.99999998 | KL11: =IFERROR(KL10/KL9,0) -> 0.99999961 | KM11: =IFERROR(KM10/KM9,0) -> 1.0000001 | KN11: =IFERROR(KN10/KN9,0) -> 0.99999995 | KO11: =IFERROR(KO10/KO9,0) -> 1.0000005 | KP11: =IFERROR(KP10/KP9,0) -> 0.99999927 | KQ11: =IFERROR(KQ10/KQ9,0) -> 0.99999976 | KR11: =IFERROR(KR10/KR9,0) -> 0.99999915 | ... NI11: =IFERROR(NI10/NI9,0) -> 1
A12: Shipped Shipments | B12: 2092 | C12: 2448 | D12: 2924 | E12: 2527 | F12: 2656 | G12: 1452 | H12: 1677 | I12: 3704 | J12: 2869 | K12: 2220 | L12: 2194 | M12: 1721 | N12: 1832 | O12: 2195 | P12: 4875 | Q12: 6419 | R12: 4585 | S12: 0 | T12: 4600 | U12: 1999 | V12: 2165 | W12: 4806 | X12: 5019 | Y12: 2607 | Z12: 2572 | AA12: 2531 | AB12: 1309 | AC12: 1875 | AD12: 4298 | AE12: 5563 | AF12: 2727 | AG12: 2429 | AH12: 2653 | AI12: 1394 | AJ12: 2259 | AK12: 4418 | AL12: 3115 | AM12: 3044 | AN12: 3070 | AO12: 2937 | AP12: 2643 | AQ12: 3152 | AR12: 5570 | AS12: 6292 | AT12: 3305 | AU12: 3379 | AV12: 2567 | AW12: 1741 | AX12: 3563 | AY12: 4657 | AZ12: 6160 | BA12: 4529 | BB12: 4580 | BC12: 4283 | BD12: 1836 | BE12: 2557 | BF12: 3714 | BG12: 4889 | BH12: 3456 | BI12: 2245 | BJ12: 3262 | BK12: 2126 | BL12: 3436 | BM12: 4671 | BN12: 5626 | BO12: 4106 | BP12: 3825 | BQ12: 3165 | BR12: 1485 | BS12: 3100 | BT12: 3996 | BU12: 4107 | BV12: 2865 | BW12: 2628 | BX12: 2209 | BY12: 1077 | BZ12: 2200 | CA12: 0 | CB12: 5807 | CC12: 2680 | CD12: 3871 | CE12: 5505 | CF12: 5748 | CG12: 2839 | CH12: 5251 | CI12: 7214 | CJ12: 4666 | CK12: 4371 | CL12: 6397 | CM12: 4253 | CN12: 3094 | CO12: 5584 | CP12: 7247 | CQ12: 5974 | CR12: 5532 | CS12: 4483 | CT12: 3473 | CU12: 3841 | CW12: 6266 | CX12: 3568 | CY12: 3128 | CZ12: 2771 | DA12: 2584 | DB12: 3235 | DC12: 4283 | DD12: 5598 | DE12: 5270 | DF12: 4055 | DG12: 4760 | DH12: 3643 | DI12: 4205 | DJ12: 5105 | DK12: 7267 | DL12: 6500 | DM12: 6506 | DN12: 5281 | DO12: 3659 | DP12: 3624 | DQ12: 5398 | DR12: 3915 | DS12: 3149 | DT12: 2359 | DU12: 2536 | DV12: 1837 | DW12: 1887 | DX12: 4252 | DY12: 2959 | DZ12: 2900 | EA12: 2391 | EB12: 2570 | EC12: 1514 | ED12: 2328 | EF12: 5835 | EG12: 4114 | EH12: 3941 | EI12: 2750 | EJ12: 1588 | EK12: 2080 | EL12: 5757 | EM12: 7574 | EN12: 4659 | EO12: 5253 | EP12: 4722 | EQ12: 3970 | ER12: 3829 | ES12: 5813 | ET12: 8068 | EU12: 6807 | EV12: 5303 | EW12: 6232 | EX12: 6424 | EY12: 4776 | EZ12: 5769 | FA12: 7053 | FB12: 6181 | FC12: 5157 | FD12: 4443 | FE12: 3975 | FF12: 3895 | FG12: 5327 | FH12: 5645 | FI12: 5397 | FJ12: 4177 | FK12: 3769 | FL12: 1925 | FM12: 2443 | FN12: 4582 | FO12: 2791 | FP12: 2787 | FQ12: 2423 | FR12: 2323 | FS12: 1143 | FT12: 1964 | FU12: 4218 | FV12: 3683 | FW12: 2144 | FX12: 2692 | FY12: 2298 | FZ12: 1220 | GA12: 2091 | GB12: 4423 | GC12: 2803 | GD12: 2759 | GE12: 2442 | GF12: 2298 | GG12: 1694 | GH12: 2245 | GI12: 5629 | GJ12: 4773 | GK12: 3644 | GL12: 3072 | GM12: 2648 | GN12: 1960 | GO12: 2485 | GP12: 5004 | GQ12: 3520 | GR12: 3350 | GS12: 3523 | GT12: 4303 | GU12: 3193 | GV12: 3616 | GW12: 6409 | GX12: 6624 | GY12: 5887 | GZ12: 4787 | HA12: 6180 | HB12: 7386 | HC12: 2820 | HD12: 7960 | HE12: 7983 | HF12: 7457 | HG12: 6585 | HH12: 6450 | HI12: 5140 | HJ12: 4544 | HK12: 7611 | HL12: 7570 | HM12: 5026 | HN12: 4625 | HO12: 3851 | HP12: 2738 | HQ12: 3064 | HR12: 4842 | HS12: 4089 | HT12: 2798 | HU12: 2868 | HV12: 3629 | HW12: 1986 | HX12: 3210 | HY12: 7386 | HZ12: 5181 | IA12: 5332 | IB12: 5201 | IC12: 5378 | ID12: 3057 | IE12: 3915 | IF12: 5999 | IG12: 4882 | IH12: 4193 | II12: 3472 | IJ12: 4239 | IK12: 1792 | IL12: 3876 | IM12: 3961 | IN12: 5509 | IO12: 7017 | IP12: 7575 | IQ12: 7941 | IR12: 12736 | IS12: 5161 | IT12: 8876 | IU12: 13223 | IV12: 10427 | IW12: 10779 | IX12: 11724 | IY12: 9614 | IZ12: 5456 | JA12: 12884 | JB12: 13492 | JC12: 13891 | JD12: 11045 | JE12: 13612 | JF12: 16357 | JG12: 11133 | JH12: 10423 | JI12: 6812 | JJ12: 5182 | JK12: 3950 | JL12: 7045 | JM12: 5073 | JN12: 6056 | JO12: 8534 | JP12: 13176 | JQ12: 11093 | JR12: 10575 | JS12: 9002 | JT12: 5011 | JU12: 6174 | JV12: 9513 | JW12: 12318 | JX12: 8897 | JY12: 7968 | JZ12: 7704 | KA12: 5107 | KB12: 4525 | KC12: 13965 | KD12: 17923 | KE12: 12949 | KF12: 14832 | KG12: 13748 | KH12: 9253 | KI12: 6833 | KJ12: 20263 | KK12: 17061 | KL12: 14931 | KM12: 12488 | KN12: 0 | KO12: 21270 | KP12: 21804 | KQ12: 20543 | KR12: 18755 | KS12: 18836 | KT12: 17303 | KU12: 15581 | KV12: 13317 | KW12: 11753 | KX12: 14014 | KY12: 16593 | KZ12: 13094 | LA12: 12273 | LB12: 9238 | LC12: 4275 | LD12: 8526 | LE12: 11094 | LF12: 14811 | LG12: 14315 | LH12: 14225 | LI12: 5224 | LJ12: 4314 | LK12: 4162 | LL12: 5519 | LM12: 3339 | LN12: 2550 | LQ12: 8827 | LR12: 4072 | LS12: 7850 | LT12: 8176 | LU12: 6800 | LV12: 0 | LW12: 0 | LX12: 11515 | LY12: 3610 | LZ12: 8708 | MA12: 8568 | MB12: 9044 | MC12: 7085 | MD12: 5258 | ME12: 2530 | MF12: 2548 | MG12: 5701 | MH12: 6637 | MI12: 5472 | MJ12: 4080 | MK12: 3603 | ML12: 2604 | MM12: 2908 | MN12: 4710 | MO12: 0 | MP12: 4702 | MQ12: 5875 | MR12: 4357 | MS12: 1117 | MT12: 1743 | MU12: 0 | MV12: 3131 | MW12: 4947 | MX12: 3982 | MY12: 3462 | MZ12: 1313 | NA12: 3181
A13: UPT | B13: =IFERROR(B7/B12,0) -> 3.6806883 | C13: =IFERROR(C7/C12,0) -> 4.2990196 | D13: =IFERROR(D7/D12,0) -> 3.6932285 | E13: =IFERROR(E7/E12,0) -> 3.767313 | F13: =IFERROR(F7/F12,0) -> 3.9420181 | G13: =IFERROR(G7/G12,0) -> 3.9035813 | H13: =IFERROR(H7/H12,0) -> 3.53548 | I13: =IFERROR(I7/I12,0) -> 4.0345572 | ... NI13: =IFERROR(NI7/NI12,0) -> 0
A14: AB Utilization | B14: 0.8317 | C14: 0.8462 | D14: 0.8426 | E14: 0.7901 | F14: 0.8312 | G14: 0.8111 | H14: 0.8667 | I14: 0.8208 | J14: 0.8801 | K14: 0.8246 | L14: 0.8601 | M14: 0.8383 | N14: 0.84 | O14: 0.8063 | P14: 0.7739 | Q14: 0.8675 | R14: 0.8374 | S14: 0 | T14: 0.8227 | U14: 0.8433 | V14: 0.8689 | W14: 0.735 | X14: 0.8231 | Y14: 0.8754 | Z14: 0.8608 | AA14: 0.8557 | AB14: 0.8276 | AC14: 0.8434 | AD14: 0.8029 | AE14: 0.8916 | AF14: 0.8667 | AG14: 0.8661 | AH14: 0.7798 | AI14: 0.839 | AJ14: 0.9276 | AK14: 0.9328 | AL14: 0.887 | AM14: 0.8836 | AN14: 0.8613 | AO14: 0.8658 | AP14: 0.9196 | AQ14: 0.9145 | AR14: 0.8735 | AS14: 0.8836 | AT14: 0.8625 | AU14: 0.9125 | AV14: 0.9025 | AW14: 0.8958 | AX14: 0.8736 | AY14: 0.8825 | AZ14: 0.8725 | BA14: 0.9025 | BB14: 0.8836 | BC14: 0.8432 | BD14: 0.8825 | BE14: 0.8936 | BF14: 0.9015 | BG14: 0.9028 | BH14: 0.7958 | BI14: 0.8958 | BJ14: 0.8852 | BK14: 0.8752 | BL14: 0.8552 | BM14: 0.7798 | BN14: 0.839 | BO14: 0.9276 | BP14: 0.9328 | BQ14: 0.887 | BR14: 0.8836 | BS14: 0.8613 | BT14: 0.8658 | BU14: 0.9196 | BV14: 0.9145 | BW14: 0.8735 | BX14: 0.8908 | BY14: 0.8573 | BZ14: 0.884 | CA14: 0 | CB14: 0.8868 | CC14: 0.8905 | CD14: 0.864 | CE14: 0.85 | CF14: 0.8887 | CG14: 0.8405 | CH14: 0.7734 | CI14: 0.8546 | CJ14: 0.8941 | CK14: 0.8314 | CL14: 0.8271 | CM14: 0.7253 | CN14: 0.8866 | CO14: 0.878 | CP14: 0.8337 | CQ14: 0.8738 | CR14: 0.8598 | CS14: 0.7949 | CT14: 0.9461 | CU14: 0.8149 | CV14: 0 | CW14: 0.8756 | CX14: 0.8933 | CY14: 0.9398 | CZ14: 0.9013 | DA14: 0.8551 | DB14: 0.8632 | DC14: 0.774 | DD14: 0.9047 | DE14: 0.8744 | DF14: 0.782 | DG14: 0.8968 | DH14: 0.7995 | DI14: 0.7579 | DJ14: 0.8639 | DK14: 0.826 | DL14: 0.8791 | DM14: 0.7922 | DN14: 0.9079 | DO14: 0.8885 | DP14: 0.9201 | DQ14: 0.8519 | DR14: 0.7898 | DS14: 0.9216 | DT14: 0.9126 | DU14: 0.9129 | DV14: 0.8756 | DW14: 0.8799 | DX14: 0.8865 | DY14: 0.8797 | DZ14: 0.722 | EA14: 0.8909 | EB14: 0.9441 | EC14: 0.8978 | ED14: 0.8963 | EF14: 0.896 | EG14: 0.8521 | EH14: 0.9545 | EI14: 0.9069 | EJ14: 0.7468 | EK14: 0.8963 | EL14: 0.7817 | EM14: 0.8513 | EN14: 0.7725 | EO14: 0.9134 | EP14: 0.805 | EQ14: 0.8161 | ER14: 0.7824 | ES14: 0.6963 | ET14: 0.7597 | EU14: 0.7427 | EV14: 0.757 | EW14: 0.6809 | EX14: 0.7508 | EY14: 0.788 | EZ14: 0.581 | FA14: 0.6327 | FB14: 0.713 | FC14: 0.7814 | FD14: 0.7167 | FE14: 0.6817 | FF14: 0.7608 | FG14: 0.7652 | FH14: 0.8696 | FI14: 0.9012 | FJ14: 0.9188 | FK14: 0.885 | FL14: 0.8357 | FM14: 0.8728 | FN14: 0.8837 | FO14: 0.8805 | FP14: 0.8623 | FQ14: 0.8835 | FR14: 0.8929 | FS14: 0.8601 | FT14: 0.8486 | FU14: 0.8414 | FV14: 0.8663 | FW14: 0.863 | FX14: 0.8539 | FY14: 0.8405 | FZ14: 0.7946 | GA14: 0.6544 | GB14: 0.7784 | GC14: 0.8059 | GD14: 0.8407 | GE14: 0.8447 | GF14: 0.8495 | GG14: 0.8711 | GH14: 0.8492 | GI14: 0.7734 | GJ14: 0.8416 | GK14: 0.7921 | GL14: 0.8898 | GM14: 0.857 | GN14: 0.8774 | GO14: 0.6969 | GP14: 0.828 | GQ14: 0.8494 | GR14: 0.8666 | GS14: 0.8402 | GT14: 0.8208 | GU14: 0.8094 | GV14: 0.8766 | GW14: 0.7295 | GX14: 0.8162 | GY14: 0.795 | GZ14: 0.7748 | HA14: 0.8203 | HB14: 0.8391 | HC14: 0.58 | HD14: 0.8452 | HE14: 0.7913 | HF14: 0.7642 | HG14: 0.7743 | HH14: 0.7944 | HI14: 0.7487 | HJ14: 0.8774 | HK14: 0.7438 | HL14: 0.8711 | HM14: 0.8434 | HN14: 0.8332 | HO14: 0.8109 | HP14: 0.8518 | HQ14: 0.8097 | HR14: 0.8496 | HS14: 0.8249 | HT14: 0.8441 | HU14: 0.8191 | HV14: 0.8613 | HW14: 0.8053 | HX14: 0.789 | HY14: 0.8416 | HZ14: 0.8104 | IA14: 0.8302 | IB14: 0.7887 | IC14: 0.7645 | ID14: 0.7622 | IE14: 0.7828 | IF14: 0.8319 | IG14: 0.787 | IH14: 0.8232 | II14: 0.8095 | IJ14: 0.7899 | IK14: 0.7419 | IL14: 0.8347 | IM14: 0.7524 | IN14: 0.7862 | IO14: 0.7523 | IP14: 0.7286 | IQ14: 0.7329 | IR14: 0.662 | IS14: 0.6057 | IT14: 0.7119 | IU14: 0.7423 | IV14: 0.7319 | IW14: 0.6606 | IX14: 0.6826 | IY14: 0.6792 | IZ14: 0.6067 | JA14: 0.739 | JB14: 0.6795 | JC14: 0.67 | JD14: 0.6236 | JE14: 0.666 | JF14: 0.6538 | JG14: 0.7384 | JH14: 0.7975 | JI14: 0.7077 | JJ14: 0.6682 | JK14: 0.7231 | JL14: 0.7638 | JM14: 0.6579 | JN14: 0.7472 | JO14: 0.7075 | JP14: 0.6365 | JQ14: 0.689 | JR14: 0.675 | JS14: 0.692 | JT14: 0.6885 | JU14: 0.5959 | JV14: 0.5247 | JW14: 0.6839 | JX14: 0.7081 | JY14: 0.5486 | JZ14: 0.6541 | KA14: 0.6121 | KB14: 0.638 | KC14: 0.747 | KD14: 0.5118 | KE14: 0.5552 | KF14: 0.5741 | KG14: 0.6239 | KH14: 0.6317 | KI14: 0.5798 | KJ14: 0.6484 | KK14: 0.5833 | KL14: 0.7231 | KM14: 0.7528 | KN14: 0.9535 | KO14: 0.6226 | KP14: 0.7122 | KQ14: 0.7015 | KR14: 0.619 | KS14: 0.6726 | KT14: 0.6512 | KU14: 0.609 | KV14: 0.7413 | KW14: 0.6686 | KX14: 0.7318 | KY14: 0.6267 | KZ14: 0.5743 | LA14: 0.6314 | LB14: 0.592 | LC14: 0.7577 | LD14: 0.7408 | LE14: 0.7088 | LF14: 0.6539 | LG14: 0.6901 | LH14: 0.6681 | LI14: 0.6311 | LJ14: 0.605 | LK14: 0.7823 | LL14: 0.7573 | LM14: 0.7894 | LN14: 0.814 | LQ14: 0.7375 | LR14: 0.6862 | LS14: 0.8325 | LT14: 0.7025 | LU14: 0.3437 | LX14: 0.6877 | LY14: 0.6874 | LZ14: 0.7278 | MA14: 0.7076 | MB14: 0.7918 | MC14: 0.8338 | MD14: 0.7539 | ME14: 0.6613 | MF14: 0.8407 | MG14: 0.71 | MH14: 0.663 | MI14: 0.8615 | MJ14: 0.8317 | MK14: 0.8277 | ML14: 0.8492 | MM14: 0.6981 | MN14: 0.7891 | MO14: 0.9444 | MP14: 0.8377 | MQ14: 0.8422 | MR14: 0.8916 | MS14: 0.8725 | MT14: 0.8022 | MW14: 0.8055 | MX14: 0.8515 | MY14: 0.9098 | MZ14: 0.8298 | NA14: 0.8749 | NB14: 0.8926 | NC14: 0.8862 | ND14: 0.8909 | NE14: 0.8964 | NF14: 0.8184 | NG14: 0.8767 | NH14: 0.8462 | NI14: 0.8979
A15: Out of 48 | B15: 0 | C15: 0 | D15: =MAX(0,D5-C10-B10) -> 0 | E15: =MAX(0,E5-D10-C10) -> 0 | F15: =MAX(0,F5-E10-D10) -> 0 | G15: =MAX(0,G5-F10-E10) -> 0 | H15: =MAX(0,H5-G10-F10) -> 0 | I15: =MAX(0,I5-H10-G10) -> 0 | J15: =MAX(0,J5-I10-H10) -> 0 | K15: =MAX(0,K5-J10-I10) -> 0 | ... NI15: =MAX(0,NI5-NH10-NG10) -> 0
A16: Out of 72 | B16: 0 | C16: 0 | D16: 0 | E16: =MAX(0,E5-D10-C10-B10) -> 0 | F16: =MAX(0,F5-E10-D10-C10) -> 0 | G16: =MAX(0,G5-F10-E10-D10) -> 0 | H16: =MAX(0,H5-G10-F10-E10) -> 0 | I16: =MAX(0,I5-H10-G10-F10) -> 0 | J16: =MAX(0,J5-I10-H10-G10) -> 0 | K16: =MAX(0,K5-J10-I10-H10) -> 0 | L16: =MAX(0,L5-K10-J10-I10) -> 0 | ... NI16: =MAX(0,NI5-NH10-NG10-NF10) -> 0
A17: Out of 96 | B17: 0 | C17: 0 | D17: 0 | E17: 0 | F17: =MAX(0,F5-E10-D10-C10-B10) -> 0 | G17: =MAX(0,G5-F10-E10-D10-C10) -> 0 | H17: =MAX(0,H5-G10-F10-E10-D10) -> 0 | I17: =MAX(0,I5-H10-G10-F10-E10) -> 0 | J17: =MAX(0,J5-I10-H10-G10-F10) -> 0 | K17: =MAX(0,K5-J10-I10-H10-G10) -> 0 | L17: =MAX(0,L5-K10-J10-I10-H10) -> 0 | M17: =MAX(0,M5-L10-K10-J10-I10) -> 0 | ... NI17: =MAX(0,NI5-NH10-NG10-NF10-NE10) -> 0
A18: Out of 120 | B18: 0 | C18: 0 | D18: 0 | E18: 0 | F18: 0 | G18: =MAX(0,G5-F10-E10-D10-C10-B10) -> 0 | H18: =MAX(0,H5-G10-F10-E10-D10-C10) -> 0 | I18: =MAX(0,I5-H10-G10-F10-E10-D10) -> 0 | J18: =MAX(0,J5-I10-H10-G10-F10-E10) -> 0 | K18: =MAX(0,K5-J10-I10-H10-G10-F10) -> 0 | L18: =MAX(0,L5-K10-J10-I10-H10-G10) -> 0 | M18: =MAX(0,M5-L10-K10-J10-I10-H10) -> 0 | N18: =MAX(0,N5-M10-L10-K10-J10-I10) -> 0 | ... NI18: =MAX(0,NI5-NH10-NG10-NF10-NE10-ND10) -> 0
A19: Out of 144 | B19: 0 | C19: 0 | D19: 0 | E19: 0 | F19: 0 | G19: 0 | H19: =MAX(0,H5-G10-F10-E10-D10-C10-B10) -> 0 | I19: =MAX(0,I5-H10-G10-F10-E10-D10-C10) -> 0 | J19: =MAX(0,J5-I10-H10-G10-F10-E10-D10) -> 0 | K19: =MAX(0,K5-J10-I10-H10-G10-F10-E10) -> 0 | L19: =MAX(0,L5-K10-J10-I10-H10-G10-F10) -> 0 | M19: =MAX(0,M5-L10-K10-J10-I10-H10-G10) -> 0 | N19: =MAX(0,N5-M10-L10-K10-J10-I10-H10) -> 0 | O19: =MAX(0,O5-N10-M10-L10-K10-J10-I10) -> 0 | ... NI19: =MAX(0,NI5-NH10-NG10-NF10-NE10-ND10-NC10) -> 0
A21: Labor Planning
A22: FTE Needed | B22: ='Deployment needs'!C3 -> 22.044208 | C22: ='Deployment needs'!D3 -> 26.831822 | D22: ='Deployment needs'!E3 -> 27.069882 | E22: ='Deployment needs'!F3 -> 28.5286 | F22: ='Deployment needs'!G3 -> 27.04792 | G22: ='Deployment needs'!H3 -> 19.707296 | H22: ='Deployment needs'!I3 -> 22.676197 | I22: ='Deployment needs'!J3 -> 40.382362 | ... NI22: ='Deployment needs'!NJ3 -> 0
A23: Base FTE | B23: 39.25 | C23: 52.75 | D23: 42.75 | E23: 42.75 | F23: 42.75 | G23: 16.75 | H23: 17.25 | I23: 39.25 | J23: 52.75 | K23: 42.75 | L23: 42.75 | M23: 42.75 | N23: 16.75 | O23: 17.25 | P23: 39.25 | Q23: 52.75 | R23: 42.75 | S23: 42.75 | T23: 42.75 | U23: 16.75 | V23: 17.25 | DA23: 16.75 | DB23: 17.25 | DC23: 39.25 | DD23: 52.75 | DE23: 42.75 | DF23: 42.75 | DG23: 42.75 | DH23: 17.5 | DI23: 18 | DJ23: 40 | DK23: 52.75 | DL23: 42.75 | DM23: 42.75 | DN23: 42.75 | DO23: 17.5 | DP23: 18 | DQ23: 40 | DR23: 52.75 | DS23: 42.75 | DT23: 42.75 | DU23: 42.75 | DV23: 17.5 | DW23: 18 | DX23: 40 | DY23: 52.75 | DZ23: 42.75 | EA23: 42.75 | EB23: 42.75 | EC23: 17.5 | ED23: 18 | EE23: 40 | EF23: 52.75 | EG23: 42.75 | EH23: 42.75 | EI23: 42.75 | EJ23: 17.5 | EK23: 18 | EL23: 40 | EM23: 52.75 | EN23: 42.75 | EO23: 42.75 | EP23: 42.75 | EQ23: 17.5 | ER23: 18 | ES23: 40 | ET23: 52.75 | EU23: 42.75 | EV23: 42.75 | EW23: 42.75 | EX23: 17.5 | EY23: 18 | EZ23: 40 | FA23: 52.75 | FB23: 42.75 | FC23: 42.75 | FD23: 42.75 | FE23: 17.5 | FF23: 18 | FG23: 40 | FH23: 52.75 | FI23: 42.75 | FJ23: 42.75 | FK23: 42.75 | FL23: 17.5 | FM23: 18 | FN23: 40 | FO23: 52.75 | FP23: 42.75 | FQ23: 42.75 | FR23: 42.75 | FS23: 20.5 | FT23: 21 | FU23: 49 | FV23: 58.75 | FW23: 48.75 | FX23: 48.75 | FY23: 48.75 | FZ23: 20.5 | GA23: 21 | GB23: 49 | GC23: 58.75 | GD23: 48.75 | GE23: 48.75 | GF23: 48.75 | GG23: 24.25 | GH23: 24.75 | GI23: 56.75 | GJ23: 61.75 | GK23: 51.75 | GL23: 51.75 | GM23: 51.75 | GN23: 24 | GO23: 24.5 | GP23: 54.5 | GQ23: 62.75 | GR23: 53.75 | GS23: 53.75 | GT23: 53.75 | GU23: 23.25 | GV23: 23.75 | GW23: 56.75 | GX23: 62.75 | GY23: 55.75 | GZ23: 55.75 | HA23: 54.75 | HB23: 26.25 | HC23: 26.75 | HD23: 56.75 | HE23: 62.75 | HF23: 55.75 | HG23: 55.75 | HH23: 54.75 | HI23: 26.25 | HJ23: 26.75 | HK23: 62.25 | HL23: 90 | HM23: 59.75 | HN23: 59.75 | HO23: 59.75 | HP23: 30.25 | HQ23: 30.25 | HR23: 66.25 | HS23: 95 | HT23: 61.75 | HU23: 61.75 | HV23: 61.75 | HW23: 33.25 | HX23: 33.25 | HY23: 73.25 | HZ23: 105 | IA23: 68.75 | IB23: 68.75 | IC23: 68.75 | ID23: 36.25 | IE23: 36.25 | IF23: 79.25 | IG23: 115 | IH23: 75.75 | II23: 75.75 | IJ23: 75.75 | IK23: 39.25 | IL23: 39.25 | IM23: 42.25 | IN23: 87.25 | IO23: 88.75 | IP23: 88.75 | IQ23: 88.75 | IR23: 128.5 | IS23: 40.25 | IT23: 82.25 | IU23: 113 | IV23: 101.75 | IW23: 97 | IX23: 97 | IY23: 40.25 | IZ23: 40.25 | JA23: 81.25 | JB23: 116.75 | JC23: 97.75 | JD23: 97.75 | JE23: 97.75 | JF23: 40.25 | JG23: 40.25 | JH23: 82.25 | JI23: 110 | JJ23: 122.75 | JK23: 122.75 | JL23: 122.75 | JM23: 42.25 | JN23: 42.25 | JO23: 109.25 | JP23: 155 | JQ23: 132.75 | JR23: 132.75 | JS23: 132.75 | JT23: 42.25 | JU23: 42.25 | JV23: 112.25 | JW23: 180 | JX23: 137.75 | JY23: 137.75 | JZ23: 137.75 | KA23: 42.25 | KB23: 42.25 | KC23: 112.25 | KD23: 145 | KE23: 137.75 | KF23: 137.75 | KG23: 137.75 | KH23: 42.25 | KI23: 42.25 | KJ23: 112.25 | KK23: 145 | KL23: 145 | KM23: 145 | KN23: 0 | KO23: 170 | KP23: 170 | KQ23: 180 | KR23: 164 | KS23: 164 | KT23: 164 | KU23: 129 | KV23: 109 | KW23: 102 | KX23: 120 | KY23: 142 | KZ23: 132 | LA23: 132 | LB23: 132 | LC23: 50 | LD23: 51 | LE23: 94.75 | LF23: 115 | LG23: 105 | LH23: 105 | LI23: 125 | LJ23: 47 | LK23: 48 | LL23: 109 | LM23: 130 | LN23: 123 | LO23: 123 | LP23: 123 | LQ23: 44 | LR23: 41 | LS23: 104 | LT23: 120 | LU23: 113 | LV23: 113 | LW23: 113 | LX23: 131 | LY23: 60 | LZ23: 82.75 | MA23: 110 | MB23: 113 | MC23: 113 | MD23: 113 | ME23: 29 | MF23: 29 | MG23: 61.75 | MH23: 75 | MI23: 52 | MJ23: 52 | MK23: 52 | ML23: 23 | MM23: 23 | MN23: 47 | MO23: 70 | MP23: 47 | MQ23: 47 | MR23: 47 | MS23: 23 | MT23: 23 | MU23: 43 | MV23: 65 | MW23: 45 | MX23: 45 | MY23: 45 | MZ23: 20 | NA23: 20 | NB23: 21 | NC23: 22 | ND23: 23 | NE23: 24 | NF23: 25 | NG23: 26 | NH23: 27 | NI23: 28
A24: FTE w/ full OT | IU24: 0 | IV24: 0 | IW24: 0 | IX24: 16 | IY24: 55.75 | IZ24: 0 | JA24: 0 | JB24: 0 | JC24: 16 | JD24: 0 | JE24: 20 | JF24: 97.75 | JG24: 55.75 | JH24: 0 | JI24: 0 | JJ24: 0 | JK24: 0 | JL24: 0 | JM24: 0 | JN24: 0 | JO24: 0 | KH24: 40 | KJ24: 55 | KK24: 10 | KL24: 10 | KM24: 10 | KX24: 0 | KY24: 0 | KZ24: 0 | LA24: 0 | LB24: 0 | LC24: 0 | LD24: 0 | LE24: 0 | LF24: 7 | LG24: 0 | LH24: 0 | LI24: 0 | LJ24: 0 | LK24: 0 | LL24: 0 | LM24: 0 | LN24: 0 | LO24: 0 | LP24: 0 | LQ24: 0 | LR24: 0
A25: Sum | IP25: =SUM(IP23:IP28) -> 99.75 | IQ25: =SUM(IQ23:IQ28) -> 99.75 | IR25: =SUM(IR23:IR28) -> 139.5 | IS25: =SUM(IS23:IS28) -> 44.25 | IT25: =SUM(IT23:IT28) -> 90.25 | IU25: =SUM(IU23:IU28) -> 128 | IV25: =SUM(IV23:IV28) -> 112.75 | IW25: =SUM(IW23:IW28) -> 108 | ... KG25: =SUM(KG23:KG28) -> 137.75 | KH25: =SUM(KH23:KH24) -> 82.25 | KI25: =SUM(KI23:KI24) -> 42.25 | KJ25: =SUM(KJ23:KJ24) -> 167.25 | KK25: =SUM(KK23:KK24) -> 155 | KL25: =SUM(KL23:KL24) -> 155 | KM25: =SUM(KM23:KM24) -> 155 | KN25: =SUM(KN23:KN24) -> 0 | KO25: =SUM(KO23:KO24) -> 170 | ... NI25: =SUM(NI23:NI24) -> 28
A26: Sum - 5% attendance | KK26: =KK25*0.9 -> 139.5 | KL26: =KL25*0.9 -> 139.5 | KM26: =KM25*0.9 -> 139.5 | KN26: =KN25*0.9 -> 0 | KO26: =KO25*0.9 -> 153 | KP26: =KP25*0.9 -> 153 | KQ26: =KQ25*0.9 -> 162 | KR26: =KR25*0.9 -> 147.6 | KS26: =KS25*0.9 -> 147.6 | KT26: =KT25*0.95 -> 155.8 | KU26: =KU25*0.95 -> 122.55 | KV26: =KV25*0.95 -> 103.55 | KW26: =KW25*0.95 -> 96.9 | KX26: =KX25*0.95 -> 114 | KY26: =KY25*0.95 -> 134.9 | KZ26: =KZ25*0.95 -> 125.4 | LA26: =LA25*0.95 -> 125.4 | ... NI26: =NI25*0.95 -> 26.6
A27: Difference | B27: =B23-B22 -> 17.205792 | C27: =C23-C22 -> 25.918178 | D27: =D23-D22 -> 15.680118 | E27: =E23-E22 -> 14.2214 | F27: =F23-F22 -> 15.70208 | G27: =G23-G22 -> -2.9572956 | H27: =H23-H22 -> -5.4261966 | I27: =I23-I22 -> -1.132362 | ... IO27: =IO23-IO22 -> 11.334084 | IP27: =IP25-IP22 -> 8.2552017 | IQ27: =IQ23-IQ22 -> -4.8426101 | IR27: =IR23-IR22 -> 1.6306088 | IS27: =IS23-IS22 -> -0.39252844 | IT27: =IT23-IT22 -> -13.037332 | IU27: =IU23-IU22 -> -19.387057 | IV27: =IV23-IV22 -> -9.2571744 | IW27: =IW23-IW22 -> -14.862307 | IX27: =IX23-IX22 -> -30.297484 | ... JB27: =JB23-JB22 -> -8.6611571 | JC27: =JC23+JC24-JC22 -> -15.510266 | JD27: =JD23+JD24-JD22 -> -23.705523 | JE27: =JE23+JE24-JE22 -> -11.207872 | JF27: =JF23+JF24-JF22 -> 7.8605921 | JG27: =JG23+JG24-JG22 -> 27.428448 | JH27: =JH23+JH24-JH22 -> -3.1715358 | JI27: =JI23+JI24-JI22 -> 32.654926 | JJ27: =JJ23+JJ24-JJ22 -> 60.796828 | ... KJ27: =KJ23+KJ24-KJ22 -> 11.971192 | KK27: =KK26-KK22 -> 4.5365341 | KL27: =KL26-KL22 -> 19.849512 | KM27: =KM26-KM22 -> 32.098442 | KN27: =KN26-KN22 -> -92.937652 | KO27: =KO26-KO22 -> -3.592798 | KP27: =KP26-KP22 -> 2.2543589 | KQ27: =KQ26-KQ22 -> -14.108055 | KR27: =KR26-KR22 -> -9.9638686 | ... NI27: =NI26-NI22 -> 26.6
A28: Temps Scheduled | IP28: 11 | IQ28: 11 | IR28: 11 | IS28: 4 | IT28: 8 | IU28: 15 | IV28: 11 | IW28: 11 | IX28: 11 | IY28: 11 | IZ28: 7 | JA28: 17 | JB28: 14 | JC28: 11 | JD28: 17 | JE28: 11 | JF28: 6
A29: Difference with Temps | IP29: =IP25-IP22 -> 8.2552017 | IQ29: =IQ25-IQ22 -> 8.2492493 | IR29: =IR25-IR22 -> 7.6919349 | IS29: =IS25-IS22 -> 0.71482462 | IT29: =IT25-IT22 -> -2.5623339 | IU29: =IU25-IU22 -> -1.3041957 | IV29: =IV25-IV22 -> 4.59108 | IW29: =IW25-IW22 -> -1.003434 | ... JB29: =JB25-JB22 -> 7.7292159 | JC29: =JC27+JC28 -> -4.5102656 | JD29: =JD27+JD28 -> -6.7055229 | JE29: =JE27+JE28 -> -0.20787201 | JF29: =JF27+JF28 -> 13.860592 | JG29: =JG27+JG28 -> 27.428448 | JH29: =JH27+JH28 -> -3.1715358 | JI29: =JI27+JI28 -> 32.654926 | JJ29: =JJ27+JJ28 -> 60.796828 | ... NI29: =NI27+NI28 -> 26.6
A30: FTE w/ full OT
A31: Difference/ Temp Need | IP31: =IP34 -> 0
A32: Temp Scheduled | IP32: 9
A34: Attendance % | KO34: 0.9 | KP34: 0.9 | KQ34: 0.9 | KR34: 0.9 | KS34: 0.9 | KT34: 0.9
A35: Total
A38: Budget Hours
A40: Scheduled Daily
A41: Scheduled Weekly
A42: Variance
A43: FTE Delta
A45: Hours Needed
A46: Variance to Actual

Sheet Deployment needs
C1: Sunday | D1: Monday | E1: Tuesday | F1: Wednesday | G1: Thursday | H1: Friday | I1: Saturday | J1: Sunday | K1: Monday | L1: Tuesday | M1: Wednesday | N1: Thursday | O1: Friday | P1: Saturday | Q1: Sunday | R1: Monday | S1: Tuesday | T1: Wednesday | U1: Thursday | V1: Friday | W1: Saturday | X1: Sunday | Y1: Monday | Z1: Tuesday | AA1: Wednesday | AB1: Thursday | AC1: Friday | AD1: Saturday | AE1: Sunday | AF1: Monday | AG1: Tuesday | AH1: Wednesday | AI1: Thursday | AJ1: Friday | AK1: Saturday | AL1: Sunday | AM1: Monday | AN1: Tuesday | AO1: Wednesday | AP1: Thursday | AQ1: Friday | AR1: Saturday | AS1: Sunday | AT1: Monday | AU1: Tuesday | AV1: Wednesday | AW1: Thursday | AX1: Friday | AY1: Saturday | AZ1: Sunday | BA1: Monday | BB1: Tuesday | BC1: Wednesday | BD1: Thursday | BE1: Friday | BF1: Saturday | BG1: Sunday | BH1: Monday | BI1: Tuesday | BJ1: Wednesday | BK1: Thursday | BL1: Friday | BM1: Saturday | BN1: Sunday | BO1: Monday | BP1: Tuesday | BQ1: Wednesday | BR1: Thursday | BS1: Friday | BT1: Saturday | BU1: Sunday | BV1: Monday | BW1: Tuesday | BX1: Wednesday | BY1: Thursday | BZ1: Friday | CA1: Saturday | CB1: Sunday | CC1: Monday | CD1: Tuesday | CE1: Wednesday | CF1: Thursday | CG1: Friday | CH1: Saturday | CI1: Sunday | CJ1: Monday | CK1: Tuesday | CL1: Wednesday | CM1: Thursday | CN1: Friday | CO1: Saturday | CP1: Sunday | CQ1: Monday | CR1: Tuesday | CS1: Wednesday | CT1: Thursday | CU1: Friday | CV1: Saturday | CW1: Sunday | CX1: Monday | CY1: Tuesday | CZ1: Wednesday | DA1: Thursday | DB1: Friday | DC1: Saturday | DD1: Sunday | DE1: Monday | DF1: Tuesday | DG1: Wednesday | DH1: Thursday | DI1: Friday | DJ1: Saturday | DK1: Sunday | DL1: Monday | DM1: Tuesday | DN1: Wednesday | DO1: Thursday | DP1: Friday | DQ1: Saturday | DR1: Sunday | DS1: Monday | DT1: Tuesday | DU1: Wednesday | DV1: Thursday | DW1: Friday | DX1: Saturday | DY1: Sunday | DZ1: Monday | EA1: Tuesday | EB1: Wednesday | EC1: Thursday | ED1: Friday | EE1: Saturday | EF1: Sunday | EG1: Monday | EH1: Tuesday | EI1: Wednesday | EJ1: Thursday | EK1: Friday | EL1: Saturday | EM1: Sunday | EN1: Monday | EO1: Tuesday | EP1: Wednesday | EQ1: Thursday | ER1: Friday | ES1: Saturday | ET1: Sunday | EU1: Monday | EV1: Tuesday | EW1: Wednesday | EX1: Thursday | EY1: Friday | EZ1: Saturday | FA1: Sunday | FB1: Monday | FC1: Tuesday | FD1: Wednesday | FE1: Thursday | FF1: Friday | FG1: Saturday | FH1: Sunday | FI1: Monday | FJ1: Tuesday | FK1: Wednesday | FL1: Thursday | FM1: Friday | FN1: Saturday | FO1: Sunday | FP1: Monday | FQ1: Tuesday | FR1: Wednesday | FS1: Thursday | FT1: Friday | FU1: Saturday | FV1: Sunday | FW1: Monday | FX1: Tuesday | FY1: Wednesday | FZ1: Thursday | GA1: Friday | GB1: Saturday | GC1: Sunday | GD1: Monday | GE1: Tuesday | GF1: Wednesday | GG1: Thursday | GH1: Friday | GI1: Saturday | GJ1: Sunday | GK1: Monday | GL1: Tuesday | GM1: Wednesday | GN1: Thursday | GO1: Friday | GP1: Saturday | GQ1: Sunday | GR1: Monday | GS1: Tuesday | GT1: Wednesday | GU1: Thursday | GV1: Friday | GW1: Saturday | GX1: Sunday | GY1: Monday | GZ1: Tuesday | HA1: Wednesday | HB1: Thursday | HC1: Friday | HD1: Saturday | HE1: Sunday | HF1: Monday | HG1: Tuesday | HH1: Wednesday | HI1: Thursday | HJ1: Friday | HK1: Saturday | HL1: Sunday | HM1: Monday | HN1: Tuesday | HO1: Wednesday | HP1: Thursday | HQ1: Friday | HR1: Saturday | HS1: Sunday | HT1: Monday | HU1: Tuesday | HV1: Wednesday | HW1: Thursday | HX1: Friday | HY1: Saturday | HZ1: Sunday | IA1: Monday | IB1: Tuesday | IC1: Wednesday | ID1: Thursday | IE1: Friday | IF1: Saturday | IG1: Sunday | IH1: Monday | II1: Tuesday | IJ1: Wednesday | IK1: Thursday | IL1: Friday | IM1: Saturday | IN1: Sunday | IO1: Monday | IP1: Tuesday | IQ1: Wednesday | IR1: Thursday | IS1: Friday | IT1: Saturday | IU1: Sunday | IV1: Monday | IW1: Tuesday | IX1: Wednesday | IY1: Thursday | IZ1: Friday | JA1: Saturday | JB1: Sunday | JC1: Monday | JD1: Tuesday | JE1: Wednesday | JF1: Thursday | JG1: Friday | JH1: Saturday | JI1: Sunday | JJ1: Monday | JK1: Tuesday | JL1: Wednesday | JM1: Thursday | JN1: Friday | JO1: Saturday | JP1: Sunday | JQ1: Monday | JR1: Tuesday | JS1: Wednesday | JT1: Thursday | JU1: Friday | JV1: Saturday | JW1: Sunday | JX1: Monday | JY1: Tuesday | JZ1: Wednesday | KA1: Thursday | KB1: Friday | KC1: Saturday | KD1: Sunday | KE1: Monday | KF1: Tuesday | KG1: Wednesday | KH1: Thursday | KI1: Friday | KJ1: Saturday | KK1: Sunday | KL1: Monday | KM1: Tuesday | KN1: Wednesday | KO1: Thursday | KP1: Friday | KQ1: Saturday | KR1: Sunday | KS1: Monday | KT1: Tuesday | KU1: Wednesday | KV1: Thursday | KW1: Friday | KX1: Saturday | KY1: Sunday | KZ1: Monday | LA1: Tuesday | LB1: Wednesday | LC1: Thursday | LD1: Friday | LE1: Saturday | LF1: Sunday | LG1: Monday | LH1: Tuesday | LI1: Wednesday | LJ1: Thursday | LK1: Friday | LL1: Saturday | LM1: Sunday | LN1: Monday | LO1: Tuesday | LP1: Wednesday | LQ1: Thursday | LR1: Friday | LS1: Saturday | LT1: Sunday | LU1: Monday | LV1: Tuesday | LW1: Wednesday | LX1: Thursday | LY1: Friday | LZ1: Saturday | MA1: Sunday | MB1: Monday | MC1: Tuesday | MD1: Wednesday | ME1: Thursday | MF1: Friday | MG1: Saturday | MH1: Sunday | MI1: Monday | MJ1: Tuesday | MK1: Wednesday | ML1: Thursday | MM1: Friday | MN1: Saturday | MO1: Sunday | MP1: Monday | MQ1: Tuesday | MR1: Wednesday | MS1: Thursday | MT1: Friday | MU1: Saturday | MV1: Sunday | MW1: Monday | MX1: Tuesday | MY1: Wednesday | MZ1: Thursday | NA1: Friday | NB1: Saturday
C2: 45690 | D2: 45691 | E2: 45692 | F2: 45693 | G2: 45694 | H2: 45695 | I2: 45696 | J2: 45697 | K2: 45698 | L2: 45699 | M2: 45700 | N2: 45701 | O2: 45702 | P2: 45703 | Q2: 45704 | R2: 45705 | S2: 45706 | T2: 45707 | U2: 45708 | V2: 45709 | W2: 45710 | X2: 45711 | Y2: 45712 | Z2: 45713 | AA2: 45714 | AB2: 45715 | AC2: 45716 | AD2: 45717 | AE2: 45718 | AF2: 45719 | AG2: 45720 | AH2: 45721 | AI2: 45722 | AJ2: 45723 | AK2: 45724 | AL2: 45725 | AM2: 45726 | AN2: 45727 | AO2: 45728 | AP2: 45729 | AQ2: 45730 | AR2: 45731 | AS2: 45732 | AT2: 45733 | AU2: 45734 | AV2: 45735 | AW2: 45736 | AX2: 45737 | AY2: 45738 | AZ2: 45739 | BA2: 45740 | BB2: 45741 | BC2: 45742 | BD2: 45743 | BE2: 45744 | BF2: 45745 | BG2: 45746 | BH2: 45747 | BI2: 45748 | BJ2: 45749 | BK2: 45750 | BL2: 45751 | BM2: 45752 | BN2: 45753 | BO2: 45754 | BP2: 45755 | BQ2: 45756 | BR2: 45757 | BS2: 45758 | BT2: 45759 | BU2: 45760 | BV2: 45761 | BW2: 45762 | BX2: 45763 | BY2: 45764 | BZ2: 45765 | CA2: 45766 | CB2: 45767 | CC2: 45768 | CD2: 45769 | CE2: 45770 | CF2: 45771 | CG2: 45772 | CH2: 45773 | CI2: 45774 | CJ2: 45775 | CK2: 45776 | CL2: 45777 | CM2: 45778 | CN2: 45779 | CO2: 45780 | CP2: 45781 | CQ2: 45782 | CR2: 45783 | CS2: 45784 | CT2: 45785 | CU2: 45786 | CV2: 45787 | CW2: 45788 | CX2: 45789 | CY2: 45790 | CZ2: 45791 | DA2: 45792 | DB2: 45793 | DC2: 45794 | DD2: 45795 | DE2: 45796 | DF2: 45797 | DG2: 45798 | DH2: 45799 | DI2: 45800 | DJ2: 45801 | DK2: 45802 | DL2: 45803 | DM2: 45804 | DN2: 45805 | DO2: 45806 | DP2: 45807 | DQ2: 45808 | DR2: 45809 | DS2: 45810 | DT2: 45811 | DU2: 45812 | DV2: 45813 | DW2: 45814 | DX2: 45815 | DY2: 45816 | DZ2: 45817 | EA2: 45818 | EB2: 45819 | EC2: 45820 | ED2: 45821 | EE2: 45822 | EF2: 45823 | EG2: 45824 | EH2: 45825 | EI2: 45826 | EJ2: 45827 | EK2: 45828 | EL2: 45829 | EM2: 45830 | EN2: 45831 | EO2: 45832 | EP2: 45833 | EQ2: 45834 | ER2: 45835 | ES2: 45836 | ET2: 45837 | EU2: 45838 | EV2: 45839 | EW2: 45840 | EX2: 45841 | EY2: 45842 | EZ2: 45843 | FA2: 45844 | FB2: 45845 | FC2: 45846 | FD2: 45847 | FE2: 45848 | FF2: 45849 | FG2: 45850 | FH2: 45851 | FI2: 45852 | FJ2: 45853 | FK2: 45854 | FL2: 45855 | FM2: 45856 | FN2: 45857 | FO2: 45858 | FP2: 45859 | FQ2: 45860 | FR2: 45861 | FS2: 45862 | FT2: 45863 | FU2: 45864 | FV2: 45865 | FW2: 45866 | FX2: 45867 | FY2: 45868 | FZ2: 45869 | GA2: 45870 | GB2: 45871 | GC2: 45872 | GD2: 45873 | GE2: 45874 | GF2: 45875 | GG2: 45876 | GH2: 45877 | GI2: 45878 | GJ2: 45879 | GK2: 45880 | GL2: 45881 | GM2: 45882 | GN2: 45883 | GO2: 45884 | GP2: 45885 | GQ2: 45886 | GR2: 45887 | GS2: 45888 | GT2: 45889 | GU2: 45890 | GV2: 45891 | GW2: 45892 | GX2: 45893 | GY2: 45894 | GZ2: 45895 | HA2: 45896 | HB2: 45897 | HC2: 45898 | HD2: 45899 | HE2: 45900 | HF2: 45901 | HG2: 45902 | HH2: 45903 | HI2: 45904 | HJ2: 45905 | HK2: 45906 | HL2: 45907 | HM2: 45908 | HN2: 45909 | HO2: 45910 | HP2: 45911 | HQ2: 45912 | HR2: 45913 | HS2: 45914 | HT2: 45915 | HU2: 45916 | HV2: 45917 | HW2: 45918 | HX2: 45919 | HY2: 45920 | HZ2: 45921 | IA2: 45922 | IB2: 45923 | IC2: 45924 | ID2: 45925 | IE2: 45926 | IF2: 45927 | IG2: 45928 | IH2: 45929 | II2: 45930 | IJ2: 45931 | IK2: 45932 | IL2: 45933 | IM2: 45934 | IN2: 45935 | IO2: 45936 | IP2: 45937 | IQ2: 45938 | IR2: 45939 | IS2: 45940 | IT2: 45941 | IU2: 45942 | IV2: 45943 | IW2: 45944 | IX2: 45945 | IY2: 45946 | IZ2: 45947 | JA2: 45948 | JB2: 45949 | JC2: 45950 | JD2: 45951 | JE2: 45952 | JF2: 45953 | JG2: 45954 | JH2: 45955 | JI2: 45956 | JJ2: 45957 | JK2: 45958 | JL2: 45959 | JM2: 45960 | JN2: 45961 | JO2: 45962 | JP2: 45963 | JQ2: 45964 | JR2: 45965 | JS2: 45966 | JT2: 45967 | JU2: 45968 | JV2: 45969 | JW2: 45970 | JX2: 45971 | JY2: 45972 | JZ2: 45973 | KA2: 45974 | KB2: 45975 | KC2: 45976 | KD2: 45977 | KE2: 45978 | KF2: 45979 | KG2: 45980 | KH2: 45981 | KI2: 45982 | KJ2: 45983 | KK2: 45984 | KL2: 45985 | KM2: 45986 | KN2: 45987 | KO2: 45988 | KP2: 45989 | KQ2: 45990 | KR2: 45991 | KS2: 45992 | KT2: 45993 | KU2: 45994 | KV2: 45995 | KW2: 45996 | KX2: 45997 | KY2: 45998 | KZ2: 45999 | LA2: 46000 | LB2: 46001 | LC2: 46002 | LD2: 46003 | LE2: 46004 | LF2: 46005 | LG2: 46006 | LH2: 46007 | LI2: 46008 | LJ2: 46009 | LK2: 46010 | LL2: 46011 | LM2: 46012 | LN2: 46013 | LO2: 46014 | LP2: 46015 | LQ2: 46016 | LR2: 46017 | LS2: 46018 | LT2: 46019 | LU2: 46020 | LV2: 46021 | LW2: 46022 | LX2: 46023 | LY2: 46024 | LZ2: 46025 | MA2: 46026 | MB2: 46027 | MC2: 46028 | MD2: 46029 | ME2: 46030 | MF2: 46031 | MG2: 46032 | MH2: 46033 | MI2: 46034 | MJ2: 46035 | MK2: 46036 | ML2: 46037 | MM2: 46038 | MN2: 46039 | MO2: 46040 | MP2: 46041 | MQ2: 46042 | MR2: 46043 | MS2: 46044 | MT2: 46045 | MU2: 46046 | MV2: 46047 | MW2: 46048 | MX2: 46049 | MY2: 46050 | MZ2: 46051 | NA2: 46052 | NB2: 46053
B3: Total Labor Needed | C3: =SUM(C17,C30,C36,C48) -> 22.044208 | D3: =SUM(D17,D30,D36,D48) -> 26.831822 | E3: =SUM(E17,E30,E36,E48) -> 27.069882 | F3: =SUM(F17,F30,F36,F48) -> 28.5286 | G3: =SUM(G17,G30,G36,G48) -> 27.04792 | H3: =SUM(H17,H30,H36,H48) -> 19.707296 | I3: =SUM(I17,I30,I36,I48) -> 22.676197 | J3: =SUM(J17,J30,J36,J48) -> 40.382362 | ... NB3: =SUM(NB17,NB30,NB36,NB48) -> 22.922959
B4: Planned Throughput | U4: =LOOKUP(T1,'Deployment needs'!$2:$2,'Deployment needs'!$99:$99) -> #N/A
A5: Task Code | B5: DTC Goal | C5: =Outbound!B6 -> 2500 | D5: =Outbound!C6 -> 7000 | E5: =Outbound!D6 -> 7000 | F5: =Outbound!E6 -> 8000 | G5: =Outbound!F6 -> 7000 | H5: =Outbound!G6 -> 3000 | I5: =Outbound!H6 -> 5000 | J5: =Outbound!I6 -> 15000 | ... Y5: =Outbound!X6 -> 18000 | Z5: 6000 | AA5: =Outbound!Z6 -> 8000 | AB5: =Outbound!AA6 -> 8000 | AC5: =Outbound!AB6 -> 7000 | AD5: =Outbound!AC6 -> 7000 | AE5: =Outbound!AD6 -> 15000 | AF5: =Outbound!AE6 -> 17000 | AG5: =Outbound!AF6 -> 9000 | AH5: =Outbound!AG6 -> 8000 | ... KN5: =Outbound!KM6 -> 47000 | KO5: 45000 | KP5: 85000 | KQ5: =Outbound!KP6 -> 80000 | KR5: =Outbound!KQ6 -> 80000 | KS5: =Outbound!KR6 -> 75000 | KT5: =Outbound!KS6 -> 75000 | KU5: =Outbound!KT6 -> 75000 | KV5: =Outbound!KU6 -> 55000 | KW5: =Outbound!KV6 -> 47500 | KX5: =Outbound!KW6 -> 47500 | ... MI5: =Outbound!MH6 -> 30000 | MJ5: 15000 | MK5: =Outbound!MJ6 -> 15000 | ML5: =Outbound!MK6 -> 12000 | MM5: =Outbound!ML6 -> 8000 | MN5: =Outbound!MM6 -> 8000 | MO5: =Outbound!MN6 -> 18000 | MP5: =Outbound!MO6 -> 0 | MQ5: =Outbound!MP6 -> 18000 | MR5: =Outbound!MQ6 -> 18000 | ... NA5: =Outbound!MZ6 -> 5000 | NB5: =[1]Outbound!$B$6 -> 5000
A6: 10 | B6: Pick- Regular | C6: =SUM(C53,C100) -> 1.8278018 | D6: =SUM(D53,D100) -> 5.0282828 | E6: =SUM(E53,E100) -> 5.0282828 | F6: =SUM(F53,F100) -> 5.7466089 | G6: =SUM(G53,G100) -> 5.0282828 | H6: =SUM(H53,H100) -> 1.9191919 | I6: =SUM(I53,I100) -> 3.1986532 | J6: =SUM(J53,J100) -> 10.966811 | ... NB6: =SUM(NB53,NB100) -> 3.1986532
A7: 11 | B7: Pick- Singles | C7: =SUM(C54,C101) -> 0.079365079 | D7: =SUM(D54,D101) -> 0.21833333 | E7: =SUM(E54,E101) -> 0.21833333 | F7: =SUM(F54,F101) -> 0.24952381 | G7: =SUM(G54,G101) -> 0.21833333 | H7: =SUM(H54,H101) -> 0.083333333 | I7: =SUM(I54,I101) -> 0.13888889 | J7: =SUM(J54,J101) -> 0.47619048 | ... NB7: =SUM(NB54,NB101) -> 0.13888889
A8: 31 | B8: Ship- Bulk | C8: =SUM(C55,C102) -> 0.35439166 | D8: =SUM(D55,D102) -> 0.97493145 | E8: =SUM(E55,E102) -> 0.97493145 | F8: =SUM(F55,F102) -> 1.1142074 | G8: =SUM(G55,G102) -> 0.97493145 | H8: =SUM(H55,H102) -> 0.37211124 | I8: =SUM(I55,I102) -> 0.6201854 | J8: =SUM(J55,J102) -> 2.12635 | ... NB8: =SUM(NB55,NB102) -> 0.6201854
A9: 30 | B9: Ship- Singles | C9: =SUM(C56,C103) -> 0.13227513 | D9: =SUM(D56,D103) -> 0.36388889 | E9: =SUM(E56,E103) -> 0.36388889 | F9: =SUM(F56,F103) -> 0.41587302 | G9: =SUM(G56,G103) -> 0.36388889 | H9: =SUM(H56,H103) -> 0.13888889 | I9: =SUM(I56,I103) -> 0.23148148 | J9: =SUM(J56,J103) -> 0.79365079 | ... NB9: =SUM(NB56,NB103) -> 0.23148148
A10: 32 | B10: Cartbuilding | C10: =SUM(C57,C104) -> 0.22847523 | D10: =SUM(D57,D104) -> 0.62853535 | E10: =SUM(E57,E104) -> 0.62853535 | F10: =SUM(F57,F104) -> 0.71832612 | G10: =SUM(G57,G104) -> 0.62853535 | H10: =SUM(H57,H104) -> 0.23989899 | I10: =SUM(I57,I104) -> 0.39983165 | J10: =SUM(J57,J104) -> 1.3708514 | ... ME10: =SUM(ME57,ME104) -> 1.9753968 | MF10: 2 | MG10: 2 | MH10: 4 | MI10: =SUM(MI57,MI104) -> 2.6937229 | MJ10: =SUM(MJ57,MJ104) -> 1.3468615 | MK10: =SUM(MK57,MK104) -> 1.3468615 | ML10: =SUM(ML57,ML104) -> 1.0774892 | MM10: =SUM(MM57,MM104) -> 0.63973064 | MN10: =SUM(MN57,MN104) -> 0.63973064 | MO10: =SUM(MO57,MO104) -> 1.6450216 | MP10: =SUM(MP57,MP104) -> 0 | ... NB10: =SUM(NB57,NB104) -> 0.39983165
A11: 33 | B11: Taper/Case Erector | C11: =SUM(C58,C105) -> 0.35439166 | D11: =SUM(D58,D105) -> 0.97493145 | E11: =SUM(E58,E105) -> 0.97493145 | F11: =SUM(F58,F105) -> 1.1142074 | G11: =SUM(G58,G105) -> 0.97493145 | H11: =SUM(H58,H105) -> 0.37211124 | I11: =SUM(I58,I105) -> 0.6201854 | J11: =SUM(J58,J105) -> 2.12635 | ... ME11: =SUM(ME58,ME105) -> 3.0640703 | MF11: 1 | MG11: 1 | MH11: 2 | MI11: =SUM(MI58,MI105) -> 4.1782777 | MJ11: =SUM(MJ58,MJ105) -> 2.0891388 | MK11: =SUM(MK58,MK105) -> 2.0891388 | ML11: =SUM(ML58,ML105) -> 1.6713111 | MM11: =SUM(MM58,MM105) -> 0.99229664 | MN11: =SUM(MN58,MN105) -> 0.99229664 | MO11: =SUM(MO58,MO105) -> 2.5516199 | MP11: =SUM(MP58,MP105) -> 0 | ... NB11: =SUM(NB58,NB105) -> 0.6201854
A12: 34 | B12: Truck Loader | C12: =SUM(C59,C106) -> 0.35439166 | D12: =SUM(D59,D106) -> 0.97493145 | E12: =SUM(E59,E106) -> 0.97493145 | F12: =SUM(F59,F106) -> 1.1142074 | G12: =SUM(G59,G106) -> 0.97493145 | H12: =SUM(H59,H106) -> 0.37211124 | I12: =SUM(I59,I106) -> 0.6201854 | J12: =SUM(J59,J106) -> 2.12635 | ... ME12: =SUM(ME59,ME106) -> 3.0640703 | MF12: 1 | MG12: 1 | MH12: 2 | MI12: =SUM(MI59,MI106) -> 4.1782777 | MJ12: =SUM(MJ59,MJ106) -> 2.0891388 | MK12: =SUM(MK59,MK106) -> 2.0891388 | ML12: =SUM(ML59,ML106) -> 1.6713111 | MM12: =SUM(MM59,MM106) -> 0.99229664 | MN12: =SUM(MN59,MN106) -> 0.99229664 | MO12: =SUM(MO59,MO106) -> 2.5516199 | MP12: =SUM(MP59,MP106) -> 0 | ... NB12: =SUM(NB59,NB106) -> 0.6201854
A13: 35 | B13: Gift Cards | C13: =SUM(C60,C107) -> 0.026455026 | D13: =SUM(D60,D107) -> 0.072777778 | E13: =SUM(E60,E107) -> 0.072777778 | F13: =SUM(F60,F107) -> 0.083174603 | G13: =SUM(G60,G107) -> 0.072777778 | H13: =SUM(H60,H107) -> 0.027777778 | I13: =SUM(I60,I107) -> 0.046296296 | J13: =SUM(J60,J107) -> 0.15873016 | ... NB13: =SUM(NB60,NB107) -> 0.046296296
A14: 36 | B14: Repack | C14: =SUM(C61,C108) -> 0.8 | D14: =SUM(D61,D108) -> 0.5 | E14: =SUM(E61,E108) -> 0.5 | F14: =SUM(F61,F108) -> 0.5 | G14: =SUM(G61,G108) -> 0.5 | H14: =SUM(H61,H108) -> 0.5 | I14: =SUM(I61,I108) -> 0.5 | J14: =SUM(J61,J108) -> 0.5 | ... NB14: =SUM(NB61,NB108) -> 0.5
A15: 21 | B15: Banding | C15: =SUM(C62,C109) -> 4.2815315 | D15: =SUM(D62,D109) -> 2.5675676 | E15: =SUM(E62,E109) -> 2.5675676 | F15: =SUM(F62,F109) -> 2.6486486 | G15: =SUM(G62,G109) -> 2.5675676 | H15: =SUM(H62,H109) -> 2 | I15: =SUM(I62,I109) -> 2 | J15: =SUM(J62,J109) -> 3.6891892 | ... ME15: =SUM(ME62,ME109) -> 4.3273273 | MF15: 4 | MG15: 4 | MH15: 8 | MI15: =SUM(MI62,MI109) -> 5.9009009 | MJ15: =SUM(MJ62,MJ109) -> 2.9504505 | MK15: =SUM(MK62,MK109) -> 2.9504505 | ML15: =SUM(ML62,ML109) -> 2.3603604 | MM15: =SUM(MM62,MM109) -> 1.4014014 | MN15: =SUM(MN62,MN109) -> 1.4014014 | MO15: =SUM(MO62,MO109) -> 3.6036036 | MP15: =SUM(MP62,MP109) -> 0 | ... NB15: =SUM(NB62,NB109) -> 0.87587588
A16: 20 | B16: AB Operator | C16: =SUM(C63,C110) -> 2 | D16: =SUM(D63,D110) -> 2 | E16: =SUM(E63,E110) -> 2 | F16: =SUM(F63,F110) -> 2 | G16: =SUM(G63,G110) -> 2 | H16: =SUM(H63,H110) -> 2 | I16: =SUM(I63,I110) -> 2 | J16: =SUM(J63,J110) -> 2 | ... NB16: =SUM(NB63,NB110) -> 2
B17: TOTAL | C17: =SUM(C6:C16) -> 10.439079 | D17: =SUM(D6:D16) -> 14.30418 | E17: =SUM(E6:E16) -> 14.30418 | F17: =SUM(F6:F16) -> 15.704777 | G17: =SUM(G6:G16) -> 14.30418 | H17: =SUM(H6:H16) -> 8.0254246 | I17: =SUM(I6:I16) -> 10.375708 | J17: =SUM(J6:J16) -> 26.334473 | ... NB17: =SUM(NB6:NB16) -> 9.2515836
B20: Stocking/Receiving Replen | C20: =C5*Data!$B35/Data!$B37 -> 43.75 | D20: =D5*Data!$B35/Data!$B37 -> 122.5 | E20: =E5*Data!$B35/Data!$B37 -> 122.5 | F20: =F5*Data!$B35/Data!$B37 -> 140 | G20: =G5*Data!$B35/Data!$B37 -> 122.5 | H20: =H5*Data!$B35/Data!$B37 -> 52.5 | I20: =I5*Data!$B35/Data!$B37 -> 87.5 | J20: =J5*Data!$B35/Data!$B37 -> 262.5 | ... KO20: =KO5*Data!$B35/Data!$B37 -> 787.5 | KP20: 1800 | KQ20: 1800 | KR20: 1800 | KS20: 1800 | KT20: 1800 | KU20: 1800 | KV20: 1800 | KW20: 1800 | KX20: 1800 | KY20: 1800 | KZ20: 1800 | LA20: 1800 | LB20: 1800 | LC20: =LC5*Data!$B35/Data!$B37 -> 612.5 | LD20: =LD5*Data!$B35/Data!$B37 -> 315 | LE20: =LE5*Data!$B35/Data!$B37 -> 350 | LF20: =LF5*Data!$B35/Data!$B37 -> 700 | LG20: =LG5*Data!$B35/Data!$B37 -> 875 | LH20: =LH5*Data!$B35/Data!$B37 -> 805 | LI20: =LI5*Data!$B35/Data!$B37 -> 805 | LJ20: =LJ5*Data!$B35/Data!$B37 -> 350 | ... MW20: =MW5*Data!$B35/Data!$B37 -> 0 | MX20: 400 | MY20: 1800 | MZ20: =MZ5*Data!$B35/Data!$B37 -> 122.5 | NA20: =NA5*Data!$B35/Data!$B37 -> 87.5 | NB20: =NB5*Data!$B35/Data!$B37 -> 87.5
B21: Min/Max
A22: 41 | B22: Replenishment Pull | C22: =SUM(C69,C116) -> 0.98161376 | D22: =SUM(D69,D116) -> 1.2031217 | E22: =SUM(E69,E116) -> 1.2062963 | F22: =SUM(F69,F116) -> 1.2579894 | G22: =SUM(G69,G116) -> 1.2126455 | H22: =SUM(H69,H116) -> 1.021746 | I22: =SUM(I69,I116) -> 1.1219577 | J22: =SUM(J69,J116) -> 1.6103175 | ... NB22: =SUM(NB69,NB116) -> 2.255291
A23: 42 | B23: Replenishment Throw | C23: =SUM(C70,C117) -> 1.2620748 | D23: =SUM(D70,D117) -> 1.5468707 | E23: =SUM(E70,E117) -> 1.5509524 | F23: =SUM(F70,F117) -> 1.617415 | G23: =SUM(G70,G117) -> 1.5591156 | H23: =SUM(H70,H117) -> 1.3136735 | I23: =SUM(I70,I117) -> 1.442517 | J23: =SUM(J70,J117) -> 2.0704082 | ... NB23: =SUM(NB70,NB117) -> 2.8996599
A24: 43 | B24: Overstock | C24: =SUM(C71,C118) -> 0 | D24: =SUM(D71,D118) -> 0.1255873 | E24: =SUM(E71,E118) -> 0.1255873 | F24: =SUM(F71,F118) -> 0.1255873 | G24: =SUM(G71,G118) -> 0.1255873 | H24: =SUM(H71,H118) -> 0.1255873 | I24: =SUM(I71,I118) -> 0.1255873 | J24: =SUM(J71,J118) -> 0 | ... NB24: =SUM(NB71,NB118) -> 0
A25: 45 | B25: Receiving | C25: =SUM(C72,C119) -> 0 | D25: =SUM(D72,D119) -> 0.058243386 | E25: =SUM(E72,E119) -> 0.058243386 | F25: =SUM(F72,F119) -> 0.058243386 | G25: =SUM(G72,G119) -> 0.058243386 | H25: =SUM(H72,H119) -> 0.058243386 | I25: =SUM(I72,I119) -> 0.058243386 | J25: =SUM(J72,J119) -> 0 | ... NB25: =SUM(NB72,NB119) -> 0
A26: 46 | B26: Cubiscan | C26: =SUM(C73,C120) -> 1 | D26: =SUM(D73,D120) -> 1.0286667 | E26: =SUM(E73,E120) -> 1.0286667 | F26: =SUM(F73,F120) -> 1.0286667 | G26: =SUM(G73,G120) -> 1.0286667 | H26: =SUM(H73,H120) -> 1.0286667 | I26: =SUM(I73,I120) -> 1.0286667 | J26: =SUM(J73,J120) -> 1 | ... DJ26: =SUM(DJ73,DJ120) -> 1 | DK26: 0 | DL26: =SUM(DL73,DL120) -> 1 | DM26: =SUM(DM73,DM120) -> 1 | DN26: =SUM(DN73,DN120) -> 1 | DO26: =SUM(DO73,DO120) -> 1 | DP26: =SUM(DP73,DP120) -> 1 | DQ26: =SUM(DQ73,DQ120) -> 1 | DR26: =SUM(DR73,DR120) -> 1 | DS26: =SUM(DS73,DS120) -> 1 | ... NB26: =SUM(NB73,NB120) -> 1
A27: 50 | B27: Overstock Cycle Count | C27: =SUM(C74,C121) -> 0.25 | D27: =SUM(D74,D121) -> 0.25 | E27: =SUM(E74,E121) -> 0.25 | F27: =SUM(F74,F121) -> 0.25 | G27: =SUM(G74,G121) -> 0.25 | H27: =SUM(H74,H121) -> 0.25 | I27: =SUM(I74,I121) -> 0.25 | J27: =SUM(J74,J121) -> 0.25 | ... DJ27: =SUM(DJ74,DJ121) -> 0.25 | DK27: 0 | DL27: =SUM(DL74,DL121) -> 0.25 | DM27: =SUM(DM74,DM121) -> 0.25 | DN27: =SUM(DN74,DN121) -> 0.25 | DO27: =SUM(DO74,DO121) -> 0.25 | DP27: =SUM(DP74,DP121) -> 0.25 | DQ27: =SUM(DQ74,DQ121) -> 0.25 | DR27: =SUM(DR74,DR121) -> 0.25 | DS27: =SUM(DS74,DS121) -> 0.25 | ... NB27: =SUM(NB74,NB121) -> 0.25
A28: 40 | B28: Manual Moves | C28: =SUM(C75,C122) -> 0 | D28: =SUM(D75,D122) -> 0 | E28: =SUM(E75,E122) -> 0 | F28: =SUM(F75,F122) -> 0 | G28: =SUM(G75,G122) -> 0 | H28: =SUM(H75,H122) -> 0 | I28: =SUM(I75,I122) -> 0 | J28: =SUM(J75,J122) -> 0 | ... NB28: =SUM(NB75,NB122) -> 0
A29: 82 | B29: Warehouse Cleaning | C29: =SUM(C76,C123) -> 1 | D29: =SUM(D76,D123) -> 1 | E29: =SUM(E76,E123) -> 1 | F29: =SUM(F76,F123) -> 1 | G29: =SUM(G76,G123) -> 1 | H29: =SUM(H76,H123) -> 1 | I29: =SUM(I76,I123) -> 1 | J29: =SUM(J76,J123) -> 1 | ... NB29: =SUM(NB76,NB123) -> 2
B30: TOTAL | C30: =SUM(C77,C124) -> 4.4936886 | D30: =SUM(D77,D124) -> 5.2124898 | E30: =SUM(E77,E124) -> 5.219746 | F30: =SUM(F77,F124) -> 5.3379017 | G30: =SUM(G77,G124) -> 5.2342585 | H30: =SUM(H77,H124) -> 4.7979169 | I30: =SUM(I77,I124) -> 5.026972 | J30: =SUM(J77,J124) -> 5.9307256 | ... NB30: =SUM(NB77,NB124) -> 8.4049509
B32: Returns | C32: =Returns!B5 -> 151.84759 | D32: =Returns!C5 -> 143.61517 | E32: =Returns!D5 -> 161.68207 | F32: =Returns!E5 -> 151.60966 | G32: =Returns!F5 -> 158.8269 | H32: =Returns!G5 -> 131.35379 | I32: =Returns!H5 -> 151.10207 | J32: =Returns!I5 -> 163.41103 | ... DH32: =Returns!DG5 -> 333.46828 | DI32: 150 | DJ32: 150 | DK32: 150 | DL32: 500 | DM32: =Returns!DL5 -> 182.12828 | DN32: =Returns!DM5 -> 140.83931 | DO32: =Returns!DN5 -> 138.57103 | DP32: =Returns!DO5 -> 127.32483 | DQ32: =Returns!DP5 -> 151.53034 | DR32: =Returns!DQ5 -> 183.52414 | DS32: =Returns!DR5 -> 157.51034 | DT32: =Returns!DS5 -> 152.32345 | ... IP32: =Returns!IO5 -> 794.45172 | IQ32: 300 | IR32: 300 | IS32: 300 | IT32: 100 | IU32: 100 | IV32: 300 | IW32: 200 | IX32: 200 | IY32: 400 | IZ32: 200 | JA32: 100 | JB32: 300 | JC32: =Returns!JB5 -> 722.29517 | JD32: =Returns!JC5 -> 624.8069 | JE32: 677 | JF32: 600 | JG32: 600 | JH32: 600 | JI32: =Returns!JH5 -> 363.7331 | JJ32: =Returns!JI5 -> 291.33862 | JK32: =Returns!JJ5 -> 280.58414 | JL32: =Returns!JK5 -> 299.25379 | JM32: =Returns!JL5 -> 490.86759 | JN32: =Returns!JM5 -> 320.68345 | JO32: =Returns!JN5 -> 756.14483 | JP32: =Returns!JO5 -> 1107.7276 | ... KC32: =Returns!KB5 -> 693.31517 | KD32: 1000 | KE32: 1000 | KF32: 1000 | KG32: 1000 | KH32: 1000 | KI32: 1000 | KJ32: 1000 | KK32: 1000 | KL32: 1000 | KM32: 1000 | KN32: 1000 | KO32: 0 | KP32: 1000 | KQ32: 1000 | KR32: 1000 | KS32: 600 | KT32: 850 | KU32: 1000 | KV32: 1000 | KW32: 500 | KX32: 500 | KY32: 500 | KZ32: 1200 | LA32: 1200 | LB32: 750 | LC32: 1000 | LD32: 250 | LE32: 1000 | LF32: =Returns!LE5 -> 644.15862 | LG32: 1000 | LH32: 400 | LI32: 400 | LJ32: 1200 | LK32: =Returns!LJ5 -> 261.45448 | LL32: =Returns!LK5 -> 199.08483 | LM32: 600 | LN32: 1200 | LO32: 1200 | LP32: =Returns!LO5 -> 99.407586 | LQ32: =Returns!LP5 -> 149.32552 | LR32: =Returns!LQ5 -> 575.39655 | LS32: =Returns!LR5 -> 424.96069 | LT32: =Returns!LS5 -> 946.72759 | LU32: =Returns!LT5 -> 627.5669 | LV32: =Returns!LU5 -> 554.14138 | LW32: =Returns!LV5 -> 377.54897 | LX32: =Returns!LW5 -> 429.62414 | LY32: 2000 | LZ32: =Returns!LY5 -> 466.13862 | MA32: =Returns!LZ5 -> 469.66 | MB32: 2000 | MC32: 1000 | MD32: 1000 | ME32: 1250 | MF32: 700 | MG32: 700 | MH32: 1250 | MI32: 0 | MJ32: 1000 | MK32: 1000 | ML32: 1000 | MM32: 1000 | MN32: 1000 | MO32: 1500 | MP32: 0 | MQ32: 1500 | MR32: 1500 | MS32: =Returns!MR5 -> 105.9269 | MT32: =Returns!MS5 -> 113.57241 | MU32: =Returns!MT5 -> 222.32276 | MV32: =Returns!MU5 -> 201.22621 | MW32: =Returns!MV5 -> 178.46414 | MX32: =Returns!MW5 -> 120.42483 | MY32: =Returns!MX5 -> 125.34207 | MZ32: =Returns!MY5 -> 126.73793 | ... NB32: =Returns!NA5 -> 150.54691
A33: 60 | B33: Returns | C33: =SUM(C80,C127) -> 1.3578563 | D33: =SUM(D80,D127) -> 1.2842402 | E33: =SUM(E80,E127) -> 1.4457985 | F33: =SUM(F80,F127) -> 1.3557287 | G33: =SUM(G80,G127) -> 1.4202669 | H33: =SUM(H80,H127) -> 1.1745961 | I33: =SUM(I80,I127) -> 1.3511897 | J33: =SUM(J80,J127) -> 1.4612594 | ... NA33: =SUM(NA80,NA127) -> 0.96537969 | NB33: =SUM(NB33,NB35) -> 0
A34: 61 | B34: Exceptions | C34: =SUM(C81,C128) -> 0.12730902 | D34: =SUM(D81,D128) -> 0.12040696 | E34: =SUM(E81,E128) -> 0.13555425 | F34: =SUM(F81,F128) -> 0.12710953 | G34: =SUM(G81,G128) -> 0.13316047 | H34: =SUM(H81,H128) -> 0.11012702 | I34: =SUM(I81,I128) -> 0.12668397 | J34: =SUM(J81,J128) -> 0.13700381 | ... NB34: =SUM(NB81,NB128) -> 0.12621853
A35: 62 | B35: Returns Put-away | C35: =SUM(C82,C129) -> 0.45467506 | D35: =SUM(D82,D129) -> 0.43002486 | E35: =SUM(E82,E129) -> 0.48412231 | F35: =SUM(F82,F129) -> 0.45396262 | G35: =SUM(G82,G129) -> 0.47557311 | H35: =SUM(H82,H129) -> 0.39331079 | I35: =SUM(I82,I129) -> 0.45244277 | J35: =SUM(J82,J129) -> 0.48929933 | ... NB35: =SUM(NB82,NB129) -> 0.45078047
B36: TOTAL | C36: =SUM(C83,C130) -> 1.9398404 | D36: =SUM(D83,D130) -> 1.834672 | E36: =SUM(E83,E130) -> 2.0654751 | F36: =SUM(F83,F130) -> 1.9368008 | G36: =SUM(G83,G130) -> 2.0290005 | H36: =SUM(H83,H130) -> 1.6780339 | I36: =SUM(I83,I130) -> 1.9303165 | J36: =SUM(J83,J130) -> 2.0875625 | ... NB36: =SUM(NB83,NB130) -> 1.9232244
B38: Inventory/DSL/Misc
A39: 51 | B39: Picking Cycle Count | C39: 1 | D39: 1 | E39: 1 | F39: 1 | G39: 1 | H39: 1 | I39: 1 | J39: 1 | K39: 1 | L39: 1 | M39: 1 | N39: 1 | O39: 1 | P39: 1 | Q39: 1 | R39: 1 | S39: 1 | T39: 1 | U39: 1 | V39: 1 | W39: 1 | X39: 1 | Y39: 1 | Z39: 1 | AA39: 1 | AB39: 1 | AC39: 1 | AD39: 1 | AE39: 1 | AF39: 1 | AG39: 1 | AH39: 1 | AI39: 1 | AJ39: 1 | AK39: 1 | AL39: 1 | AM39: 1 | AN39: 1 | AO39: 1 | AP39: 1 | AQ39: 1 | AR39: 1 | AS39: 1 | AT39: 1 | AU39: 1 | AV39: 1 | AW39: 1 | AX39: 1 | AY39: 1 | AZ39: 1 | BA39: 1 | BB39: 1 | BC39: 1 | BD39: 1 | BE39: 1 | BF39: 1 | BG39: 1 | BH39: 1 | BI39: 1 | BJ39: 1 | BK39: 1 | BL39: 1 | BM39: 1 | BN39: 1 | BO39: 1 | BP39: 1 | BQ39: 1 | BR39: 1 | BS39: 1 | BT39: 1 | BU39: 1 | BV39: 1 | BW39: 1 | BX39: 1 | BY39: 1 | BZ39: 1 | CA39: 1 | CB39: 1 | CC39: 1 | CD39: 1 | CE39: 1 | CF39: 1 | CG39: 1 | CH39: 1 | CI39: 1 | CJ39: 1 | CK39: 1 | CL39: 1 | CM39: 1 | CN39: 1 | CO39: 1 | CP39: 1 | CQ39: 1 | CR39: 1 | CS39: 1 | CT39: 1 | CU39: 1 | CV39: 1 | CW39: 1 | CX39: 1 | CY39: 1 | CZ39: 1 | DA39: 1 | DB39: 1 | DC39: 1 | DD39: 1 | DE39: 1 | DF39: 1 | DG39: 1 | DH39: 1 | DI39: 1 | DJ39: 1 | DK39: 0 | DL39: 1 | DM39: 1 | DN39: 1 | DO39: 1 | DP39: 1 | DQ39: 1 | DR39: 1 | DS39: 1 | DT39: 1 | DU39: 1 | DV39: 1 | DW39: 1 | DX39: 1 | DY39: 1 | DZ39: 1 | EA39: 1 | EB39: 1 | EC39: 1 | ED39: 1 | EE39: 1 | EF39: 1 | EG39: 1 | EH39: 1 | EI39: 1 | EJ39: 1 | EK39: 1 | EL39: 1 | EM39: 1 | EN39: 1 | EO39: 1 | EP39: 1 | EQ39: 1 | ER39: 1 | ES39: 1 | ET39: 1 | EU39: 1 | EV39: 1 | EW39: 1 | EX39: 1 | EY39: 1 | EZ39: 1 | FA39: 1 | FB39: 1 | FC39: 1 | FD39: 1 | FE39: 1 | FF39: 1 | FG39: 1 | FH39: 1 | FI39: 1 | FJ39: 1 | FK39: 1 | FL39: 1 | FM39: 1 | FN39: 1 | FO39: 1 | FP39: 1 | FQ39: 1 | FR39: 1 | FS39: 1 | FT39: 1 | FU39: 1 | FV39: 1 | FW39: 1 | FX39: 1 | FY39: 1 | FZ39: 1 | GA39: 1 | GB39: 1 | GC39: 1 | GD39: 1 | GE39: 1 | GF39: 1 | GG39: 1 | GH39: 1 | GI39: 1 | GJ39: 1 | GK39: 1 | GL39: 1 | GM39: 1 | GN39: 1 | GO39: 1 | GP39: 1 | GQ39: 1 | GR39: 1 | GS39: 1 | GT39: 1 | GU39: 1 | GV39: 1 | GW39: 1 | GX39: 1 | GY39: 1 | GZ39: 1 | HA39: 1 | HB39: 1 | HC39: 1 | HD39: 1 | HE39: 1 | HF39: 1 | HG39: 1 | HH39: 1 | HI39: 1 | HJ39: 1 | HK39: 1 | HL39: 1 | HM39: 1 | HN39: 1 | HO39: 1 | HP39: 1 | HQ39: 1 | HR39: 1 | HS39: 1 | HT39: 1 | HU39: 1 | HV39: 1 | HW39: 1 | HX39: 1 | HY39: 1 | HZ39: 1 | IA39: 1 | IB39: 1 | IC39: 1 | ID39: 1 | IE39: 1 | IF39: 1 | IG39: 1 | IH39: 1 | II39: 1 | IJ39: 1 | IK39: 1 | IL39: 1 | IM39: 1 | IN39: 1 | IO39: 1 | IP39: =SUM(IP86,IP133) -> 0.5 | IQ39: =SUM(IQ86,IQ133) -> 0.5 | IR39: =SUM(IR86,IR133) -> 0.5 | IS39: =SUM(IS86,IS133) -> 0.5 | IT39: =SUM(IT86,IT133) -> 0.25 | IU39: =SUM(IU86,IU133) -> 0.5 | IV39: =SUM(IV86,IV133) -> 0.5 | IW39: =SUM(IW86,IW133) -> 0.5 | ... NB39: =SUM(NB86,NB133) -> 0.5
A40: 51 | B40: Auditing/Spot Counts | C40: 0.5 | D40: 0.5 | E40: 0.5 | F40: 0.5 | G40: 0.5 | H40: 0.5 | I40: 0.5 | J40: 0.5 | K40: 0.5 | L40: 0.5 | M40: 0.5 | N40: 0.5 | O40: 0.5 | P40: 0.5 | Q40: 0.5 | R40: 0.5 | S40: 0.5 | T40: 0.5 | U40: 0.5 | V40: 0.5 | W40: 0.5 | X40: 0.5 | Y40: 0.5 | Z40: 0.5 | AA40: 0.5 | AB40: 0.5 | AC40: 0.5 | AD40: 0.5 | AE40: 0.5 | AF40: 0.5 | AG40: 0.5 | AH40: 0.5 | AI40: 0.5 | AJ40: 0.5 | AK40: 0.5 | AL40: 0.5 | AM40: 0.5 | AN40: 0.5 | AO40: 0.5 | AP40: 0.5 | AQ40: 0.5 | AR40: 0.5 | AS40: 0.5 | AT40: 0.5 | AU40: 0.5 | AV40: 0.5 | AW40: 0.5 | AX40: 0.5 | AY40: 0.5 | AZ40: 0.5 | BA40: 0.5 | BB40: 0.5 | BC40: 0.5 | BD40: 0.5 | BE40: 0.5 | BF40: 0.5 | BG40: 0.5 | BH40: 0.5 | BI40: 0.5 | BJ40: 0.5 | BK40: 0.5 | BL40: 0.5 | BM40: 0.5 | BN40: 0.5 | BO40: 0.5 | BP40: 0.5 | BQ40: 0.5 | BR40: 0.5 | BS40: 0.5 | BT40: 0.5 | BU40: 0.5 | BV40: 0.5 | BW40: 0.5 | BX40: 0.5 | BY40: 0.5 | BZ40: 0.5 | CA40: 0.5 | CB40: 0.5 | CC40: 0.5 | CD40: 0.5 | CE40: 0.5 | CF40: 0.5 | CG40: 0.5 | CH40: 0.5 | CI40: 0.5 | CJ40: 0.5 | CK40: 0.5 | CL40: 0.5 | CM40: 0.5 | CN40: 0.5 | CO40: 0.5 | CP40: 0.5 | CQ40: 0.5 | CR40: 0.5 | CS40: 0.5 | CT40: 0.5 | CU40: 0.5 | CV40: 0.5 | CW40: 0.5 | CX40: 0.5 | CY40: 0.5 | CZ40: 0.5 | DA40: 0.5 | DB40: 0.5 | DC40: 0.5 | DD40: 0.5 | DE40: 0.5 | DF40: 0.5 | DG40: 0.5 | DH40: 0.5 | DI40: 0.5 | DJ40: 0.5 | DK40: 0 | DL40: 0.5 | DM40: 0.5 | DN40: 0.5 | DO40: 0.5 | DP40: 0.5 | DQ40: 0.5 | DR40: 0.5 | DS40: 0.5 | DT40: 0.5 | DU40: 0.5 | DV40: 0.5 | DW40: 0.5 | DX40: 0.5 | DY40: 0.5 | DZ40: 0.5 | EA40: 0.5 | EB40: 0.5 | EC40: 0.5 | ED40: 0.5 | EE40: 0.5 | EF40: 0.5 | EG40: 0.5 | EH40: 0.5 | EI40: 0.5 | EJ40: 0.5 | EK40: 0.5 | EL40: 0.5 | EM40: 0.5 | EN40: 0.5 | EO40: 0.5 | EP40: 0.5 | EQ40: 0.5 | ER40: 0.5 | ES40: 0.5 | ET40: 0.5 | EU40: 0.5 | EV40: 0.5 | EW40: 0.5 | EX40: 0.5 | EY40: 0.5 | EZ40: 0.5 | FA40: 0.5 | FB40: 0.5 | FC40: 0.5 | FD40: 0.5 | FE40: 0.5 | FF40: 0.5 | FG40: 0.5 | FH40: 0.5 | FI40: 0.5 | FJ40: 0.5 | FK40: 0.5 | FL40: 0.5 | FM40: 0.5 | FN40: 0.5 | FO40: 0.5 | FP40: 0.5 | FQ40: 0.5 | FR40: 0.5 | FS40: 0.5 | FT40: 0.5 | FU40: 0.5 | FV40: 0.5 | FW40: 0.5 | FX40: 0.5 | FY40: 0.5 | FZ40: 0.5 | GA40: 0.5 | GB40: 0.5 | GC40: 0.5 | GD40: 0.5 | GE40: 0.5 | GF40: 0.5 | GG40: 0.5 | GH40: 0.5 | GI40: 0.5 | GJ40: 0.5 | GK40: 0.5 | GL40: 0.5 | GM40: 0.5 | GN40: 0.5 | GO40: 0.5 | GP40: 0.5 | GQ40: 0.5 | GR40: 0.5 | GS40: 0.5 | GT40: 0.5 | GU40: 0.5 | GV40: 0.5 | GW40: 0.5 | GX40: 0.5 | GY40: 0.5 | GZ40: 0.5 | HA40: 0.5 | HB40: 0.5 | HC40: 0.5 | HD40: 0.5 | HE40: 0.5 | HF40: 0.5 | HG40: 0.5 | HH40: 0.5 | HI40: 0.5 | HJ40: 0.5 | HK40: 0.5 | HL40: 0.5 | HM40: 0.5 | HN40: 0.5 | HO40: 0.5 | HP40: 0.5 | HQ40: 0.5 | HR40: 0.5 | HS40: 0.5 | HT40: 0.5 | HU40: 0.5 | HV40: 0.5 | HW40: 0.5 | HX40: 0.5 | HY40: 0.5 | HZ40: 0.5 | IA40: 0.5 | IB40: 0.5 | IC40: 0.5 | ID40: 0.5 | IE40: 0.5 | IF40: 0.5 | IG40: 0.5 | IH40: 0.5 | II40: 0.5 | IJ40: 0.5 | IK40: 0.5 | IL40: 0.5 | IM40: 0.5 | IN40: 0.5 | IO40: 0.5 | IP40: =SUM(IP87,IP134) -> 0.5 | IQ40: =SUM(IQ87,IQ134) -> 0.5 | IR40: =SUM(IR87,IR134) -> 0.5 | IS40: =SUM(IS87,IS134) -> 0.5 | IT40: =SUM(IT87,IT134) -> 0.25 | IU40: =SUM(IU87,IU134) -> 0.5 | IV40: =SUM(IV87,IV134) -> 0.5 | IW40: =SUM(IW87,IW134) -> 0.5 | ... NB40: =SUM(NB87,NB134) -> 0.5
A41: 51 | B41: Reconciliation | C41: 0.25 | D41: 0.25 | E41: 0.25 | F41: 0.25 | G41: 0.25 | H41: 0.25 | I41: 0.25 | J41: 0.25 | K41: 0.25 | L41: 0.25 | M41: 0.25 | N41: 0.25 | O41: 0.25 | P41: 0.25 | Q41: 0.25 | R41: 0.25 | S41: 0.25 | T41: 0.25 | U41: 0.25 | V41: 0.25 | W41: 0.25 | X41: 0.25 | Y41: 0.25 | Z41: 0.25 | AA41: 0.25 | AB41: 0.25 | AC41: 0.25 | AD41: 0.25 | AE41: 0.25 | AF41: 0.25 | AG41: 0.25 | AH41: 0.25 | AI41: 0.25 | AJ41: 0.25 | AK41: 0.25 | AL41: 0.25 | AM41: 0.25 | AN41: 0.25 | AO41: 0.25 | AP41: 0.25 | AQ41: 0.25 | AR41: 0.25 | AS41: 0.25 | AT41: 0.25 | AU41: 0.25 | AV41: 0.25 | AW41: 0.25 | AX41: 0.25 | AY41: 0.25 | AZ41: 0.25 | BA41: 0.25 | BB41: 0.25 | BC41: 0.25 | BD41: 0.25 | BE41: 0.25 | BF41: 0.25 | BG41: 0.25 | BH41: 0.25 | BI41: 0.25 | BJ41: 0.25 | BK41: 0.25 | BL41: 0.25 | BM41: 0.25 | BN41: 0.25 | BO41: 0.25 | BP41: 0.25 | BQ41: 0.25 | BR41: 0.25 | BS41: 0.25 | BT41: 0.25 | BU41: 0.25 | BV41: 0.25 | BW41: 0.25 | BX41: 0.25 | BY41: 0.25 | BZ41: 0.25 | CA41: 0.25 | CB41: 0.25 | CC41: 0.25 | CD41: 0.25 | CE41: 0.25 | CF41: 0.25 | CG41: 0.25 | CH41: 0.25 | CI41: 0.25 | CJ41: 0.25 | CK41: 0.25 | CL41: 0.25 | CM41: 0.25 | CN41: 0.25 | CO41: 0.25 | CP41: 0.25 | CQ41: 0.25 | CR41: 0.25 | CS41: 0.25 | CT41: 0.25 | CU41: 0.25 | CV41: 0.25 | CW41: 0.25 | CX41: 0.25 | CY41: 0.25 | CZ41: 0.25 | DA41: 0.25 | DB41: 0.25 | DC41: 0.25 | DD41: 0.25 | DE41: 0.25 | DF41: 0.25 | DG41: 0.25 | DH41: 0.25 | DI41: 0.25 | DJ41: 0.25 | DK41: 0.25 | DL41: 0.25 | DM41: 0.25 | DN41: 0.25 | DO41: 0.25 | DP41: 0.25 | DQ41: 0.25 | DR41: 0.25 | DS41: 0.25 | DT41: 0.25 | DU41: 0.25 | DV41: 0.25 | DW41: 0.25 | DX41: 0.25 | DY41: 0.25 | DZ41: 0.25 | EA41: 0.25 | EB41: 0.25 | EC41: 0.25 | ED41: 0.25 | EE41: 0.25 | EF41: 0.25 | EG41: 0.25 | EH41: 0.25 | EI41: 0.25 | EJ41: 0.25 | EK41: 0.25 | EL41: 0.25 | EM41: 0.25 | EN41: 0.25 | EO41: 0.25 | EP41: 0.25 | EQ41: 0.25 | ER41: 0.25 | ES41: 0.25 | ET41: 0.25 | EU41: 0.25 | EV41: 0.25 | EW41: 0.25 | EX41: 0.25 | EY41: 0.25 | EZ41: 0.25 | FA41: 0.25 | FB41: 0.25 | FC41: 0.25 | FD41: 0.25 | FE41: 0.25 | FF41: 0.25 | FG41: 0.25 | FH41: 0.25 | FI41: 0.25 | FJ41: 0.25 | FK41: 0.25 | FL41: 0.25 | FM41: 0.25 | FN41: 0.25 | FO41: 0.25 | FP41: 0.25 | FQ41: 0.25 | FR41: 0.25 | FS41: 0.25 | FT41: 0.25 | FU41: 0.25 | FV41: 0.25 | FW41: 0.25 | FX41: 0.25 | FY41: 0.25 | FZ41: 0.25 | GA41: 0.25 | GB41: 0.25 | GC41: 0.25 | GD41: 0.25 | GE41: 0.25 | GF41: 0.25 | GG41: 0.25 | GH41: 0.25 | GI41: 0.25 | GJ41: 0.25 | GK41: 0.25 | GL41: 0.25 | GM41: 0.25 | GN41: 0.25 | GO41: 0.25 | GP41: 0.25 | GQ41: 0.25 | GR41: 0.25 | GS41: 0.25 | GT41: 0.25 | GU41: 0.25 | GV41: 0.25 | GW41: 0.25 | GX41: 0.25 | GY41: 0.25 | GZ41: 0.25 | HA41: 0.25 | HB41: 0.25 | HC41: 0.25 | HD41: 0.25 | HE41: 0.25 | HF41: 0.25 | HG41: 0.25 | HH41: 0.25 | HI41: 0.25 | HJ41: 0.25 | HK41: 0.25 | HL41: 0.25 | HM41: 0.25 | HN41: 0.25 | HO41: 0.25 | HP41: 0.25 | HQ41: 0.25 | HR41: 0.25 | HS41: 0.25 | HT41: 0.25 | HU41: 0.25 | HV41: 0.25 | HW41: 0.25 | HX41: 0.25 | HY41: 0.25 | HZ41: 0.25 | IA41: 0.25 | IB41: 0.25 | IC41: 0.25 | ID41: 0.25 | IE41: 0.25 | IF41: 0.25 | IG41: 0.25 | IH41: 0.25 | II41: 0.25 | IJ41: 0.25 | IK41: 0.25 | IL41: 0.25 | IM41: 0.25 | IN41: 0.25 | IO41: 0.25 | IP41: =SUM(IP88,IP135) -> 0.5 | IQ41: =SUM(IQ88,IQ135) -> 0.5 | IR41: =SUM(IR88,IR135) -> 0.5 | IS41: =SUM(IS88,IS135) -> 0.5 | IT41: =SUM(IT88,IT135) -> 0.25 | IU41: =SUM(IU88,IU135) -> 0.5 | IV41: =SUM(IV88,IV135) -> 0.5 | IW41: =SUM(IW88,IW135) -> 0.5 | ... NB41: =SUM(NB88,NB135) -> 0.5
A42: 70 | B42: Open Orders | C42: 0.25 | D42: 0.25 | E42: 0.25 | F42: 0.25 | G42: 0.25 | H42: 0.25 | I42: 0.25 | J42: 0.25 | K42: 0.25 | L42: 0.25 | M42: 0.25 | N42: 0.25 | O42: 0.25 | P42: 0.25 | Q42: 0.25 | R42: 0.25 | S42: 0.25 | T42: 0.25 | U42: 0.25 | V42: 0.25 | W42: 0.25 | X42: 0.25 | Y42: 0.25 | Z42: 0.25 | AA42: 0.25 | AB42: 0.25 | AC42: 0.25 | AD42: 0.25 | AE42: 0.25 | AF42: 0.25 | AG42: 0.25 | AH42: 0.25 | AI42: 0.25 | AJ42: 0.25 | AK42: 0.25 | AL42: 0.25 | AM42: 0.25 | AN42: 0.25 | AO42: 0.25 | AP42: 0.25 | AQ42: 0.25 | AR42: 0.25 | AS42: 0.25 | AT42: 0.25 | AU42: 0.25 | AV42: 0.25 | AW42: 0.25 | AX42: 0.25 | AY42: 0.25 | AZ42: 0.25 | BA42: 0.25 | BB42: 0.25 | BC42: 0.25 | BD42: 0.25 | BE42: 0.25 | BF42: 0.25 | BG42: 0.25 | BH42: 0.25 | BI42: 0.25 | BJ42: 0.25 | BK42: 0.25 | BL42: 0.25 | BM42: 0.25 | BN42: 0.25 | BO42: 0.25 | BP42: 0.25 | BQ42: 0.25 | BR42: 0.25 | BS42: 0.25 | BT42: 0.25 | BU42: 0.25 | BV42: 0.25 | BW42: 0.25 | BX42: 0.25 | BY42: 0.25 | BZ42: 0.25 | CA42: 0.25 | CB42: 0.25 | CC42: 0.25 | CD42: 0.25 | CE42: 0.25 | CF42: 0.25 | CG42: 0.25 | CH42: 0.25 | CI42: 0.25 | CJ42: 0.25 | CK42: 0.25 | CL42: 0.25 | CM42: 0.25 | CN42: 0.25 | CO42: 0.25 | CP42: 0.25 | CQ42: 0.25 | CR42: 0.25 | CS42: 0.25 | CT42: 0.25 | CU42: 0.25 | CV42: 0.25 | CW42: 0.25 | CX42: 0.25 | CY42: 0.25 | CZ42: 0.25 | DA42: 0.25 | DB42: 0.25 | DC42: 0.25 | DD42: 0.25 | DE42: 0.25 | DF42: 0.25 | DG42: 0.25 | DH42: 0.25 | DI42: 0.25 | DJ42: 0.25 | DK42: 0.25 | DL42: 0.25 | DM42: 0.25 | DN42: 0.25 | DO42: 0.25 | DP42: 0.25 | DQ42: 0.25 | DR42: 0.25 | DS42: 0.25 | DT42: 0.25 | DU42: 0.25 | DV42: 0.25 | DW42: 0.25 | DX42: 0.25 | DY42: 0.25 | DZ42: 0.25 | EA42: 0.25 | EB42: 0.25 | EC42: 0.25 | ED42: 0.25 | EE42: 0.25 | EF42: 0.25 | EG42: 0.25 | EH42: 0.25 | EI42: 0.25 | EJ42: 0.25 | EK42: 0.25 | EL42: 0.25 | EM42: 0.25 | EN42: 0.25 | EO42: 0.25 | EP42: 0.25 | EQ42: 0.25 | ER42: 0.25 | ES42: 0.25 | ET42: 0.25 | EU42: 0.25 | EV42: 0.25 | EW42: 0.25 | EX42: 0.25 | EY42: 0.25 | EZ42: 0.25 | FA42: 0.25 | FB42: 0.25 | FC42: 0.25 | FD42: 0.25 | FE42: 0.25 | FF42: 0.25 | FG42: 0.25 | FH42: 0.25 | FI42: 0.25 | FJ42: 0.25 | FK42: 0.25 | FL42: 0.25 | FM42: 0.25 | FN42: 0.25 | FO42: 0.25 | FP42: 0.25 | FQ42: 0.25 | FR42: 0.25 | FS42: 0.25 | FT42: 0.25 | FU42: 0.25 | FV42: 0.25 | FW42: 0.25 | FX42: 0.25 | FY42: 0.25 | FZ42: 0.25 | GA42: 0.25 | GB42: 0.25 | GC42: 0.25 | GD42: 0.25 | GE42: 0.25 | GF42: 0.25 | GG42: 0.25 | GH42: 0.25 | GI42: 0.25 | GJ42: 0.25 | GK42: 0.25 | GL42: 0.25 | GM42: 0.25 | GN42: 0.25 | GO42: 0.25 | GP42: 0.25 | GQ42: 0.25 | GR42: 0.25 | GS42: 0.25 | GT42: 0.25 | GU42: 0.25 | GV42: 0.25 | GW42: 0.25 | GX42: 0.25 | GY42: 0.25 | GZ42: 0.25 | HA42: 0.25 | HB42: 0.25 | HC42: 0.25 | HD42: 0.25 | HE42: 0.25 | HF42: 0.25 | HG42: 0.25 | HH42: 0.25 | HI42: 0.25 | HJ42: 0.25 | HK42: 0.25 | HL42: 0.25 | HM42: 0.25 | HN42: 0.25 | HO42: 0.25 | HP42: 0.25 | HQ42: 0.25 | HR42: 0.25 | HS42: 0.25 | HT42: 0.25 | HU42: 0.25 | HV42: 0.25 | HW42: 0.25 | HX42: 0.25 | HY42: 0.25 | HZ42: 0.25 | IA42: 0.25 | IB42: 0.25 | IC42: 0.25 | ID42: 0.25 | IE42: 0.25 | IF42: 0.25 | IG42: 0.25 | IH42: 0.25 | II42: 0.25 | IJ42: 0.25 | IK42: 0.25 | IL42: 0.25 | IM42: 0.25 | IN42: 0.25 | IO42: 0.25 | IP42: =SUM(IP89,IP136) -> 0.5 | IQ42: =SUM(IQ89,IQ136) -> 0.5 | IR42: =SUM(IR89,IR136) -> 0.5 | IS42: =SUM(IS89,IS136) -> 0.5 | IT42: =SUM(IT89,IT136) -> 0.25 | IU42: =SUM(IU89,IU136) -> 0.5 | IV42: =SUM(IV89,IV136) -> 0.5 | IW42: =SUM(IW89,IW136) -> 0.5 | ... NB42: =SUM(NB89,NB136) -> 0.5
A43: 70 | B43: Wave Management/LDFs | C43: 0.5 | D43: 0.5 | E43: 0.5 | F43: 0.5 | G43: 0.5 | H43: 0.5 | I43: 0.5 | J43: 0.5 | K43: 0.5 | L43: 0.5 | M43: 0.5 | N43: 0.5 | O43: 0.5 | P43: 0.5 | Q43: 0.5 | R43: 0.5 | S43: 0.5 | T43: 0.5 | U43: 0.5 | V43: 0.5 | W43: 0.5 | X43: 0.5 | Y43: 0.5 | Z43: 0.5 | AA43: 0.5 | AB43: 0.5 | AC43: 0.5 | AD43: 0.5 | AE43: 0.5 | AF43: 0.5 | AG43: 0.5 | AH43: 0.5 | AI43: 0.5 | AJ43: 0.5 | AK43: 0.5 | AL43: 0.5 | AM43: 0.5 | AN43: 0.5 | AO43: 0.5 | AP43: 0.5 | AQ43: 0.5 | AR43: 0.5 | AS43: 0.5 | AT43: 0.5 | AU43: 0.5 | AV43: 0.5 | AW43: 0.5 | AX43: 0.5 | AY43: 0.5 | AZ43: 0.5 | BA43: 0.5 | BB43: 0.5 | BC43: 0.5 | BD43: 0.5 | BE43: 0.5 | BF43: 0.5 | BG43: 0.5 | BH43: 0.5 | BI43: 0.5 | BJ43: 0.5 | BK43: 0.5 | BL43: 0.5 | BM43: 0.5 | BN43: 0.5 | BO43: 0.5 | BP43: 0.5 | BQ43: 0.5 | BR43: 0.5 | BS43: 0.5 | BT43: 0.5 | BU43: 0.5 | BV43: 0.5 | BW43: 0.5 | BX43: 0.5 | BY43: 0.5 | BZ43: 0.5 | CA43: 0.5 | CB43: 0.5 | CC43: 0.5 | CD43: 0.5 | CE43: 0.5 | CF43: 0.5 | CG43: 0.5 | CH43: 0.5 | CI43: 0.5 | CJ43: 0.5 | CK43: 0.5 | CL43: 0.5 | CM43: 0.5 | CN43: 0.5 | CO43: 0.5 | CP43: 0.5 | CQ43: 0.5 | CR43: 0.5 | CS43: 0.5 | CT43: 0.5 | CU43: 0.5 | CV43: 0.5 | CW43: 0.5 | CX43: 0.5 | CY43: 0.5 | CZ43: 0.5 | DA43: 0.5 | DB43: 0.5 | DC43: 0.5 | DD43: 0.5 | DE43: 0.5 | DF43: 0.5 | DG43: 0.5 | DH43: 0.5 | DI43: 0.5 | DJ43: 0.5 | DK43: 0.5 | DL43: 0.5 | DM43: 0.5 | DN43: 0.5 | DO43: 0.5 | DP43: 0.5 | DQ43: 0.5 | DR43: 0.5 | DS43: 0.5 | DT43: 0.5 | DU43: 0.5 | DV43: 0.5 | DW43: 0.5 | DX43: 0.5 | DY43: 0.5 | DZ43: 0.5 | EA43: 0.5 | EB43: 0.5 | EC43: 0.5 | ED43: 0.5 | EE43: 0.5 | EF43: 0.5 | EG43: 0.5 | EH43: 0.5 | EI43: 0.5 | EJ43: 0.5 | EK43: 0.5 | EL43: 0.5 | EM43: 0.5 | EN43: 0.5 | EO43: 0.5 | EP43: 0.5 | EQ43: 0.5 | ER43: 0.5 | ES43: 0.5 | ET43: 0.5 | EU43: 0.5 | EV43: 0.5 | EW43: 0.5 | EX43: 0.5 | EY43: 0.5 | EZ43: 0.5 | FA43: 0.5 | FB43: 0.5 | FC43: 0.5 | FD43: 0.5 | FE43: 0.5 | FF43: 0.5 | FG43: 0.5 | FH43: 0.5 | FI43: 0.5 | FJ43: 0.5 | FK43: 0.5 | FL43: 0.5 | FM43: 0.5 | FN43: 0.5 | FO43: 0.5 | FP43: 0.5 | FQ43: 0.5 | FR43: 0.5 | FS43: 0.5 | FT43: 0.5 | FU43: 0.5 | FV43: 0.5 | FW43: 0.5 | FX43: 0.5 | FY43: 0.5 | FZ43: 0.5 | GA43: 0.5 | GB43: 0.5 | GC43: 0.5 | GD43: 0.5 | GE43: 0.5 | GF43: 0.5 | GG43: 0.5 | GH43: 0.5 | GI43: 0.5 | GJ43: 0.5 | GK43: 0.5 | GL43: 0.5 | GM43: 0.5 | GN43: 0.5 | GO43: 0.5 | GP43: 0.5 | GQ43: 0.5 | GR43: 0.5 | GS43: 0.5 | GT43: 0.5 | GU43: 0.5 | GV43: 0.5 | GW43: 0.5 | GX43: 0.5 | GY43: 0.5 | GZ43: 0.5 | HA43: 0.5 | HB43: 0.5 | HC43: 0.5 | HD43: 0.5 | HE43: 0.5 | HF43: 0.5 | HG43: 0.5 | HH43: 0.5 | HI43: 0.5 | HJ43: 0.5 | HK43: 0.5 | HL43: 0.5 | HM43: 0.5 | HN43: 0.5 | HO43: 0.5 | HP43: 0.5 | HQ43: 0.5 | HR43: 0.5 | HS43: 0.5 | HT43: 0.5 | HU43: 0.5 | HV43: 0.5 | HW43: 0.5 | HX43: 0.5 | HY43: 0.5 | HZ43: 0.5 | IA43: 0.5 | IB43: 0.5 | IC43: 0.5 | ID43: 0.5 | IE43: 0.5 | IF43: 0.5 | IG43: 0.5 | IH43: 0.5 | II43: 0.5 | IJ43: 0.5 | IK43: 0.5 | IL43: 0.5 | IM43: 0.5 | IN43: 0.5 | IO43: 0.5 | IP43: =SUM(IP90,IP137) -> 0.5 | IQ43: =SUM(IQ90,IQ137) -> 0.5 | IR43: =SUM(IR90,IR137) -> 0.5 | IS43: =SUM(IS90,IS137) -> 0.5 | IT43: =SUM(IT90,IT137) -> 0.25 | IU43: =SUM(IU90,IU137) -> 0.5 | IV43: =SUM(IV90,IV137) -> 0.5 | IW43: =SUM(IW90,IW137) -> 0.5 | ... NB43: =SUM(NB90,NB137) -> 0.5
A44: 71 | B44: Resets | C44: =SUM(C91,C138) -> 0.17160017 | D44: =SUM(D91,D138) -> 0.48048048 | E44: =SUM(E91,E138) -> 0.48048048 | F44: =SUM(F91,F138) -> 0.54912055 | G44: =SUM(G91,G138) -> 0.48048048 | H44: =SUM(H91,H138) -> 0.20592021 | I44: =SUM(I91,I138) -> 0.34320034 | J44: =SUM(J91,J138) -> 1.029601 | ... NB44: =SUM(NB91,NB138) -> 0.34320034
A45: 80 | B45: Training | C45: 1 | D45: 1 | E45: 1 | F45: 1 | G45: 1 | H45: 1 | I45: 1 | J45: 1 | K45: 1 | L45: 1 | M45: 1 | N45: 1 | O45: 1 | P45: 1 | Q45: 1 | R45: 1 | S45: 1 | T45: 1 | U45: 1 | V45: 1 | W45: 1 | X45: 1 | Y45: 1 | Z45: 1 | AA45: 1 | AB45: 1 | AC45: 1 | AD45: 1 | AE45: 1 | AF45: 1 | AG45: 1 | AH45: 1 | AI45: 1 | AJ45: 1 | AK45: 1 | AL45: 1 | AM45: 1 | AN45: 1 | AO45: 1 | AP45: 1 | AQ45: 1 | AR45: 1 | AS45: 1 | AT45: 1 | AU45: 1 | AV45: 1 | AW45: 1 | AX45: 1 | AY45: 1 | AZ45: 1 | BA45: 1 | BB45: 1 | BC45: 1 | BD45: 1 | BE45: 1 | BF45: 1 | BG45: 1 | BH45: 1 | BI45: 1 | BJ45: 0 | BK45: 0 | BL45: 0 | BM45: 0 | BN45: 0 | BO45: 0 | BP45: 0 | BQ45: 0 | BR45: 0 | BS45: 0 | BT45: 0 | BU45: 0 | BV45: 0 | BW45: 0 | BX45: 0 | BY45: 0 | BZ45: 0 | CA45: 0 | CB45: 0 | CC45: 0 | CD45: 0 | CE45: 0 | CF45: 0 | CG45: 0 | CH45: 0 | CI45: 0 | CJ45: 0 | CK45: 0 | CL45: 0 | CM45: 0 | CN45: 0 | CO45: 1 | CP45: 1 | CQ45: 1 | CR45: 1 | CS45: 1 | CT45: 1 | CU45: 1 | CV45: 1 | CW45: 1 | CX45: 1 | CY45: 1 | CZ45: 1 | DA45: 1 | DB45: 1 | DC45: 1 | DD45: 1 | DE45: 1 | DF45: 1 | DG45: 1 | DH45: 1 | DI45: 0 | DJ45: 0 | DK45: 0 | DL45: 0 | DM45: 0 | DN45: 0 | DO45: 0 | DP45: 0 | DQ45: 0 | DR45: 0 | DS45: 0 | DT45: 0 | DU45: 0 | DV45: 0 | DW45: 0 | DX45: 0 | DY45: 0 | DZ45: 0 | EA45: 0 | EB45: 0 | EC45: 1 | ED45: 1 | EE45: 1 | EF45: 1 | EG45: 1 | EH45: 1 | EI45: 1 | EJ45: 1 | EK45: 1 | EL45: 1 | EM45: 1 | EN45: 1 | EO45: 1 | EP45: 1 | EQ45: 1 | ER45: 1 | ES45: 1 | ET45: 1 | EU45: 1 | EV45: 1 | EW45: 1 | EX45: 1 | EY45: 1 | EZ45: 1 | FA45: 1 | FB45: 1 | FC45: 1 | FD45: 1 | FE45: 1 | FF45: 1 | FG45: 1 | FH45: 1 | FI45: 1 | FJ45: 1 | FK45: 1 | FL45: 1 | FM45: 1 | FN45: 1 | FO45: 1 | FP45: 1 | FQ45: 1 | FR45: 1 | FS45: 1 | FT45: 1 | FU45: 1 | FV45: 1 | FW45: 1 | FX45: 1 | FY45: 1 | FZ45: 1 | GA45: 1 | GB45: 1 | GC45: 1 | GD45: 1 | GE45: 1 | GF45: 1 | GG45: 1 | GH45: 1 | GI45: 1 | GJ45: 1 | GK45: 1 | GL45: 1 | GM45: 1 | GN45: 1 | GO45: 1 | GP45: 1 | GQ45: 1 | GR45: 1 | GS45: 1 | GT45: 1 | GU45: 1 | GV45: 1 | GW45: 1 | GX45: 1 | GY45: 1 | GZ45: 1 | HA45: 1 | HB45: 1 | HC45: 1 | HD45: 1 | HE45: 1 | HF45: 1 | HG45: 1 | HH45: 1 | HI45: 1 | HJ45: 1 | HK45: 1 | HL45: 1 | HM45: 1 | HN45: 1 | HO45: 1 | HP45: 1 | HQ45: 1 | HR45: 1 | HS45: 1 | HT45: 1 | HU45: 1 | HV45: 1 | HW45: 1 | HX45: 1 | HY45: =SUM(HY92,HY139) -> 0 | HZ45: =SUM(HZ92,HZ139) -> 0 | IA45: =SUM(IA92,IA139) -> 0 | IB45: =SUM(IB92,IB139) -> 0 | IC45: =SUM(IC92,IC139) -> 0 | ID45: =SUM(ID92,ID139) -> 0 | IE45: =SUM(IE92,IE139) -> 0 | IF45: =SUM(IF92,IF139) -> 0 | ... NB45: =SUM(NB92,NB139) -> 0
A46: 63 | B46: DTC Put-away | C46: =C93+C140 -> 0.5 | D46: =D93+D140 -> 0.5 | E46: =E93+E140 -> 0.5 | F46: =F93+F140 -> 0.5 | G46: =G93+G140 -> 0.5 | H46: =H93+H140 -> 0.5 | I46: =I93+I140 -> 0.5 | J46: =J93+J140 -> 0.5 | ... NB46: =NB93+NB140 -> 0.5
A47: 81 | B47: Project Work | C47: 1 | D47: 1 | E47: 1 | F47: 1 | G47: 1 | H47: 1 | I47: 1 | J47: 1 | K47: 1 | L47: 1 | M47: 1 | N47: 1 | O47: 1 | P47: 1 | Q47: 1 | R47: 1 | S47: 1 | T47: 1 | U47: 1 | V47: 1 | W47: 1 | X47: 1 | Y47: 1 | Z47: 1 | AA47: 1 | AB47: 1 | AC47: 1 | AD47: 1 | AE47: 1 | AF47: 1 | AG47: 1 | AH47: 1 | AI47: 1 | AJ47: 1 | AK47: 1 | AL47: 1 | AM47: 1 | AN47: 1 | AO47: 1 | AP47: 1 | AQ47: 1 | AR47: 1 | AS47: 1 | AT47: 1 | AU47: 1 | AV47: 1 | AW47: 1 | AX47: 1 | AY47: 1 | AZ47: 1 | BA47: 1 | BB47: 1 | BC47: 1 | BD47: 1 | BE47: 1 | BF47: 1 | BG47: 1 | BH47: 1 | BI47: 1 | BJ47: 1 | BK47: 1 | BL47: 1 | BM47: 1 | BN47: 1 | BO47: 1 | BP47: 1 | BQ47: 1 | BR47: 1 | BS47: 1 | BT47: 1 | BU47: 1 | BV47: 1 | BW47: 1 | BX47: 1 | BY47: 1 | BZ47: 1 | CA47: 1 | CB47: 1 | CC47: 1 | CD47: 1 | CE47: 1 | CF47: 1 | CG47: 1 | CH47: 1 | CI47: 1 | CJ47: 1 | CK47: 1 | CL47: 1 | CM47: 1 | CN47: 1 | CO47: 1 | CP47: 1 | CQ47: 1 | CR47: 1 | CS47: 1 | CT47: 1 | CU47: 1 | CV47: 1 | CW47: 1 | CX47: 1 | CY47: 1 | CZ47: 1 | DA47: 1 | DB47: 1 | DC47: 1 | DD47: 1 | DE47: 1 | DF47: 1 | DG47: 1 | DH47: 1 | DI47: 1 | DJ47: 1 | DK47: 0 | DL47: 1 | DM47: 1 | DN47: 1 | DO47: 1 | DP47: 1 | DQ47: 1 | DR47: 1 | DS47: 1 | DT47: 1 | DU47: 1 | DV47: 1 | DW47: 1 | DX47: 1 | DY47: 1 | DZ47: 1 | EA47: 1 | EB47: 1 | EC47: 1 | ED47: 1 | EE47: 1 | EF47: 1 | EG47: 1 | EH47: 1 | EI47: 1 | EJ47: 1 | EK47: 1 | EL47: 1 | EM47: 1 | EN47: 1 | EO47: 1 | EP47: 1 | EQ47: 1 | ER47: 1 | ES47: 1 | ET47: 1 | EU47: 1 | EV47: 1 | EW47: 1 | EX47: 1 | EY47: 1 | EZ47: 1 | FA47: 1 | FB47: 1 | FC47: 1 | FD47: 1 | FE47: 1 | FF47: 1 | FG47: 1 | FH47: 1 | FI47: 1 | FJ47: 1 | FK47: 1 | FL47: 1 | FM47: 1 | FN47: 1 | FO47: 1 | FP47: 1 | FQ47: 1 | FR47: 1 | FS47: 1 | FT47: 1 | FU47: 1 | FV47: 1 | FW47: 1 | FX47: 1 | FY47: 1 | FZ47: 1 | GA47: 1 | GB47: 1 | GC47: 1 | GD47: 1 | GE47: 1 | GF47: 1 | GG47: 1 | GH47: 1 | GI47: 1 | GJ47: 1 | GK47: 1 | GL47: 1 | GM47: 1 | GN47: 1 | GO47: 1 | GP47: 1 | GQ47: 1 | GR47: 1 | GS47: 1 | GT47: 1 | GU47: 1 | GV47: 1 | GW47: 1 | GX47: 1 | GY47: 1 | GZ47: 1 | HA47: 1 | HB47: 1 | HC47: 1 | HD47: 1 | HE47: 1 | HF47: 1 | HG47: 1 | HH47: 1 | HI47: 1 | HJ47: 1 | HK47: 1 | HL47: 1 | HM47: 1 | HN47: 1 | HO47: 1 | HP47: 1 | HQ47: 1 | HR47: 1 | HS47: 1 | HT47: 1 | HU47: 1 | HV47: 1 | HW47: 1 | HX47: 1 | HY47: 1 | HZ47: 1 | IA47: 1 | IB47: 1 | IC47: 1 | ID47: 1 | IE47: 1 | IF47: 1 | IG47: 1 | IH47: 1 | II47: 1 | IJ47: 1 | IK47: 1 | IL47: 1 | IM47: =IM94+IM141 -> 0 | IN47: =IN94+IN141 -> 0 | IO47: =IO94+IO141 -> 0 | IP47: =IP94+IP141 -> 3 | IQ47: =IQ94+IQ141 -> 17 | IR47: =IR94+IR141 -> 17 | IS47: =IS94+IS141 -> 17 | IT47: =IT94+IT141 -> 5 | ... NB47: =NB94+NB141 -> 0
B48: TOTAL | C48: =SUM(C39:C47) -> 5.1716002 | D48: =SUM(D39:D47) -> 5.4804805 | E48: =SUM(E39:E47) -> 5.4804805 | F48: =SUM(F39:F47) -> 5.5491205 | G48: =SUM(G39:G47) -> 5.4804805 | H48: =SUM(H39:H47) -> 5.2059202 | I48: =SUM(I39:I47) -> 5.3432003 | J48: =SUM(J39:J47) -> 6.029601 | ... NB48: =SUM(NB39:NB47) -> 3.3432003
B51: 1st/WE Shift Total FTE | C51: =SUM(C64,C77,C83,C95) -> 10.644246 | D51: =SUM(D64,D77,D83,D95) -> 12.799165 | E51: =SUM(E64,E77,E83,E95) -> 12.940429 | F51: =SUM(F64,F77,F83,F95) -> 13.732482 | G51: =SUM(G64,G77,G83,G95) -> 12.918104 | H51: =SUM(H64,H77,H83,H95) -> 10.418705 | I51: =SUM(I64,I77,I83,I95) -> 13.113828 | J51: =SUM(J64,J77,J83,J95) -> 16.969484 | ... NB51: =SUM(NB64,NB77,NB83,NB95) -> 12.354771
B52: DTC Goal | C52: =C5*SUMIF(Data!$D:$D,C1,Data!$E:$E) -> 1250 | D52: =D5*SUMIF(Data!$D:$D,D1,Data!$E:$E) -> 4620 | E52: =E5*SUMIF(Data!$D:$D,E1,Data!$E:$E) -> 4620 | F52: =F5*SUMIF(Data!$D:$D,F1,Data!$E:$E) -> 5280 | G52: =G5*SUMIF(Data!$D:$D,G1,Data!$E:$E) -> 4620 | H52: =H5*SUMIF(Data!$D:$D,H1,Data!$E:$E) -> 3000 | I52: =I5*SUMIF(Data!$D:$D,I1,Data!$E:$E) -> 5000 | J52: =J5*SUMIF(Data!$D:$D,J1,Data!$E:$E) -> 7500 | ... NB52: =NB5*SUMIF(Data!$D:$D,NB1,Data!$E:$E) -> 5000
B53: Pick- Regular | C53: =C52/Data!$B3/Data!$B10*Data!$B14 -> 0.7996633 | D53: =D52/Data!$B3/Data!$B10*Data!$B14 -> 2.9555556 | E53: =E52/Data!$B3/Data!$B10*Data!$B14 -> 2.9555556 | F53: =F52/Data!$B3/Data!$B10*Data!$B14 -> 3.3777778 | G53: =G52/Data!$B3/Data!$B10*Data!$B14 -> 2.9555556 | H53: =H52/Data!$B3/Data!$B10*Data!$B14 -> 1.9191919 | I53: =I52/Data!$B3/Data!$B10*Data!$B14 -> 3.1986532 | J53: =J52/Data!$B3/Data!$B10*Data!$B14 -> 4.7979798 | ... NB53: =NB52/Data!$B3/Data!$B10*Data!$B14 -> 3.1986532
B54: Pick- Singles | C54: =C52/Data!$B3/Data!$B11*Data!$B15 -> 0.034722222 | D54: =D52/Data!$B3/Data!$B11*Data!$B15 -> 0.12833333 | E54: =E52/Data!$B3/Data!$B11*Data!$B15 -> 0.12833333 | F54: =F52/Data!$B3/Data!$B11*Data!$B15 -> 0.14666667 | G54: =G52/Data!$B3/Data!$B11*Data!$B15 -> 0.12833333 | H54: =H52/Data!$B3/Data!$B11*Data!$B15 -> 0.083333333 | I54: =I52/Data!$B3/Data!$B11*Data!$B15 -> 0.13888889 | J54: =J52/Data!$B3/Data!$B11*Data!$B15 -> 0.20833333 | ... NB54: =NB52/Data!$B3/Data!$B11*Data!$B15 -> 0.13888889
B55: Ship- Bulk | C55: =C52/Data!$B3/Data!$B16*Data!$B14/Data!$B13 -> 0.15504635 | D55: =D52/Data!$B3/Data!$B16*Data!$B14/Data!$B13 -> 0.57305131 | E55: =E52/Data!$B3/Data!$B16*Data!$B14/Data!$B13 -> 0.57305131 | F55: =F52/Data!$B3/Data!$B16*Data!$B14/Data!$B13 -> 0.65491579 | G55: =G52/Data!$B3/Data!$B16*Data!$B14/Data!$B13 -> 0.57305131 | H55: =H52/Data!$B3/Data!$B16*Data!$B14/Data!$B13 -> 0.37211124 | I55: =I52/Data!$B3/Data!$B16*Data!$B14/Data!$B13 -> 0.6201854 | J55: =J52/Data!$B3/Data!$B16*Data!$B14/Data!$B13 -> 0.9302781 | ... NB55: =NB52/Data!$B3/Data!$B16*Data!$B14/Data!$B13 -> 0.6201854
B56: Ship- Singles | C56: =C52/Data!$B17/Data!$B3*Data!$B15 -> 0.05787037 | D56: =D52/Data!$B17/Data!$B3*Data!$B15 -> 0.21388889 | E56: =E52/Data!$B17/Data!$B3*Data!$B15 -> 0.21388889 | F56: =F52/Data!$B17/Data!$B3*Data!$B15 -> 0.24444444 | G56: =G52/Data!$B17/Data!$B3*Data!$B15 -> 0.21388889 | H56: =H52/Data!$B17/Data!$B3*Data!$B15 -> 0.13888889 | I56: =I52/Data!$B17/Data!$B3*Data!$B15 -> 0.23148148 | J56: =J52/Data!$B17/Data!$B3*Data!$B15 -> 0.34722222 | ... NB56: =NB52/Data!$B17/Data!$B3*Data!$B15 -> 0.23148148
B57: Cartbuilding | C57: =C53/Data!$B18 -> 0.099957912 | D57: =D53/Data!$B18 -> 0.36944444 | E57: =E53/Data!$B18 -> 0.36944444 | F57: =F53/Data!$B18 -> 0.42222222 | G57: =G53/Data!$B18 -> 0.36944444 | H57: =H53/Data!$B18 -> 0.23989899 | I57: =I53/Data!$B18 -> 0.39983165 | J57: =J53/Data!$B18 -> 0.59974747 | ... NB57: =NB53/Data!$B18 -> 0.39983165
B58: Taper/Case Erector | C58: =C55*Data!$B19 -> 0.15504635 | D58: =D55*Data!$B19 -> 0.57305131 | E58: =E55*Data!$B19 -> 0.57305131 | F58: =F55*Data!$B19 -> 0.65491579 | G58: =G55*Data!$B19 -> 0.57305131 | H58: =H55*Data!$B19 -> 0.37211124 | I58: =I55*Data!$B19 -> 0.6201854 | J58: =J55*Data!$B19 -> 0.9302781 | ... KC58: =KC55*Data!$B19 -> 2.4807416 | KD58: 4 | KE58: 4 | KF58: 4 | KG58: 4 | KH58: 4 | KI58: 4 | KJ58: 4 | KK58: 4 | KL58: 4 | KM58: 4 | KN58: 4 | KO58: =KO55*Data!$B19 -> 3.6839013 | KP58: 4 | KQ58: 4 | KR58: 4 | KS58: 4 | KT58: 4 | KU58: 4 | KV58: 4 | KW58: 2 | KX58: 2 | KY58: 2 | KZ58: =KZ55*Data!$B19 -> 4.9118684 | LA58: =LA55*Data!$B19 -> 3.6839013 | LB58: =LB55*Data!$B19 -> 3.6839013 | LC58: =LC55*Data!$B19 -> 2.8652566 | LD58: =LD55*Data!$B19 -> 2.2326675 | LE58: =LE55*Data!$B19 -> 2.4807416 | LF58: =LF55*Data!$B19 -> 2.4807416 | LG58: =LG55*Data!$B19 -> 4.0932237 | ... NB58: =NB55*Data!$B19 -> 0.6201854
B59: Truck Loader | C59: =C55*Data!$B20 -> 0.15504635 | D59: =D55*Data!$B20 -> 0.57305131 | E59: =E55*Data!$B20 -> 0.57305131 | F59: =F55*Data!$B20 -> 0.65491579 | G59: =G55*Data!$B20 -> 0.57305131 | H59: =H55*Data!$B20 -> 0.37211124 | I59: =I55*Data!$B20 -> 0.6201854 | J59: =J55*Data!$B20 -> 0.9302781 | ... KC59: =KC55*Data!$B20 -> 2.4807416 | KD59: 2 | KE59: 2 | KF59: 2 | KG59: 2 | KH59: 2 | KI59: =KI55*Data!$B20 -> 3.7211124 | KJ59: 2 | KK59: 2 | KL59: 2 | KM59: 2 | KN59: 2 | KO59: =KO55*Data!$B20 -> 3.6839013 | KP59: 2 | KQ59: 2 | KR59: 2 | KS59: 2 | KT59: 2 | KU59: 2 | KV59: 2 | KW59: 2 | KX59: 2 | KY59: 2 | KZ59: =KZ55*Data!$B20 -> 4.9118684 | LA59: =LA55*Data!$B20 -> 3.6839013 | LB59: =LB55*Data!$B20 -> 3.6839013 | LC59: =LC55*Data!$B20 -> 2.8652566 | LD59: =LD55*Data!$B20 -> 2.2326675 | LE59: =LE55*Data!$B20 -> 2.4807416 | LF59: =LF55*Data!$B20 -> 2.4807416 | LG59: =LG55*Data!$B20 -> 4.0932237 | ... NB59: =NB55*Data!$B20 -> 0.6201854
B60: Gift Cards | C60: =C52/Data!$B3*Data!$B21/Data!$B26 -> 0.011574074 | D60: =D52/Data!$B3*Data!$B21/Data!$B26 -> 0.042777778 | E60: =E52/Data!$B3*Data!$B21/Data!$B26 -> 0.042777778 | F60: =F52/Data!$B3*Data!$B21/Data!$B26 -> 0.048888889 | G60: =G52/Data!$B3*Data!$B21/Data!$B26 -> 0.042777778 | H60: =H52/Data!$B3*Data!$B21/Data!$B26 -> 0.027777778 | I60: =I52/Data!$B3*Data!$B21/Data!$B26 -> 0.046296296 | J60: =J52/Data!$B3*Data!$B21/Data!$B26 -> 0.069444444 | ... NB60: =NB52/Data!$B3*Data!$B21/Data!$B26 -> 0.046296296
B61: Repack | C61: 0.5 | D61: 0.2 | E61: 0.2 | F61: 0.2 | G61: 0.2 | H61: 0.2 | I61: 0.2 | J61: 0.2 | K61: 0.2 | L61: 0.2 | M61: 0.2 | N61: 0.2 | O61: 0.2 | P61: 0.2 | Q61: 0.2 | R61: 0.2 | S61: 0.2 | T61: 0.2 | U61: 0.2 | V61: 0.2 | W61: 0.2 | X61: 0.2 | Y61: 0.2 | Z61: 0.2 | AA61: 0.2 | AB61: 0.2 | AC61: 0.2 | AD61: 0.2 | AE61: 0.2 | AF61: 0.2 | AG61: 0.2 | AH61: 0.2 | AI61: 0.2 | AJ61: 0.2 | AK61: 0.2 | AL61: 0.2 | AM61: 0.2 | AN61: 0.2 | AO61: 0.2 | AP61: 0.2 | AQ61: 0.2 | AR61: 0.2 | AS61: 0.2 | AT61: 0.2 | AU61: 0.2 | AV61: 0.2 | AW61: 0.2 | AX61: 0.2 | AY61: 0.2 | AZ61: 0.2 | BA61: 0.2 | BB61: 0.2 | BC61: 0.2 | BD61: 0.2 | BE61: 0.2 | BF61: 0.2 | BG61: 0.2 | BH61: 0.2 | BI61: 0.2 | BJ61: 0.2 | BK61: 0.2 | BL61: 0.2 | BM61: 0.2 | BN61: 0.2 | BO61: 0.2 | BP61: 0.2 | BQ61: 0.2 | BR61: 0.2 | BS61: 0.2 | BT61: 0.2 | BU61: 0.2 | BV61: 0.2 | BW61: 0.2 | BX61: 0.2 | BY61: 0.2 | BZ61: 0.2 | CA61: 0.2 | CB61: 0.2 | CC61: 0.2 | CD61: 0.2 | CE61: 0.2 | CF61: 0.2 | CG61: 0.2 | CH61: 0.2 | CI61: 0.2 | CJ61: 0.2 | CK61: 0.2 | CL61: 0.2 | CM61: 0.2 | CN61: 0.2 | CO61: 0.2 | CP61: 0.2 | CQ61: 0.2 | CR61: 0.2 | CS61: 0.2 | CT61: 0.2 | CU61: 0.2 | CV61: 0.2 | CW61: 0.2 | CX61: 0.2 | CY61: 0.2 | CZ61: 0.2 | DA61: 0.2 | DB61: 0.2 | DC61: 0.2 | DD61: 0.2 | DE61: 0.2 | DF61: 0.2 | DG61: 0.2 | DH61: 0.2 | DI61: 0.2 | DJ61: 0.2 | DK61: 0.2 | DL61: 0.2 | DM61: 0.2 | DN61: 0.2 | DO61: 0.2 | DP61: 0.2 | DQ61: 0.2 | DR61: 0.2 | DS61: 0.2 | DT61: 0.2 | DU61: 0.2 | DV61: 0.2 | DW61: 0.2 | DX61: 0.2 | DY61: 0.2 | DZ61: 0.2 | EA61: 0.2 | EB61: 0.2 | EC61: 0.2 | ED61: 0.2 | EE61: 0.2 | EF61: 0.2 | EG61: 0.2 | EH61: 0.2 | EI61: 0.2 | EJ61: 0.2 | EK61: 0.2 | EL61: 0.2 | EM61: 0.2 | EN61: 0.2 | EO61: 0.2 | EP61: 0.2 | EQ61: 0.2 | ER61: 0.2 | ES61: 0.2 | ET61: 0.2 | EU61: 0.2 | EV61: 0.2 | EW61: 0.2 | EX61: 0.2 | EY61: 0.2 | EZ61: 0.2 | FA61: 0.2 | FB61: 0.2 | FC61: 0.2 | FD61: 0.2 | FE61: 0.2 | FF61: 0.2 | FG61: 0.2 | FH61: 0.2 | FI61: 0.2 | FJ61: 0.2 | FK61: 0.2 | FL61: 0.2 | FM61: 0.2 | FN61: 0.2 | FO61: 0.2 | FP61: 0.2 | FQ61: 0.2 | FR61: 0.2 | FS61: 0.2 | FT61: 0.2 | FU61: 0.2 | FV61: 0.2 | FW61: 0.2 | FX61: 0.2 | FY61: 0.2 | FZ61: 0.2 | GA61: 0.2 | GB61: 0.2 | GC61: 0.2 | GD61: 0.2 | GE61: 0.2 | GF61: 0.2 | GG61: 0.2 | GH61: 0.2 | GI61: 0.2 | GJ61: 0.2 | GK61: 0.2 | GL61: 0.2 | GM61: 0.2 | GN61: 0.2 | GO61: 0.2 | GP61: 0.2 | GQ61: 0.2 | GR61: 0.2 | GS61: 0.2 | GT61: 0.2 | GU61: 0.2 | GV61: 0.2 | GW61: 0.2 | GX61: 0.2 | GY61: 0.2 | GZ61: 0.2 | HA61: 0.2 | HB61: 0.2 | HC61: 0.2 | HD61: 0.2 | HE61: 0.2 | HF61: 0.2 | HG61: 0.2 | HH61: 0.2 | HI61: 0.2 | HJ61: 0.2 | HK61: 0.2 | HL61: 0.2 | HM61: 0.2 | HN61: 0.2 | HO61: 0.2 | HP61: 0.2 | HQ61: 0.2 | HR61: 0.2 | HS61: 0.2 | HT61: 0.2 | HU61: 0.2 | HV61: 0.2 | HW61: 0.2 | HX61: 0.2 | HY61: 0.2 | HZ61: 0.2 | IA61: 0.2 | IB61: 0.2 | IC61: 0.2 | ID61: 0.2 | IE61: 0.2 | IF61: 0.2 | IG61: 0.2 | IH61: 0.2 | II61: 0.2 | IJ61: 0.2 | IK61: 0.2 | IL61: 0.2 | IM61: 0.2 | IN61: 0.2 | IO61: 0.2 | IP61: 0.2 | IQ61: 0.2 | IR61: 0.2 | IS61: 0.2 | IT61: 0.2 | IU61: 0.2 | IV61: 0.2 | IW61: 0.2 | IX61: 0.2 | IY61: 0.2 | IZ61: 0.2 | JA61: 0.2 | JB61: 0.2 | JC61: 0.2 | JD61: 0.2 | JE61: 0.2 | JF61: 0.2 | JG61: 0.2 | JH61: 0.2 | JI61: 0.2 | JJ61: 0.2 | JK61: 0.2 | JL61: 0.2 | JM61: 0.2 | JN61: 0.2 | JO61: 0.2 | JP61: 0.2 | JQ61: 0.2 | JR61: 0.2 | JS61: 0.2 | JT61: 0.2 | JU61: 0.2 | JV61: 0.2 | JW61: 0.2 | JX61: 0.2 | JY61: 0.2 | JZ61: 0.2 | KA61: 0.2 | KB61: 0.2 | KC61: 0.2 | KD61: 0.2 | KE61: 0.2 | KF61: 0.2 | KG61: 0.2 | KH61: 0.2 | KI61: 0.2 | KJ61: 0.2 | KK61: 0.2 | KL61: 0.2 | KM61: 0.2 | KN61: 0.2 | KO61: 0.2 | KP61: 0.2 | KQ61: 0.2 | KR61: 0.2 | KS61: 0.2 | KT61: 0.2 | KU61: 0.2 | KV61: 0.2 | KW61: 0.2 | KX61: 0.2 | KY61: 0.2 | KZ61: 0.2 | LA61: 0.2 | LB61: 0.2 | LC61: 0.2 | LD61: 0.2 | LE61: 0.2 | LF61: 0.2 | LG61: 0.2 | LH61: 0.2 | LI61: 0.2 | LJ61: 0.2 | LK61: 0.2 | LL61: 0.2 | LM61: 0.2 | LN61: 0.2 | LO61: 0.2 | LP61: 0.2 | LQ61: 0.2 | LR61: 0.2 | LS61: 0.2 | LT61: 0.2 | LU61: 0.2 | LV61: 0.2 | LW61: 0.2 | LX61: 0.2 | LY61: 0.2 | LZ61: 0.2 | MA61: 0.2 | MB61: 0.2 | MC61: 0.2 | MD61: 0.2 | ME61: 0.2 | MF61: 0.2 | MG61: 0.2 | MH61: 0.2 | MI61: 0.2 | MJ61: 0.2 | MK61: 0.2 | ML61: 0.2 | MM61: 0.2 | MN61: 0.2 | MO61: 0.2 | MP61: 0.2 | MQ61: 0.2 | MR61: 0.2 | MS61: 0.2 | MT61: 0.2 | MU61: 0.2 | MV61: 0.2 | MW61: 0.2 | MX61: 0.2 | MY61: 0.2 | MZ61: 0.2 | NA61: 0.2 | NB61: 0.2
A62: ? | B62: Banding | C62: 4 | D62: 2 | E62: 2 | F62: 2 | G62: 2 | H62: 2 | I62: 2 | J62: 2 | K62: 2 | L62: 2 | M62: 2 | N62: 2 | O62: 2 | P62: 2 | Q62: 2 | R62: 2 | S62: 2 | T62: 2 | U62: 2 | V62: 2 | W62: 2 | X62: 2 | Y62: 2 | Z62: 2 | AA62: 2 | AB62: 2 | AC62: 2 | AD62: 2 | AE62: 2 | AF62: 2 | AG62: 2 | AH62: 2 | AI62: 2 | AJ62: 2 | AK62: 2 | AL62: 2 | AM62: 2 | AN62: 2 | AO62: 2 | AP62: 2 | AQ62: 2 | AR62: 2 | AS62: 2 | AT62: 2 | AU62: 2 | AV62: 2 | AW62: 2 | AX62: 2 | AY62: 2 | AZ62: 2 | BA62: 2 | BB62: 2 | BC62: 2 | BD62: 2 | BE62: 2 | BF62: 2 | BG62: 2 | BH62: 2 | BI62: 2 | BJ62: 2 | BK62: 2 | BL62: 2 | BM62: 2 | BN62: 2 | BO62: 2 | BP62: 2 | BQ62: 2 | BR62: 2 | BS62: 2 | BT62: 2 | BU62: 2 | BV62: 2 | BW62: 2 | BX62: 2 | BY62: 2 | BZ62: 2 | CA62: 2 | CB62: 2 | CC62: 2 | CD62: 2 | CE62: 2 | CF62: 2 | CG62: 2 | CH62: 2 | CI62: 2 | CJ62: 2 | CK62: 2 | CL62: 2 | CM62: 2 | CN62: 2 | CO62: 2 | CP62: 2 | CQ62: 2 | CR62: 2 | CS62: 2 | CT62: 2 | CU62: 2 | CV62: 2 | CW62: 2 | CX62: 2 | CY62: 2 | CZ62: 2 | DA62: 2 | DB62: 2 | DC62: 2 | DD62: 2 | DE62: 2 | DF62: 2 | DG62: 2 | DH62: 2 | DI62: 2 | DJ62: 2 | DK62: 2 | DL62: 2 | DM62: 2 | DN62: 2 | DO62: 2 | DP62: 2 | DQ62: 2 | DR62: 2 | DS62: 2 | DT62: 2 | DU62: 2 | DV62: 2 | DW62: 2 | DX62: 2 | DY62: 2 | DZ62: 2 | EA62: 2 | EB62: 2 | EC62: 2 | ED62: 2 | EE62: 2 | EF62: 2 | EG62: 2 | EH62: 2 | EI62: 2 | EJ62: 2 | EK62: 2 | EL62: 2 | EM62: 2 | EN62: 2 | EO62: 2 | EP62: 2 | EQ62: 2 | ER62: 2 | ES62: 2 | ET62: 2 | EU62: 2 | EV62: 2 | EW62: 2 | EX62: 2 | EY62: 2 | EZ62: 2 | FA62: 2 | FB62: 2 | FC62: 2 | FD62: 2 | FE62: 2 | FF62: 2 | FG62: 2 | FH62: 2 | FI62: 2 | FJ62: 2 | FK62: 2 | FL62: 2 | FM62: 2 | FN62: 2 | FO62: 2 | FP62: 2 | FQ62: 2 | FR62: 2 | FS62: 2 | FT62: 2 | FU62: 2 | FV62: 2 | FW62: 2 | FX62: 2 | FY62: 2 | FZ62: 2 | GA62: 2 | GB62: 2 | GC62: 2 | GD62: 2 | GE62: 2 | GF62: 2 | GG62: 2 | GH62: 2 | GI62: 2 | GJ62: 2 | GK62: 2 | GL62: 2 | GM62: 2 | GN62: 2 | GO62: 2 | GP62: 2 | GQ62: 2 | GR62: 2 | GS62: 2 | GT62: 2 | GU62: 2 | GV62: 2 | GW62: 2 | GX62: 2 | GY62: 2 | GZ62: 2 | HA62: 2 | HB62: 2 | HC62: 2 | HD62: 2 | HE62: 2 | HF62: 2 | HG62: 2 | HH62: 2 | HI62: 2 | HJ62: 2 | HK62: 2 | HL62: 2 | HM62: 2 | HN62: 2 | HO62: 2 | HP62: 2 | HQ62: 2 | HR62: 2 | HS62: 2 | HT62: 2 | HU62: 2 | HV62: 2 | HW62: 2 | HX62: 2 | HY62: 2 | HZ62: 2 | IA62: 2 | IB62: 2 | IC62: 2 | ID62: 2 | IE62: 2 | IF62: 2 | IG62: 2 | IH62: 2 | II62: 2 | IJ62: 2 | IK62: 2 | IL62: 2 | IM62: 2 | IN62: 2 | IO62: =IO52/Data!$B$28/Data!$B$3/Data!$B$13*Data!$B$29 -> 1.9654655 | IP62: =IP52/Data!$B$28/Data!$B$3/Data!$B$13*Data!$B$29 -> 2.8903904 | IQ62: =IQ52/Data!$B$28/Data!$B$3/Data!$B$13*Data!$B$29 -> 3.4684685 | IR62: =IR52/Data!$B$28/Data!$B$3/Data!$B$13*Data!$B$29 -> 3.4684685 | IS62: =IS52/Data!$B$28/Data!$B$3/Data!$B$13*Data!$B$29 -> 9.6346346 | IT62: =IT52/Data!$B$28/Data!$B$3/Data!$B$13*Data!$B$29 -> 3.5035035 | IU62: =IU52/Data!$B$28/Data!$B$3/Data!$B$13*Data!$B$29 -> 3.3283283 | IV62: =IV52/Data!$B$28/Data!$B$3/Data!$B$13*Data!$B$29 -> 5.7807808 | ... NB62: =NB52/Data!$B$28/Data!$B$3/Data!$B$13*Data!$B$29 -> 0.87587588
A63: ? | B63: AB | C63: 1 | D63: 1 | E63: 1 | F63: 1 | G63: 1 | H63: 1 | I63: 1 | J63: 1 | K63: 1 | L63: 1 | M63: 1 | N63: 1 | O63: 1 | P63: 1 | Q63: 1 | R63: 1 | S63: 1 | T63: 1 | U63: 1 | V63: 1 | W63: 1 | X63: 1 | Y63: 1 | Z63: 1 | AA63: 1 | AB63: 1 | AC63: 1 | AD63: 1 | AE63: 1 | AF63: 1 | AG63: 1 | AH63: 1 | AI63: 1 | AJ63: 1 | AK63: 1 | AL63: 1 | AM63: 1 | AN63: 1 | AO63: 1 | AP63: 1 | AQ63: 1 | AR63: 1 | AS63: 1 | AT63: 1 | AU63: 1 | AV63: 1 | AW63: 1 | AX63: 1 | AY63: 1 | AZ63: 1 | BA63: 1 | BB63: 1 | BC63: 1 | BD63: 1 | BE63: 1 | BF63: 1 | BG63: 1 | BH63: 1 | BI63: 1 | BJ63: 1 | BK63: 1 | BL63: 1 | BM63: 1 | BN63: 1 | BO63: 1 | BP63: 1 | BQ63: 1 | BR63: 1 | BS63: 1 | BT63: 1 | BU63: 1 | BV63: 1 | BW63: 1 | BX63: 1 | BY63: 1 | BZ63: 1 | CA63: 1 | CB63: 1 | CC63: 1 | CD63: 1 | CE63: 1 | CF63: 1 | CG63: 1 | CH63: 1 | CI63: 1 | CJ63: 1 | CK63: 1 | CL63: 1 | CM63: 1 | CN63: 1 | CO63: 1 | CP63: 1 | CQ63: 1 | CR63: 1 | CS63: 1 | CT63: 1 | CU63: 1 | CV63: 1 | CW63: 1 | CX63: 1 | CY63: 1 | CZ63: 1 | DA63: 1 | DB63: 1 | DC63: 1 | DD63: 1 | DE63: 1 | DF63: 1 | DG63: 1 | DH63: 1 | DI63: 1 | DJ63: 1 | DK63: 1 | DL63: 1 | DM63: 1 | DN63: 1 | DO63: 1 | DP63: 1 | DQ63: 1 | DR63: 1 | DS63: 1 | DT63: 1 | DU63: 1 | DV63: 1 | DW63: 1 | DX63: 1 | DY63: 1 | DZ63: 1 | EA63: 1 | EB63: 1 | EC63: 1 | ED63: 1 | EE63: 1 | EF63: 1 | EG63: 1 | EH63: 1 | EI63: 1 | EJ63: 1 | EK63: 1 | EL63: 1 | EM63: 1 | EN63: 1 | EO63: 1 | EP63: 1 | EQ63: 1 | ER63: 1 | ES63: 1 | ET63: 1 | EU63: 1 | EV63: 1 | EW63: 1 | EX63: 1 | EY63: 1 | EZ63: 1 | FA63: 1 | FB63: 1 | FC63: 1 | FD63: 1 | FE63: 1 | FF63: 1 | FG63: 1 | FH63: 1 | FI63: 1 | FJ63: 1 | FK63: 1 | FL63: 1 | FM63: 1 | FN63: 1 | FO63: 1 | FP63: 1 | FQ63: 1 | FR63: 1 | FS63: 1 | FT63: 1 | FU63: 1 | FV63: 1 | FW63: 1 | FX63: 1 | FY63: 1 | FZ63: 1 | GA63: 1 | GB63: 1 | GC63: 1 | GD63: 1 | GE63: 1 | GF63: 1 | GG63: 1 | GH63: 1 | GI63: 1 | GJ63: 1 | GK63: 1 | GL63: 1 | GM63: 1 | GN63: 1 | GO63: 1 | GP63: 1 | GQ63: 1 | GR63: 1 | GS63: 1 | GT63: 1 | GU63: 1 | GV63: 1 | GW63: 1 | GX63: 1 | GY63: 1 | GZ63: 1 | HA63: 1 | HB63: 1 | HC63: 1 | HD63: 1 | HE63: 1 | HF63: 1 | HG63: 1 | HH63: 1 | HI63: 1 | HJ63: 1 | HK63: 1 | HL63: 1 | HM63: 1 | HN63: 1 | HO63: 1 | HP63: 1 | HQ63: 1 | HR63: 1 | HS63: 1 | HT63: 1 | HU63: 1 | HV63: 1 | HW63: 1 | HX63: 1 | HY63: 1 | HZ63: 1 | IA63: 1 | IB63: 1 | IC63: 1 | ID63: 1 | IE63: 1 | IF63: 1 | IG63: 1 | IH63: 1 | II63: 1 | IJ63: 1 | IK63: 1 | IL63: 1 | IM63: 1 | IN63: 1 | IO63: 1 | IP63: 1 | IQ63: 1 | IR63: 1 | IS63: 1 | IT63: 1 | IU63: 1 | IV63: 1 | IW63: 1 | IX63: 1 | IY63: 1 | IZ63: 1 | JA63: 1 | JB63: 1 | JC63: 1 | JD63: 1 | JE63: 1 | JF63: 1 | JG63: 1 | JH63: 1 | JI63: 1 | JJ63: 1 | JK63: 1 | JL63: 1 | JM63: 1 | JN63: 1 | JO63: 1 | JP63: 1 | JQ63: 1 | JR63: 1 | JS63: 1 | JT63: 1 | JU63: 1 | JV63: 1 | JW63: 1 | JX63: 2 | JY63: 2 | JZ63: 2 | KA63: 2 | KB63: 2 | KC63: 2 | KD63: 2 | KE63: 2 | KF63: 2 | KG63: 2 | KH63: 2 | KI63: 2 | KJ63: 2 | KK63: 2 | KL63: 2 | KM63: 2 | KN63: 2 | KO63: 2 | KP63: 2 | KQ63: 2 | KR63: 2 | KS63: 2 | KT63: 2 | KU63: 2 | KV63: 2 | KW63: 2 | KX63: 2 | KY63: 2 | KZ63: 2 | LA63: 2 | LB63: 2 | LC63: 2 | LD63: 2 | LE63: 2 | LF63: 2 | LG63: 2 | LH63: 2 | LI63: 2 | LJ63: 1 | LK63: 1 | LL63: 1 | LM63: 1 | LN63: 1 | LO63: 1 | LP63: 1 | LQ63: 1 | LR63: 1 | LS63: 1 | LT63: 1 | LU63: 1 | LV63: 1 | LW63: 1 | LX63: 1 | LY63: 1 | LZ63: 1 | MA63: 1 | MB63: 1 | MC63: 1 | MD63: 1 | ME63: 1 | MF63: 1 | MG63: 1 | MH63: 1 | MI63: 1 | MJ63: 1 | MK63: 1 | ML63: 1 | MM63: 1 | MN63: 1 | MO63: 1 | MP63: 1 | MQ63: 1 | MR63: 1 | MS63: 1 | MT63: 1 | MU63: 1 | MV63: 1 | MW63: 1 | MX63: 1 | MY63: 1 | MZ63: 1 | NA63: 1 | NB63: 1
B64: TOTAL | C64: =SUM(C53:C63) -> 6.9689269 | D64: =SUM(D53:D63) -> 8.6291539 | E64: =SUM(E53:E63) -> 8.6291539 | F64: =SUM(F53:F63) -> 9.4047474 | G64: =SUM(G53:G63) -> 8.6291539 | H64: =SUM(H53:H63) -> 6.7254246 | I64: =SUM(I53:I63) -> 9.0757077 | J64: =SUM(J53:J63) -> 12.013562 | ... NB64: =SUM(NB53:NB63) -> 7.9515836
B67: Stocking/Receiving Replen | C67: =C20*Data!$E4 -> 28.875 | D67: =D20*Data!$E4 -> 80.85 | E67: =E20*Data!$E4 -> 80.85 | F67: =F20*Data!$E4 -> 92.4 | G67: =G20*Data!$E4 -> 80.85 | H67: =H20*Data!$E4 -> 34.65 | I67: =I20*Data!$E4 -> 57.75 | J67: =J20*Data!$E4 -> 173.25 | ... NB67: =NB20*Data!$E4 -> 57.75
B68: Min/Max | C68: =C21*Data!$B5 -> 0 | D68: =D21*Data!$B5 -> 0 | E68: =E21*Data!$B5 -> 0 | F68: =F21*Data!$B5 -> 0 | G68: =G21*Data!$B5 -> 0 | H68: =H21*Data!$B5 -> 0 | I68: =I21*Data!$B5 -> 0 | J68: =J21*Data!$B5 -> 0 | ... NB68: =NB21*Data!$B5 -> 0
B69: Replenishment Pull | C69: =(C67+C68)/Data!$B3/Data!$B31 -> 0.071296296 | D69: =(D67+D68)/Data!$B3/Data!$B31 -> 0.19962963 | E69: =(E67+E68)/Data!$B3/Data!$B31 -> 0.19962963 | F69: =(F67+F68)/Data!$B3/Data!$B31 -> 0.22814815 | G69: =(G67+G68)/Data!$B3/Data!$B31 -> 0.19962963 | H69: =(H67+H68)/Data!$B3/Data!$B31 -> 0.085555556 | I69: =(I67+I68)/Data!$B3/Data!$B31 -> 0.14259259 | J69: =(J67+J68)/Data!$B3/Data!$B31 -> 0.42777778 | ... NB69: =(NB67+NB68)/Data!$B3/Data!$B31 -> 0.14259259
B70: Replenishment Throw | C70: =(C67+C68)/Data!$B3/Data!$B32 -> 0.091666667 | D70: =(D67+D68)/Data!$B3/Data!$B32 -> 0.25666667 | E70: =(E67+E68)/Data!$B3/Data!$B32 -> 0.25666667 | F70: =(F67+F68)/Data!$B3/Data!$B32 -> 0.29333333 | G70: =(G67+G68)/Data!$B3/Data!$B32 -> 0.25666667 | H70: =(H67+H68)/Data!$B3/Data!$B32 -> 0.11 | I70: =(I67+I68)/Data!$B3/Data!$B32 -> 0.18333333 | J70: =(J67+J68)/Data!$B3/Data!$B32 -> 0.55 | ... NB70: =(NB67+NB68)/Data!$B3/Data!$B32 -> 0.18333333
B71: Overstock | C71: =Inbound!B9/Data!$B33/Data!$B3 -> 0 | D71: =Inbound!C9/Data!$B33/Data!$B3 -> 0.076444444 | E71: =Inbound!D9/Data!$B33/Data!$B3 -> 0.076444444 | F71: =Inbound!E9/Data!$B33/Data!$B3 -> 0.076444444 | G71: =Inbound!F9/Data!$B33/Data!$B3 -> 0.076444444 | H71: =Inbound!G9/Data!$B33/Data!$B3 -> 0.076444444 | I71: =Inbound!H9/Data!$B33/Data!$B3 -> 0.076444444 | J71: =Inbound!I9/Data!$B33/Data!$B3 -> 0 | ... NB71: =Inbound!NA9/Data!$B33/Data!$B3 -> 0
B72: Receiving | C72: =Inbound!B9/Data!$B34*Data!$B5/Data!$B3 -> 0 | D72: =Inbound!C9/Data!$B34*Data!$B5/Data!$B3 -> 0.025481481 | E72: =Inbound!D9/Data!$B34*Data!$B5/Data!$B3 -> 0.025481481 | F72: =Inbound!E9/Data!$B34*Data!$B5/Data!$B3 -> 0.025481481 | G72: =Inbound!F9/Data!$B34*Data!$B5/Data!$B3 -> 0.025481481 | H72: =Inbound!G9/Data!$B34*Data!$B5/Data!$B3 -> 0.025481481 | I72: =Inbound!H9/Data!$B34*Data!$B5/Data!$B3 -> 0.025481481 | J72: =Inbound!I9/Data!$B34*Data!$B5/Data!$B3 -> 0 | ... NB72: =Inbound!NA9/Data!$B34*Data!$B5/Data!$B3 -> 0
B73: Cubiscan | C73: =Inbound!B9*Data!$B36/Data!$B38/Data!$B3 -> 0 | D73: =Inbound!C9*Data!$B36/Data!$B38/Data!$B3 -> 0.028666667 | E73: =Inbound!D9*Data!$B36/Data!$B38/Data!$B3 -> 0.028666667 | F73: =Inbound!E9*Data!$B36/Data!$B38/Data!$B3 -> 0.028666667 | G73: =Inbound!F9*Data!$B36/Data!$B38/Data!$B3 -> 0.028666667 | H73: =Inbound!G9*Data!$B36/Data!$B38/Data!$B3 -> 0.028666667 | I73: =Inbound!H9*Data!$B36/Data!$B38/Data!$B3 -> 0.028666667 | J73: =Inbound!I9*Data!$B36/Data!$B38/Data!$B3 -> 0 | ... NB73: =Inbound!NA9*Data!$B36/Data!$B38/Data!$B3 -> 0
B74: Overstock Cycle Count | C74: 0.25 | D74: 0.25 | E74: 0.25 | F74: 0.25 | G74: 0.25 | H74: 0.25 | I74: 0.25 | J74: 0.25 | K74: 0.25 | L74: 0.25 | M74: 0.25 | N74: 0.25 | O74: 0.25 | P74: 0.25 | Q74: 0.25 | R74: 0.25 | S74: 0.25 | T74: 0.25 | U74: 0.25 | V74: 0.25 | W74: 0.25 | X74: 0.25 | Y74: 0.25 | Z74: 0.25 | AA74: 0.25 | AB74: 0.25 | AC74: 0.25 | AD74: 0.25 | AE74: 0.25 | AF74: 0.25 | AG74: 0.25 | AH74: 0.25 | AI74: 0.25 | AJ74: 0.25 | AK74: 0.25 | AL74: 0.25 | AM74: 0.25 | AN74: 0.25 | AO74: 0.25 | AP74: 0.25 | AQ74: 0.25 | AR74: 0.25 | AS74: 0.25 | AT74: 0.25 | AU74: 0.25 | AV74: 0.25 | AW74: 0.25 | AX74: 0.25 | AY74: 0.25 | AZ74: 0.25 | BA74: 0.25 | BB74: 0.25 | BC74: 0.25 | BD74: 0.25 | BE74: 0.25 | BF74: 0.25 | BG74: 0.25 | BH74: 0.25 | BI74: 0.25 | BJ74: 0.25 | BK74: 0.25 | BL74: 0.25 | BM74: 0.25 | BN74: 0.25 | BO74: 0.25 | BP74: 0.25 | BQ74: 0.25 | BR74: 0.25 | BS74: 0.25 | BT74: 0.25 | BU74: 0.25 | BV74: 0.25 | BW74: 0.25 | BX74: 0.25 | BY74: 0.25 | BZ74: 0.25 | CA74: 0.25 | CB74: 0.25 | CC74: 0.25 | CD74: 0.25 | CE74: 0.25 | CF74: 0.25 | CG74: 0.25 | CH74: 0.25 | CI74: 0.25 | CJ74: 0.25 | CK74: 0.25 | CL74: 0.25 | CM74: 0.25 | CN74: 0.25 | CO74: 0.25 | CP74: 0.25 | CQ74: 0.25 | CR74: 0.25 | CS74: 0.25 | CT74: 0.25 | CU74: 0.25 | CV74: 0.25 | CW74: 0.25 | CX74: 0.25 | CY74: 0.25 | CZ74: 0.25 | DA74: 0.25 | DB74: 0.25 | DC74: 0.25 | DD74: 0.25 | DE74: 0.25 | DF74: 0.25 | DG74: 0.25 | DH74: 0.25 | DI74: 0.25 | DJ74: 0.25 | DK74: 0.25 | DL74: 0.25 | DM74: 0.25 | DN74: 0.25 | DO74: 0.25 | DP74: 0.25 | DQ74: 0.25 | DR74: 0.25 | DS74: 0.25 | DT74: 0.25 | DU74: 0.25 | DV74: 0.25 | DW74: 0.25 | DX74: 0.25 | DY74: 0.25 | DZ74: 0.25 | EA74: 0.25 | EB74: 0.25 | EC74: 0.25 | ED74: 0.25 | EE74: 0.25 | EF74: 0.25 | EG74: 0.25 | EH74: 0.25 | EI74: 0.25 | EJ74: 0.25 | EK74: 0.25 | EL74: 0.25 | EM74: 0.25 | EN74: 0.25 | EO74: 0.25 | EP74: 0.25 | EQ74: 0.25 | ER74: 0.25 | ES74: 0.25 | ET74: 0.25 | EU74: 0.25 | EV74: 0.25 | EW74: 0.25 | EX74: 0.25 | EY74: 0.25 | EZ74: 0.25 | FA74: 0.25 | FB74: 0.25 | FC74: 0.25 | FD74: 0.25 | FE74: 0.25 | FF74: 0.25 | FG74: 0.25 | FH74: 0.25 | FI74: 0.25 | FJ74: 0.25 | FK74: 0.25 | FL74: 0.25 | FM74: 0.25 | FN74: 0.25 | FO74: 0.25 | FP74: 0.25 | FQ74: 0.25 | FR74: 0.25 | FS74: 0.25 | FT74: 0.25 | FU74: 0.25 | FV74: 0.25 | FW74: 0.25 | FX74: 0.25 | FY74: 0.25 | FZ74: 0.25 | GA74: 0.25 | GB74: 0.25 | GC74: 0.25 | GD74: 0.25 | GE74: 0.25 | GF74: 0.25 | GG74: 0.25 | GH74: 0.25 | GI74: 0.25 | GJ74: 0.25 | GK74: 0.25 | GL74: 0.25 | GM74: 0.25 | GN74: 0.25 | GO74: 0.25 | GP74: 0.25 | GQ74: 0.25 | GR74: 0.25 | GS74: 0.25 | GT74: 0.25 | GU74: 0.25 | GV74: 0.25 | GW74: 0.25 | GX74: 0.25 | GY74: 0.25 | GZ74: 0.25 | HA74: 0.25 | HB74: 0.25 | HC74: 0.25 | HD74: 0.25 | HE74: 0.25 | HF74: 0.25 | HG74: 0.25 | HH74: 0.25 | HI74: 0.25 | HJ74: 0.25 | HK74: 0.25 | HL74: 0.25 | HM74: 0.25 | HN74: 0.25 | HO74: 0.25 | HP74: 0.25 | HQ74: 0.25 | HR74: 0.25 | HS74: 0.25 | HT74: 0.25 | HU74: 0.25 | HV74: 0.25 | HW74: 0.25 | HX74: 0.25 | HY74: 0.25 | HZ74: 0.25 | IA74: 0.25 | IB74: 0.25 | IC74: 0.25 | ID74: 0.25 | IE74: 0.25 | IF74: 0.25 | IG74: 0.25 | IH74: 0.25 | II74: 0.25 | IJ74: 0.25 | IK74: 0.25 | IL74: 0.25 | IM74: 0.25 | IN74: 0.25 | IO74: 0.25 | IP74: 0.25 | IQ74: 0.25 | IR74: 0.25 | IS74: 0.25 | IT74: 0.25 | IU74: 0.25 | IV74: 0.25 | IW74: 0.25 | IX74: 0.25 | IY74: 0.25 | IZ74: 0.25 | JA74: 0.25 | JB74: 0.25 | JC74: 0.25 | JD74: 0.25 | JE74: 0.25 | JF74: 0.25 | JG74: 0.25 | JH74: 0.25 | JI74: 0.25 | JJ74: 0.25 | JK74: 0.25 | JL74: 0.25 | JM74: 0.25 | JN74: 0.25 | JO74: 0.25 | JP74: 0.25 | JQ74: 0.25 | JR74: 0.25 | JS74: 0.25 | JT74: 0.25 | JU74: 0.25 | JV74: 0.25 | JW74: 0.25 | JX74: 0.25 | JY74: 0.25 | JZ74: 0.25 | KA74: 0.25 | KB74: 0.25 | KC74: 0.25 | KD74: 0.25 | KE74: 0.25 | KF74: 0.25 | KG74: 0.25 | KH74: 0.25 | KI74: 0.25 | KJ74: 0.25 | KK74: 0.25 | KL74: 0.25 | KM74: 0.25 | KN74: 0.25 | KO74: 0.25 | KP74: 0.25 | KQ74: 0.25 | KR74: 0.25 | KS74: 0.25 | KT74: 0.25 | KU74: 0.25 | KV74: 0.25 | KW74: 0.25 | KX74: 0.25 | KY74: 0.25 | KZ74: 0.25 | LA74: 0.25 | LB74: 0.25 | LC74: 0.25 | LD74: 0.25 | LE74: 0.25 | LF74: 0.25 | LG74: 0.25 | LH74: 0.25 | LI74: 0.25 | LJ74: 0.25 | LK74: 0.25 | LL74: 0.25 | LM74: 0.25 | LN74: 0.25 | LO74: 0.25 | LP74: 0.25 | LQ74: 0.25 | LR74: 0.25 | LS74: 0.25 | LT74: 0.25 | LU74: 0.25 | LV74: 0.25 | LW74: 0.25 | LX74: 0.25 | LY74: 0.25 | LZ74: 0.25 | MA74: 0.25 | MB74: 0.25 | MC74: 0.25 | MD74: 0.25 | ME74: 0.25 | MF74: 0.25 | MG74: 0.25 | MH74: 0.25 | MI74: 0.25 | MJ74: 0.25 | MK74: 0.25 | ML74: 0.25 | MM74: 0.25 | MN74: 0.25 | MO74: 0.25 | MP74: 0.25 | MQ74: 0.25 | MR74: 0.25 | MS74: 0.25 | MT74: 0.25 | MU74: 0.25 | MV74: 0.25 | MW74: 0.25 | MX74: 0.25 | MY74: 0.25 | MZ74: 0.25 | NA74: 0.25 | NB74: 0.25
B75: Manual Moves | C75: 0 | D75: 0 | E75: 0 | F75: 0 | G75: 0 | H75: 0 | I75: 0 | J75: 0 | K75: 0 | L75: 0 | M75: 0 | N75: 0 | O75: 0 | P75: 0 | Q75: 0 | R75: 0 | S75: 0 | T75: 0 | U75: 0 | V75: 0 | W75: 0 | X75: 0 | Y75: 0 | Z75: 0 | AA75: 0 | AB75: 0 | AC75: 0 | AD75: 0 | AE75: 0 | AF75: 0 | AG75: 0 | AH75: 0 | AI75: 0 | AJ75: 0 | AK75: 0 | AL75: 0 | AM75: 0 | AN75: 0 | AO75: 0 | AP75: 0 | AQ75: 0 | AR75: 0 | AS75: 0 | AT75: 0 | AU75: 0 | AV75: 0 | AW75: 0 | AX75: 0 | AY75: 0 | AZ75: 0 | BA75: 0 | BB75: 0 | BC75: 0 | BD75: 0 | BE75: 0 | BF75: 0 | BG75: 0 | BH75: 0 | BI75: 0 | BJ75: 0 | BK75: 0 | BL75: 0 | BM75: 0 | BN75: 0 | BO75: 0 | BP75: 0 | BQ75: 0 | BR75: 0 | BS75: 0 | BT75: 0 | BU75: 0 | BV75: 0 | BW75: 0 | BX75: 0 | BY75: 0 | BZ75: 0 | CA75: 0 | CB75: 0 | CC75: 0 | CD75: 0 | CE75: 0 | CF75: 0 | CG75: 0 | CH75: 0 | CI75: 0 | CJ75: 0 | CK75: 0 | CL75: 0 | CM75: 0 | CN75: 0 | CO75: 0 | CP75: 0 | CQ75: 0 | CR75: 0 | CS75: 0 | CT75: 0 | CU75: 0 | CV75: 0 | CW75: 0 | CX75: 0 | CY75: 0 | CZ75: 0 | DA75: 0 | DB75: 0 | DC75: 0 | DD75: 0 | DE75: 0 | DF75: 0 | DG75: 0 | DH75: 0 | DI75: 0 | DJ75: 0 | DK75: 0 | DL75: 0 | DM75: 0 | DN75: 0 | DO75: 0 | DP75: 0 | DQ75: 0 | DR75: 0 | DS75: 0 | DT75: 0 | DU75: 0 | DV75: 0 | DW75: 0 | DX75: 0 | DY75: 0 | DZ75: 0 | EA75: 0 | EB75: 0 | EC75: 0 | ED75: 0 | EE75: 0 | EF75: 0 | EG75: 0 | EH75: 0 | EI75: 0 | EJ75: 0 | EK75: 0 | EL75: 0 | EM75: 0 | EN75: 0 | EO75: 0 | EP75: 0 | EQ75: 0 | ER75: 0 | ES75: 0 | ET75: 0 | EU75: 0 | EV75: 0 | EW75: 0 | EX75: 0 | EY75: 0 | EZ75: 0 | FA75: 0 | FB75: 0 | FC75: 0 | FD75: 0 | FE75: 0 | FF75: 0 | FG75: 0 | FH75: 0 | FI75: 0 | FJ75: 0 | FK75: 0 | FL75: 0 | FM75: 0 | FN75: 0 | FO75: 0 | FP75: 0 | FQ75: 0 | FR75: 0 | FS75: 0 | FT75: 0 | FU75: 0 | FV75: 0 | FW75: 0 | FX75: 0 | FY75: 0 | FZ75: 0 | GA75: 0 | GB75: 0 | GC75: 0 | GD75: 0 | GE75: 0 | GF75: 0 | GG75: 0 | GH75: 0 | GI75: 0 | GJ75: 0 | GK75: 0 | GL75: 0 | GM75: 0 | GN75: 0 | GO75: 0 | GP75: 0 | GQ75: 0 | GR75: 0 | GS75: 0 | GT75: 0 | GU75: 0 | GV75: 0 | GW75: 0 | GX75: 0 | GY75: 0 | GZ75: 0 | HA75: 0 | HB75: 0 | HC75: 0 | HD75: 0 | HE75: 0 | HF75: 0 | HG75: 0 | HH75: 0 | HI75: 0 | HJ75: 0 | HK75: 0 | HL75: 0 | HM75: 0 | HN75: 0 | HO75: 0 | HP75: 0 | HQ75: 0 | HR75: 0 | HS75: 0 | HT75: 0 | HU75: 0 | HV75: 0 | HW75: 0 | HX75: 0 | HY75: 0 | HZ75: 0 | IA75: 0 | IB75: 0 | IC75: 0 | ID75: 0 | IE75: 0 | IF75: 0 | IG75: 0 | IH75: 0 | II75: 0 | IJ75: 0 | IK75: 0 | IL75: 0 | IM75: 0 | IN75: 0 | IO75: 0 | IP75: 0 | IQ75: 0 | IR75: 0 | IS75: 0 | IT75: 0 | IU75: 0 | IV75: 0 | IW75: 0 | IX75: 0 | IY75: 0 | IZ75: 0 | JA75: 0 | JB75: 0 | JC75: 0 | JD75: 0 | JE75: 0 | JF75: 0 | JG75: 0 | JH75: 0 | JI75: 0 | JJ75: 0 | JK75: 0 | JL75: 0 | JM75: 0 | JN75: 0 | JO75: 0 | JP75: 0 | JQ75: 0 | JR75: 0 | JS75: 0 | JT75: 0 | JU75: 0 | JV75: 0 | JW75: 0 | JX75: 0 | JY75: 0 | JZ75: 0 | KA75: 0 | KB75: 0 | KC75: 0 | KD75: 0 | KE75: 0 | KF75: 0 | KG75: 0 | KH75: 0 | KI75: 0 | KJ75: 0 | KK75: 0 | KL75: 0 | KM75: 0 | KN75: 0 | KO75: 0 | KP75: 0 | KQ75: 0 | KR75: 0 | KS75: 0 | KT75: 0 | KU75: 0 | KV75: 0 | KW75: 0 | KX75: 0 | KY75: 0 | KZ75: 0 | LA75: 0 | LB75: 0 | LC75: 0 | LD75: 0 | LE75: 0 | LF75: 0 | LG75: 0 | LH75: 0 | LI75: 0 | LJ75: 0 | LK75: 0 | LL75: 0 | LM75: 0 | LN75: 0 | LO75: 0 | LP75: 0 | LQ75: 0 | LR75: 0 | LS75: 0 | LT75: 0 | LU75: 0 | LV75: 0 | LW75: 0 | LX75: 0 | LY75: 0 | LZ75: 0 | MA75: 0 | MB75: 0 | MC75: 0 | MD75: 0 | ME75: 0 | MF75: 0 | MG75: 0 | MH75: 0 | MI75: 0 | MJ75: 0 | MK75: 0 | ML75: 0 | MM75: 0 | MN75: 0 | MO75: 0 | MP75: 0 | MQ75: 0 | MR75: 0 | MS75: 0 | MT75: 0 | MU75: 0 | MV75: 0 | MW75: 0 | MX75: 0 | MY75: 0 | MZ75: 0 | NA75: 0 | NB75: 0
B76: Warehouse Cleaning | C76: 0.5 | D76: 0.5 | E76: 0.5 | F76: 0.5 | G76: 0.5 | H76: 0.5 | I76: 0.5 | J76: 0.5 | K76: 0.5 | L76: 0.5 | M76: 0.5 | N76: 0.5 | O76: 0.5 | P76: 0.5 | Q76: 0.5 | R76: 0.5 | S76: 0.5 | T76: 0.5 | U76: 0.5 | V76: 0.5 | W76: 0.5 | X76: 0.5 | Y76: 0.5 | Z76: 0.5 | AA76: 0.5 | AB76: 0.5 | AC76: 0.5 | AD76: 0.5 | AE76: 0.5 | AF76: 0.5 | AG76: 0.5 | AH76: 0.5 | AI76: 0.5 | AJ76: 0.5 | AK76: 0.5 | AL76: 0.5 | AM76: 0.5 | AN76: 0.5 | AO76: 0.5 | AP76: 0.5 | AQ76: 0.5 | AR76: 0.5 | AS76: 0.5 | AT76: 0.5 | AU76: 0.5 | AV76: 0.5 | AW76: 0.5 | AX76: 0.5 | AY76: 0.5 | AZ76: 0.5 | BA76: 0.5 | BB76: 0.5 | BC76: 0.5 | BD76: 0.5 | BE76: 0.5 | BF76: 0.5 | BG76: 0.5 | BH76: 0.5 | BI76: 0.5 | BJ76: 0.5 | BK76: 0.5 | BL76: 0.5 | BM76: 0.5 | BN76: 0.5 | BO76: 0.5 | BP76: 0.5 | BQ76: 0.5 | BR76: 0.5 | BS76: 0.5 | BT76: 0.5 | BU76: 0.5 | BV76: 0.5 | BW76: 0.5 | BX76: 0.5 | BY76: 0.5 | BZ76: 0.5 | CA76: 0.5 | CB76: 0.5 | CC76: 0.5 | CD76: 0.5 | CE76: 0.5 | CF76: 0.5 | CG76: 0.5 | CH76: 0.5 | CI76: 0.5 | CJ76: 0.5 | CK76: 0.5 | CL76: 0.5 | CM76: 0.5 | CN76: 0.5 | CO76: 0.5 | CP76: 0.5 | CQ76: 0.5 | CR76: 0.5 | CS76: 0.5 | CT76: 0.5 | CU76: 0.5 | CV76: 0.5 | CW76: 0.5 | CX76: 0.5 | CY76: 0.5 | CZ76: 0.5 | DA76: 0.5 | DB76: 0.5 | DC76: 0.5 | DD76: 0.5 | DE76: 0.5 | DF76: 0.5 | DG76: 0.5 | DH76: 0.5 | DI76: 0.5 | DJ76: 0.5 | DK76: 0.5 | DL76: 0.5 | DM76: 0.5 | DN76: 0.5 | DO76: 0.5 | DP76: 0.5 | DQ76: 0.5 | DR76: 0.5 | DS76: 0.5 | DT76: 0.5 | DU76: 0.5 | DV76: 0.5 | DW76: 0.5 | DX76: 0.5 | DY76: 0.5 | DZ76: 0.5 | EA76: 0.5 | EB76: 0.5 | EC76: 0.5 | ED76: 0.5 | EE76: 0.5 | EF76: 0.5 | EG76: 0.5 | EH76: 0.5 | EI76: 0.5 | EJ76: 0.5 | EK76: 0.5 | EL76: 0.5 | EM76: 0.5 | EN76: 0.5 | EO76: 0.5 | EP76: 0.5 | EQ76: 0.5 | ER76: 0.5 | ES76: 0.5 | ET76: 0.5 | EU76: 0.5 | EV76: 0.5 | EW76: 0.5 | EX76: 0.5 | EY76: 0.5 | EZ76: 0.5 | FA76: 0.5 | FB76: 0.5 | FC76: 0.5 | FD76: 0.5 | FE76: 0.5 | FF76: 0.5 | FG76: 0.5 | FH76: 0.5 | FI76: 0.5 | FJ76: 0.5 | FK76: 0.5 | FL76: 0.5 | FM76: 0.5 | FN76: 0.5 | FO76: 0.5 | FP76: 0.5 | FQ76: 0.5 | FR76: 0.5 | FS76: 0.5 | FT76: 0.5 | FU76: 0.5 | FV76: 0.5 | FW76: 0.5 | FX76: 0.5 | FY76: 0.5 | FZ76: 0.5 | GA76: 0.5 | GB76: 0.5 | GC76: 0.5 | GD76: 0.5 | GE76: 0.5 | GF76: 0.5 | GG76: 0.5 | GH76: 0.5 | GI76: 0.5 | GJ76: 0.5 | GK76: 0.5 | GL76: 0.5 | GM76: 0.5 | GN76: 0.5 | GO76: 0.5 | GP76: 0.5 | GQ76: 0.5 | GR76: 0.5 | GS76: 0.5 | GT76: 0.5 | GU76: 0.5 | GV76: 0.5 | GW76: 0.5 | GX76: 0.5 | GY76: 0.5 | GZ76: 0.5 | HA76: 0.5 | HB76: 0.5 | HC76: 0.5 | HD76: 0.5 | HE76: 0.5 | HF76: 0.5 | HG76: 0.5 | HH76: 0.5 | HI76: 0.5 | HJ76: 0.5 | HK76: 0.5 | HL76: 0.5 | HM76: 0.5 | HN76: 0.5 | HO76: 0.5 | HP76: 0.5 | HQ76: 0.5 | HR76: 0.5 | HS76: 0.5 | HT76: 0.5 | HU76: 0.5 | HV76: 0.5 | HW76: 0.5 | HX76: 0.5 | HY76: 0.5 | HZ76: 0.5 | IA76: 0.5 | IB76: 0.5 | IC76: 0.5 | ID76: 0.5 | IE76: 0.5 | IF76: 0.5 | IG76: 0.5 | IH76: 0.5 | II76: 0.5 | IJ76: 0.5 | IK76: 0.5 | IL76: 0.5 | IM76: 0.5 | IN76: 0.5 | IO76: 1 | IP76: 1 | IQ76: 1 | IR76: 1 | IS76: 1 | IT76: 1 | IU76: 1 | IV76: 1 | IW76: 1 | IX76: 1 | IY76: 1 | IZ76: 1 | JA76: 1 | JB76: 1 | JC76: 1 | JD76: 1 | JE76: 1 | JF76: 1 | JG76: 1 | JH76: 1 | JI76: 1 | JJ76: 1 | JK76: 1 | JL76: 1 | JM76: 1 | JN76: 1 | JO76: 1 | JP76: 1 | JQ76: 1 | JR76: 1 | JS76: 1 | JT76: 1 | JU76: 1 | JV76: 1 | JW76: 1 | JX76: 1 | JY76: 1 | JZ76: 1 | KA76: 1 | KB76: 1 | KC76: 1 | KD76: 1 | KE76: 2 | KF76: 2 | KG76: 2 | KH76: 2 | KI76: 2 | KJ76: 2 | KK76: 2 | KL76: 2 | KM76: 2 | KN76: 2 | KO76: 2 | KP76: 2 | KQ76: 2 | KR76: 2 | KS76: 2 | KT76: 2 | KU76: 2 | KV76: 2 | KW76: 2 | KX76: 2 | KY76: 2 | KZ76: 2 | LA76: 2 | LB76: 2 | LC76: 2 | LD76: 2 | LE76: 1 | LF76: 1 | LG76: 1 | LH76: 1 | LI76: 1 | LJ76: 1 | LK76: 1 | LL76: 1 | LM76: 1 | LN76: 1 | LO76: 1 | LP76: 1 | LQ76: 1 | LR76: 1 | LS76: 1 | LT76: 1 | LU76: 1 | LV76: 1 | LW76: 1 | LX76: 1 | LY76: 1 | LZ76: 1 | MA76: 1 | MB76: 1 | MC76: 1 | MD76: 1 | ME76: 1 | MF76: 1 | MG76: 1 | MH76: 1 | MI76: 1 | MJ76: 1 | MK76: 1 | ML76: 1 | MM76: 1 | MN76: 1 | MO76: 1 | MP76: 1 | MQ76: 1 | MR76: 1 | MS76: 1 | MT76: 1 | MU76: 1 | MV76: 1 | MW76: 1 | MX76: 1 | MY76: 1 | MZ76: 1 | NA76: 1 | NB76: 1
B77: TOTAL | C77: =SUMIF(C69:C76,"<>#REF!") -> 0.91296296 | D77: =SUMIF(D69:D76,"<>#REF!") -> 1.3368889 | E77: =SUMIF(E69:E76,"<>#REF!") -> 1.3368889 | F77: =SUMIF(F69:F76,"<>#REF!") -> 1.4020741 | G77: =SUMIF(G69:G76,"<>#REF!") -> 1.3368889 | H77: =SUMIF(H69:H76,"<>#REF!") -> 1.0761481 | I77: =SUMIF(I69:I76,"<>#REF!") -> 1.2065185 | J77: =SUMIF(J69:J76,"<>#REF!") -> 1.7277778 | ... NB77: =SUMIF(NB69:NB76,"<>#REF!") -> 1.5759259
B79: Returns | C79: =C32*Data!$B43*Data!$E4 -> 100.21941 | D79: =D32*Data!$B43*Data!$E4 -> 94.786014 | E79: =E32*Data!$B43*Data!$E4 -> 106.71017 | F79: =F32*Data!$B43*Data!$E4 -> 100.06237 | G79: =G32*Data!$B43*Data!$E4 -> 104.82575 | H79: =H32*Data!$B43*Data!$E4 -> 86.693503 | I79: =I32*Data!$B43*Data!$E4 -> 99.727366 | J79: =J32*Data!$B43*Data!$E4 -> 107.85128 | ... IX79: =IX32*Data!$B43*Data!$E4 -> 132 | IY79: 400 | IZ79: 400 | JA79: 100 | JB79: =JB32*Data!$B43*Data!$E4 -> 198 | JC79: =JC32*Data!$B43*Data!$E4 -> 476.71481 | JD79: =JD32*Data!$B43*Data!$E4 -> 412.37255 | JE79: =JE32*Data!$B43*Data!$E4 -> 446.82 | JF79: =JF32*Data!$B43*Data!$E4 -> 396 | JG79: =JG32*Data!$B43*Data!$E4 -> 396 | JH79: =JH32*Data!$B43*Data!$E4 -> 396 | JI79: =JI32*Data!$B43*Data!$E4 -> 240.06385 | ... NB79: =NB32*Data!$B43*Data!$E4 -> 99.360962
B80: Returns | C80: =C79/Data!$B41/Data!$B45/Data!$B3*Data!$B48 -> 0.84519846 | D80: =D79/Data!$B41/Data!$B45/Data!$B3*Data!$B48 -> 0.79937604 | E80: =E79/Data!$B41/Data!$B45/Data!$B3*Data!$B48 -> 0.89993814 | F80: =F79/Data!$B41/Data!$B45/Data!$B3*Data!$B48 -> 0.84387411 | G80: =G79/Data!$B41/Data!$B45/Data!$B3*Data!$B48 -> 0.88404598 | H80: =H79/Data!$B41/Data!$B45/Data!$B3*Data!$B48 -> 0.73112801 | I80: =I79/Data!$B41/Data!$B45/Data!$B3*Data!$B48 -> 0.84104883 | J80: =J79/Data!$B41/Data!$B45/Data!$B3*Data!$B48 -> 0.90956174 | ... NB80: =NB79/Data!$B41/Data!$B45/Data!$B3*Data!$B48 -> 0.83795878
B81: Exceptions | C81: =C79*Data!$B46/Data!$B42/Data!$B3*Data!$B48 -> 0.07483049 | D81: =D79*Data!$B46/Data!$B42/Data!$B3*Data!$B48 -> 0.070773557 | E81: =E79*Data!$B46/Data!$B42/Data!$B3*Data!$B48 -> 0.079676924 | F81: =F79*Data!$B46/Data!$B42/Data!$B3*Data!$B48 -> 0.074713238 | G81: =G79*Data!$B46/Data!$B42/Data!$B3*Data!$B48 -> 0.078269895 | H81: =H79*Data!$B46/Data!$B42/Data!$B3*Data!$B48 -> 0.064731149 | I81: =I79*Data!$B46/Data!$B42/Data!$B3*Data!$B48 -> 0.0744631 | J81: =J79*Data!$B46/Data!$B42/Data!$B3*Data!$B48 -> 0.080528958 | ... NB81: =NB79*Data!$B46/Data!$B42/Data!$B3*Data!$B48 -> 0.074189518
B82: Returns Put-away | C82: =C79*Data!$B48/Data!$B40/Data!$B3 -> 0.26725175 | D82: =D79*Data!$B48/Data!$B40/Data!$B3 -> 0.2527627 | E82: =E79*Data!$B48/Data!$B40/Data!$B3 -> 0.28456044 | F82: =F79*Data!$B48/Data!$B40/Data!$B3 -> 0.26683299 | G82: =G79*Data!$B48/Data!$B40/Data!$B3 -> 0.27953534 | H82: =H79*Data!$B48/Data!$B40/Data!$B3 -> 0.23118268 | I82: =I79*Data!$B48/Data!$B40/Data!$B3 -> 0.26593964 | J82: =J79*Data!$B48/Data!$B40/Data!$B3 -> 0.28760342 | ... NB82: =NB79*Data!$B48/Data!$B40/Data!$B3 -> 0.26496256
B83: TOTAL | C83: =SUMIF(C80:C82,"<>#REF!") -> 1.1872807 | D83: =SUMIF(D80:D82,"<>#REF!") -> 1.1229123 | E83: =SUMIF(E80:E82,"<>#REF!") -> 1.2641755 | F83: =SUMIF(F80:F82,"<>#REF!") -> 1.1854203 | G83: =SUMIF(G80:G82,"<>#REF!") -> 1.2418512 | H83: =SUMIF(H80:H82,"<>#REF!") -> 1.0270418 | I83: =SUMIF(I80:I82,"<>#REF!") -> 1.1814516 | J83: =SUMIF(J80:J82,"<>#REF!") -> 1.2776941 | ... NB83: =SUMIF(NB80:NB82,"<>#REF!") -> 1.1771109
B85: Inventory/DSL/Misc
B86: Picking Cycle Count | C86: 0.25 | D86: 0.25 | E86: 0.25 | F86: 0.25 | G86: 0.25 | H86: 0.25 | I86: 0.25 | J86: 0.25 | K86: 0.25 | L86: 0.25 | M86: 0.25 | N86: 0.25 | O86: 0.25 | P86: 0.25 | Q86: 0.25 | R86: 0.25 | S86: 0.25 | T86: 0.25 | U86: 0.25 | V86: 0.25 | W86: 0.25 | X86: 0.25 | Y86: 0.25 | Z86: 0.25 | AA86: 0.25 | AB86: 0.25 | AC86: 0.25 | AD86: 0.25 | AE86: 0.25 | AF86: 0.25 | AG86: 0.25 | AH86: 0.25 | AI86: 0.25 | AJ86: 0.25 | AK86: 0.25 | AL86: 0.25 | AM86: 0.25 | AN86: 0.25 | AO86: 0.25 | AP86: 0.25 | AQ86: 0.25 | AR86: 0.25 | AS86: 0.25 | AT86: 0.25 | AU86: 0.25 | AV86: 0.25 | AW86: 0.25 | AX86: 0.25 | AY86: 0.25 | AZ86: 0.25 | BA86: 0.25 | BB86: 0.25 | BC86: 0.25 | BD86: 0.25 | BE86: 0.25 | BF86: 0.25 | BG86: 0.25 | BH86: 0.25 | BI86: 0.25 | BJ86: 0.25 | BK86: 0.25 | BL86: 0.25 | BM86: 0.25 | BN86: 0.25 | BO86: 0.25 | BP86: 0.25 | BQ86: 0.25 | BR86: 0.25 | BS86: 0.25 | BT86: 0.25 | BU86: 0.25 | BV86: 0.25 | BW86: 0.25 | BX86: 0.25 | BY86: 0.25 | BZ86: 0.25 | CA86: 0.25 | CB86: 0.25 | CC86: 0.25 | CD86: 0.25 | CE86: 0.25 | CF86: 0.25 | CG86: 0.25 | CH86: 0.25 | CI86: 0.25 | CJ86: 0.25 | CK86: 0.25 | CL86: 0.25 | CM86: 0.25 | CN86: 0.25 | CO86: 0.25 | CP86: 0.25 | CQ86: 0.25 | CR86: 0.25 | CS86: 0.25 | CT86: 0.25 | CU86: 0.25 | CV86: 0.25 | CW86: 0.25 | CX86: 0.25 | CY86: 0.25 | CZ86: 0.25 | DA86: 0.25 | DB86: 0.25 | DC86: 0.25 | DD86: 0.25 | DE86: 0.25 | DF86: 0.25 | DG86: 0.25 | DH86: 0.25 | DI86: 0.25 | DJ86: 0.25 | DK86: 0.25 | DL86: 0.25 | DM86: 0.25 | DN86: 0.25 | DO86: 0.25 | DP86: 0.25 | DQ86: 0.25 | DR86: 0.25 | DS86: 0.25 | DT86: 0.25 | DU86: 0.25 | DV86: 0.25 | DW86: 0.25 | DX86: 0.25 | DY86: 0.25 | DZ86: 0.25 | EA86: 0.25 | EB86: 0.25 | EC86: 0.25 | ED86: 0.25 | EE86: 0.25 | EF86: 0.25 | EG86: 0.25 | EH86: 0.25 | EI86: 0.25 | EJ86: 0.25 | EK86: 0.25 | EL86: 0.25 | EM86: 0.25 | EN86: 0.25 | EO86: 0.25 | EP86: 0.25 | EQ86: 0.25 | ER86: 0.25 | ES86: 0.25 | ET86: 0.25 | EU86: 0.25 | EV86: 0.25 | EW86: 0.25 | EX86: 0.25 | EY86: 0.25 | EZ86: 0.25 | FA86: 0.25 | FB86: 0.25 | FC86: 0.25 | FD86: 0.25 | FE86: 0.25 | FF86: 0.25 | FG86: 0.25 | FH86: 0.25 | FI86: 0.25 | FJ86: 0.25 | FK86: 0.25 | FL86: 0.25 | FM86: 0.25 | FN86: 0.25 | FO86: 0.25 | FP86: 0.25 | FQ86: 0.25 | FR86: 0.25 | FS86: 0.25 | FT86: 0.25 | FU86: 0.25 | FV86: 0.25 | FW86: 0.25 | FX86: 0.25 | FY86: 0.25 | FZ86: 0.25 | GA86: 0.25 | GB86: 0.25 | GC86: 0.25 | GD86: 0.25 | GE86: 0.25 | GF86: 0.25 | GG86: 0.25 | GH86: 0.25 | GI86: 0.25 | GJ86: 0.25 | GK86: 0.25 | GL86: 0.25 | GM86: 0.25 | GN86: 0.25 | GO86: 0.25 | GP86: 0.25 | GQ86: 0.25 | GR86: 0.25 | GS86: 0.25 | GT86: 0.25 | GU86: 0.25 | GV86: 0.25 | GW86: 0.25 | GX86: 0.25 | GY86: 0.25 | GZ86: 0.25 | HA86: 0.25 | HB86: 0.25 | HC86: 0.25 | HD86: 0.25 | HE86: 0.25 | HF86: 0.25 | HG86: 0.25 | HH86: 0.25 | HI86: 0.25 | HJ86: 0.25 | HK86: 0.25 | HL86: 0.25 | HM86: 0.25 | HN86: 0.25 | HO86: 0.25 | HP86: 0.25 | HQ86: 0.25 | HR86: 0.25 | HS86: 0.25 | HT86: 0.25 | HU86: 0.25 | HV86: 0.25 | HW86: 0.25 | HX86: 0.25 | HY86: 0.25 | HZ86: 0.25 | IA86: 0.25 | IB86: 0.25 | IC86: 0.25 | ID86: 0.25 | IE86: 0.25 | IF86: 0.25 | IG86: 0.25 | IH86: 0.25 | II86: 0.25 | IJ86: 0.25 | IK86: 0.25 | IL86: 0.25 | IM86: 0.25 | IN86: 0.25 | IO86: 0.25 | IP86: 0.25 | IQ86: 0.25 | IR86: 0.25 | IS86: 0.25 | IT86: 0.25 | IU86: 0.25 | IV86: 0.25 | IW86: 0.25 | IX86: 0.25 | IY86: 0.25 | IZ86: 0.25 | JA86: 0.25 | JB86: 0.25 | JC86: 0.25 | JD86: 0.25 | JE86: 0.25 | JF86: 0.25 | JG86: 0.25 | JH86: 0.25 | JI86: 0.25 | JJ86: 0.25 | JK86: 0.25 | JL86: 0.25 | JM86: 0.25 | JN86: 0.25 | JO86: 0.25 | JP86: 0.25 | JQ86: 0.25 | JR86: 0.25 | JS86: 0.25 | JT86: 0.25 | JU86: 0.25 | JV86: 0.25 | JW86: 0.25 | JX86: 0.25 | JY86: 0.25 | JZ86: 0.25 | KA86: 0.25 | KB86: 0.25 | KC86: 0.25 | KD86: 0.25 | KE86: 0.25 | KF86: 0.25 | KG86: 0.25 | KH86: 0.25 | KI86: 0.25 | KJ86: 0.25 | KK86: 0.25 | KL86: 0.25 | KM86: 0.25 | KN86: 0.25 | KO86: 0.25 | KP86: 2 | KQ86: 2 | KR86: 2 | KS86: 2 | KT86: 2 | KU86: 2 | KV86: 2 | KW86: 2 | KX86: 2 | KY86: 2 | KZ86: 2 | LA86: 2 | LB86: 2 | LC86: 2 | LD86: 0.25 | LE86: 0.25 | LF86: 0.25 | LG86: 0.25 | LH86: 0.25 | LI86: 0.25 | LJ86: 0.25 | LK86: 0.25 | LL86: 0.25 | LM86: 0.25 | LN86: 0.25 | LO86: 0.25 | LP86: 0.25 | LQ86: 0.25 | LR86: 0.25 | LS86: 0.25 | LT86: 0.25 | LU86: 0.25 | LV86: 0.25 | LW86: 0.25 | LX86: 0.25 | LY86: 0.25 | LZ86: 0.25 | MA86: 0.25 | MB86: 0.25 | MC86: 0.25 | MD86: 0.25 | ME86: 0.25 | MF86: 0.25 | MG86: 0.25 | MH86: 0.25 | MI86: 0.25 | MJ86: 0.25 | MK86: 0.25 | ML86: 0.25 | MM86: 0.25 | MN86: 0.25 | MO86: 0.25 | MP86: 0.25 | MQ86: 0.25 | MR86: 0.25 | MS86: 0.25 | MT86: 0.25 | MU86: 0.25 | MV86: 0.25 | MW86: 0.25 | MX86: 0.25 | MY86: 0.25 | MZ86: 0.25 | NA86: 0.25 | NB86: 0.25
B87: Auditing/Spot Counts | C87: 0.25 | D87: 0.25 | E87: 0.25 | F87: 0.25 | G87: 0.25 | H87: 0.25 | I87: 0.25 | J87: 0.25 | K87: 0.25 | L87: 0.25 | M87: 0.25 | N87: 0.25 | O87: 0.25 | P87: 0.25 | Q87: 0.25 | R87: 0.25 | S87: 0.25 | T87: 0.25 | U87: 0.25 | V87: 0.25 | W87: 0.25 | X87: 0.25 | Y87: 0.25 | Z87: 0.25 | AA87: 0.25 | AB87: 0.25 | AC87: 0.25 | AD87: 0.25 | AE87: 0.25 | AF87: 0.25 | AG87: 0.25 | AH87: 0.25 | AI87: 0.25 | AJ87: 0.25 | AK87: 0.25 | AL87: 0.25 | AM87: 0.25 | AN87: 0.25 | AO87: 0.25 | AP87: 0.25 | AQ87: 0.25 | AR87: 0.25 | AS87: 0.25 | AT87: 0.25 | AU87: 0.25 | AV87: 0.25 | AW87: 0.25 | AX87: 0.25 | AY87: 0.25 | AZ87: 0.25 | BA87: 0.25 | BB87: 0.25 | BC87: 0.25 | BD87: 0.25 | BE87: 0.25 | BF87: 0.25 | BG87: 0.25 | BH87: 0.25 | BI87: 0.25 | BJ87: 0.25 | BK87: 0.25 | BL87: 0.25 | BM87: 0.25 | BN87: 0.25 | BO87: 0.25 | BP87: 0.25 | BQ87: 0.25 | BR87: 0.25 | BS87: 0.25 | BT87: 0.25 | BU87: 0.25 | BV87: 0.25 | BW87: 0.25 | BX87: 0.25 | BY87: 0.25 | BZ87: 0.25 | CA87: 0.25 | CB87: 0.25 | CC87: 0.25 | CD87: 0.25 | CE87: 0.25 | CF87: 0.25 | CG87: 0.25 | CH87: 0.25 | CI87: 0.25 | CJ87: 0.25 | CK87: 0.25 | CL87: 0.25 | CM87: 0.25 | CN87: 0.25 | CO87: 0.25 | CP87: 0.25 | CQ87: 0.25 | CR87: 0.25 | CS87: 0.25 | CT87: 0.25 | CU87: 0.25 | CV87: 0.25 | CW87: 0.25 | CX87: 0.25 | CY87: 0.25 | CZ87: 0.25 | DA87: 0.25 | DB87: 0.25 | DC87: 0.25 | DD87: 0.25 | DE87: 0.25 | DF87: 0.25 | DG87: 0.25 | DH87: 0.25 | DI87: 0.25 | DJ87: 0.25 | DK87: 0.25 | DL87: 0.25 | DM87: 0.25 | DN87: 0.25 | DO87: 0.25 | DP87: 0.25 | DQ87: 0.25 | DR87: 0.25 | DS87: 0.25 | DT87: 0.25 | DU87: 0.25 | DV87: 0.25 | DW87: 0.25 | DX87: 0.25 | DY87: 0.25 | DZ87: 0.25 | EA87: 0.25 | EB87: 0.25 | EC87: 0.25 | ED87: 0.25 | EE87: 0.25 | EF87: 0.25 | EG87: 0.25 | EH87: 0.25 | EI87: 0.25 | EJ87: 0.25 | EK87: 0.25 | EL87: 0.25 | EM87: 0.25 | EN87: 0.25 | EO87: 0.25 | EP87: 0.25 | EQ87: 0.25 | ER87: 0.25 | ES87: 0.25 | ET87: 0.25 | EU87: 0.25 | EV87: 0.25 | EW87: 0.25 | EX87: 0.25 | EY87: 0.25 | EZ87: 0.25 | FA87: 0.25 | FB87: 0.25 | FC87: 0.25 | FD87: 0.25 | FE87: 0.25 | FF87: 0.25 | FG87: 0.25 | FH87: 0.25 | FI87: 0.25 | FJ87: 0.25 | FK87: 0.25 | FL87: 0.25 | FM87: 0.25 | FN87: 0.25 | FO87: 0.25 | FP87: 0.25 | FQ87: 0.25 | FR87: 0.25 | FS87: 0.25 | FT87: 0.25 | FU87: 0.25 | FV87: 0.25 | FW87: 0.25 | FX87: 0.25 | FY87: 0.25 | FZ87: 0.25 | GA87: 0.25 | GB87: 0.25 | GC87: 0.25 | GD87: 0.25 | GE87: 0.25 | GF87: 0.25 | GG87: 0.25 | GH87: 0.25 | GI87: 0.25 | GJ87: 0.25 | GK87: 0.25 | GL87: 0.25 | GM87: 0.25 | GN87: 0.25 | GO87: 0.25 | GP87: 0.25 | GQ87: 0.25 | GR87: 0.25 | GS87: 0.25 | GT87: 0.25 | GU87: 0.25 | GV87: 0.25 | GW87: 0.25 | GX87: 0.25 | GY87: 0.25 | GZ87: 0.25 | HA87: 0.25 | HB87: 0.25 | HC87: 0.25 | HD87: 0.25 | HE87: 0.25 | HF87: 0.25 | HG87: 0.25 | HH87: 0.25 | HI87: 0.25 | HJ87: 0.25 | HK87: 0.25 | HL87: 0.25 | HM87: 0.25 | HN87: 0.25 | HO87: 0.25 | HP87: 0.25 | HQ87: 0.25 | HR87: 0.25 | HS87: 0.25 | HT87: 0.25 | HU87: 0.25 | HV87: 0.25 | HW87: 0.25 | HX87: 0.25 | HY87: 0.25 | HZ87: 0.25 | IA87: 0.25 | IB87: 0.25 | IC87: 0.25 | ID87: 0.25 | IE87: 0.25 | IF87: 0.25 | IG87: 0.25 | IH87: 0.25 | II87: 0.25 | IJ87: 0.25 | IK87: 0.25 | IL87: 0.25 | IM87: 0.25 | IN87: 0.25 | IO87: 0.25 | IP87: 0.25 | IQ87: 0.25 | IR87: 0.25 | IS87: 0.25 | IT87: 0.25 | IU87: 0.25 | IV87: 0.25 | IW87: 0.25 | IX87: 0.25 | IY87: 0.25 | IZ87: 0.25 | JA87: 0.25 | JB87: 0.25 | JC87: 0.25 | JD87: 0.25 | JE87: 0.25 | JF87: 0.25 | JG87: 0.25 | JH87: 0.25 | JI87: 0.25 | JJ87: 0.25 | JK87: 0.25 | JL87: 0.25 | JM87: 0.25 | JN87: 0.25 | JO87: 0.25 | JP87: 0.25 | JQ87: 0.25 | JR87: 0.25 | JS87: 0.25 | JT87: 0.25 | JU87: 0.25 | JV87: 0.25 | JW87: 0.25 | JX87: 0.25 | JY87: 0.25 | JZ87: 0.25 | KA87: 0.25 | KB87: 0.25 | KC87: 0.25 | KD87: 0.25 | KE87: 0.25 | KF87: 0.25 | KG87: 0.25 | KH87: 0.25 | KI87: 0.25 | KJ87: 0.25 | KK87: 0.25 | KL87: 0.25 | KM87: 0.25 | KN87: 0.25 | KO87: 0.25 | KP87: 0.5 | KQ87: 0.5 | KR87: 0.5 | KS87: 0.5 | KT87: 0.5 | KU87: 0.5 | KV87: 0.5 | KW87: 0.5 | KX87: 0.5 | KY87: 0.5 | KZ87: 0.5 | LA87: 0.5 | LB87: 0.5 | LC87: 0.5 | LD87: 0.25 | LE87: 0.25 | LF87: 0.25 | LG87: 0.25 | LH87: 0.25 | LI87: 0.25 | LJ87: 0.25 | LK87: 0.25 | LL87: 0.25 | LM87: 0.25 | LN87: 0.25 | LO87: 0.25 | LP87: 0.25 | LQ87: 0.25 | LR87: 0.25 | LS87: 0.25 | LT87: 0.25 | LU87: 0.25 | LV87: 0.25 | LW87: 0.25 | LX87: 0.25 | LY87: 0.25 | LZ87: 0.25 | MA87: 0.25 | MB87: 0.25 | MC87: 0.25 | MD87: 0.25 | ME87: 0.25 | MF87: 0.25 | MG87: 0.25 | MH87: 0.25 | MI87: 0.25 | MJ87: 0.25 | MK87: 0.25 | ML87: 0.25 | MM87: 0.25 | MN87: 0.25 | MO87: 0.25 | MP87: 0.25 | MQ87: 0.25 | MR87: 0.25 | MS87: 0.25 | MT87: 0.25 | MU87: 0.25 | MV87: 0.25 | MW87: 0.25 | MX87: 0.25 | MY87: 0.25 | MZ87: 0.25 | NA87: 0.25 | NB87: 0.25
B88: Reconciliation | C88: 0.25 | D88: 0.25 | E88: 0.25 | F88: 0.25 | G88: 0.25 | H88: 0.25 | I88: 0.25 | J88: 0.25 | K88: 0.25 | L88: 0.25 | M88: 0.25 | N88: 0.25 | O88: 0.25 | P88: 0.25 | Q88: 0.25 | R88: 0.25 | S88: 0.25 | T88: 0.25 | U88: 0.25 | V88: 0.25 | W88: 0.25 | X88: 0.25 | Y88: 0.25 | Z88: 0.25 | AA88: 0.25 | AB88: 0.25 | AC88: 0.25 | AD88: 0.25 | AE88: 0.25 | AF88: 0.25 | AG88: 0.25 | AH88: 0.25 | AI88: 0.25 | AJ88: 0.25 | AK88: 0.25 | AL88: 0.25 | AM88: 0.25 | AN88: 0.25 | AO88: 0.25 | AP88: 0.25 | AQ88: 0.25 | AR88: 0.25 | AS88: 0.25 | AT88: 0.25 | AU88: 0.25 | AV88: 0.25 | AW88: 0.25 | AX88: 0.25 | AY88: 0.25 | AZ88: 0.25 | BA88: 0.25 | BB88: 0.25 | BC88: 0.25 | BD88: 0.25 | BE88: 0.25 | BF88: 0.25 | BG88: 0.25 | BH88: 0.25 | BI88: 0.25 | BJ88: 0.25 | BK88: 0.25 | BL88: 0.25 | BM88: 0.25 | BN88: 0.25 | BO88: 0.25 | BP88: 0.25 | BQ88: 0.25 | BR88: 0.25 | BS88: 0.25 | BT88: 0.25 | BU88: 0.25 | BV88: 0.25 | BW88: 0.25 | BX88: 0.25 | BY88: 0.25 | BZ88: 0.25 | CA88: 0.25 | CB88: 0.25 | CC88: 0.25 | CD88: 0.25 | CE88: 0.25 | CF88: 0.25 | CG88: 0.25 | CH88: 0.25 | CI88: 0.25 | CJ88: 0.25 | CK88: 0.25 | CL88: 0.25 | CM88: 0.25 | CN88: 0.25 | CO88: 0.25 | CP88: 0.25 | CQ88: 0.25 | CR88: 0.25 | CS88: 0.25 | CT88: 0.25 | CU88: 0.25 | CV88: 0.25 | CW88: 0.25 | CX88: 0.25 | CY88: 0.25 | CZ88: 0.25 | DA88: 0.25 | DB88: 0.25 | DC88: 0.25 | DD88: 0.25 | DE88: 0.25 | DF88: 0.25 | DG88: 0.25 | DH88: 0.25 | DI88: 0.25 | DJ88: 0.25 | DK88: 0.25 | DL88: 0.25 | DM88: 0.25 | DN88: 0.25 | DO88: 0.25 | DP88: 0.25 | DQ88: 0.25 | DR88: 0.25 | DS88: 0.25 | DT88: 0.25 | DU88: 0.25 | DV88: 0.25 | DW88: 0.25 | DX88: 0.25 | DY88: 0.25 | DZ88: 0.25 | EA88: 0.25 | EB88: 0.25 | EC88: 0.25 | ED88: 0.25 | EE88: 0.25 | EF88: 0.25 | EG88: 0.25 | EH88: 0.25 | EI88: 0.25 | EJ88: 0.25 | EK88: 0.25 | EL88: 0.25 | EM88: 0.25 | EN88: 0.25 | EO88: 0.25 | EP88: 0.25 | EQ88: 0.25 | ER88: 0.25 | ES88: 0.25 | ET88: 0.25 | EU88: 0.25 | EV88: 0.25 | EW88: 0.25 | EX88: 0.25 | EY88: 0.25 | EZ88: 0.25 | FA88: 0.25 | FB88: 0.25 | FC88: 0.25 | FD88: 0.25 | FE88: 0.25 | FF88: 0.25 | FG88: 0.25 | FH88: 0.25 | FI88: 0.25 | FJ88: 0.25 | FK88: 0.25 | FL88: 0.25 | FM88: 0.25 | FN88: 0.25 | FO88: 0.25 | FP88: 0.25 | FQ88: 0.25 | FR88: 0.25 | FS88: 0.25 | FT88: 0.25 | FU88: 0.25 | FV88: 0.25 | FW88: 0.25 | FX88: 0.25 | FY88: 0.25 | FZ88: 0.25 | GA88: 0.25 | GB88: 0.25 | GC88: 0.25 | GD88: 0.25 | GE88: 0.25 | GF88: 0.25 | GG88: 0.25 | GH88: 0.25 | GI88: 0.25 | GJ88: 0.25 | GK88: 0.25 | GL88: 0.25 | GM88: 0.25 | GN88: 0.25 | GO88: 0.25 | GP88: 0.25 | GQ88: 0.25 | GR88: 0.25 | GS88: 0.25 | GT88: 0.25 | GU88: 0.25 | GV88: 0.25 | GW88: 0.25 | GX88: 0.25 | GY88: 0.25 | GZ88: 0.25 | HA88: 0.25 | HB88: 0.25 | HC88: 0.25 | HD88: 0.25 | HE88: 0.25 | HF88: 0.25 | HG88: 0.25 | HH88: 0.25 | HI88: 0.25 | HJ88: 0.25 | HK88: 0.25 | HL88: 0.25 | HM88: 0.25 | HN88: 0.25 | HO88: 0.25 | HP88: 0.25 | HQ88: 0.25 | HR88: 0.25 | HS88: 0.25 | HT88: 0.25 | HU88: 0.25 | HV88: 0.25 | HW88: 0.25 | HX88: 0.25 | HY88: 0.25 | HZ88: 0.25 | IA88: 0.25 | IB88: 0.25 | IC88: 0.25 | ID88: 0.25 | IE88: 0.25 | IF88: 0.25 | IG88: 0.25 | IH88: 0.25 | II88: 0.25 | IJ88: 0.25 | IK88: 0.25 | IL88: 0.25 | IM88: 0.25 | IN88: 0.25 | IO88: 0.25 | IP88: 0.25 | IQ88: 0.25 | IR88: 0.25 | IS88: 0.25 | IT88: 0.25 | IU88: 0.25 | IV88: 0.25 | IW88: 0.25 | IX88: 0.25 | IY88: 0.25 | IZ88: 0.25 | JA88: 0.25 | JB88: 0.25 | JC88: 0.25 | JD88: 0.25 | JE88: 0.25 | JF88: 0.25 | JG88: 0.25 | JH88: 0.25 | JI88: 0.25 | JJ88: 0.25 | JK88: 0.25 | JL88: 0.25 | JM88: 0.25 | JN88: 0.25 | JO88: 0.25 | JP88: 0.25 | JQ88: 0.25 | JR88: 0.25 | JS88: 0.25 | JT88: 0.25 | JU88: 0.25 | JV88: 0.25 | JW88: 0.25 | JX88: 0.25 | JY88: 0.25 | JZ88: 0.25 | KA88: 0.25 | KB88: 0.25 | KC88: 0.25 | KD88: 0.25 | KE88: 0.25 | KF88: 0.25 | KG88: 0.25 | KH88: 0.25 | KI88: 0.25 | KJ88: 0.25 | KK88: 0.25 | KL88: 0.25 | KM88: 0.25 | KN88: 0.25 | KO88: 0.25 | KP88: 1 | KQ88: 1 | KR88: 1 | KS88: 1 | KT88: 1 | KU88: 1 | KV88: 1 | KW88: 1 | KX88: 1 | KY88: 1 | KZ88: 1 | LA88: 1 | LB88: 1 | LC88: 1 | LD88: 0.25 | LE88: 0.25 | LF88: 0.25 | LG88: 0.25 | LH88: 0.25 | LI88: 0.25 | LJ88: 0.25 | LK88: 0.25 | LL88: 0.25 | LM88: 0.25 | LN88: 0.25 | LO88: 0.25 | LP88: 0.25 | LQ88: 0.25 | LR88: 0.25 | LS88: 0.25 | LT88: 0.25 | LU88: 0.25 | LV88: 0.25 | LW88: 0.25 | LX88: 0.25 | LY88: 0.25 | LZ88: 0.25 | MA88: 0.25 | MB88: 0.25 | MC88: 0.25 | MD88: 0.25 | ME88: 0.25 | MF88: 0.25 | MG88: 0.25 | MH88: 0.25 | MI88: 0.25 | MJ88: 0.25 | MK88: 0.25 | ML88: 0.25 | MM88: 0.25 | MN88: 0.25 | MO88: 0.25 | MP88: 0.25 | MQ88: 0.25 | MR88: 0.25 | MS88: 0.25 | MT88: 0.25 | MU88: 0.25 | MV88: 0.25 | MW88: 0.25 | MX88: 0.25 | MY88: 0.25 | MZ88: 0.25 | NA88: 0.25 | NB88: 0.25
B89: Open Orders | C89: 0.25 | D89: 0.25 | E89: 0.25 | F89: 0.25 | G89: 0.25 | H89: 0.25 | I89: 0.25 | J89: 0.25 | K89: 0.25 | L89: 0.25 | M89: 0.25 | N89: 0.25 | O89: 0.25 | P89: 0.25 | Q89: 0.25 | R89: 0.25 | S89: 0.25 | T89: 0.25 | U89: 0.25 | V89: 0.25 | W89: 0.25 | X89: 0.25 | Y89: 0.25 | Z89: 0.25 | AA89: 0.25 | AB89: 0.25 | AC89: 0.25 | AD89: 0.25 | AE89: 0.25 | AF89: 0.25 | AG89: 0.25 | AH89: 0.25 | AI89: 0.25 | AJ89: 0.25 | AK89: 0.25 | AL89: 0.25 | AM89: 0.25 | AN89: 0.25 | AO89: 0.25 | AP89: 0.25 | AQ89: 0.25 | AR89: 0.25 | AS89: 0.25 | AT89: 0.25 | AU89: 0.25 | AV89: 0.25 | AW89: 0.25 | AX89: 0.25 | AY89: 0.25 | AZ89: 0.25 | BA89: 0.25 | BB89: 0.25 | BC89: 0.25 | BD89: 0.25 | BE89: 0.25 | BF89: 0.25 | BG89: 0.25 | BH89: 0.25 | BI89: 0.25 | BJ89: 0.25 | BK89: 0.25 | BL89: 0.25 | BM89: 0.25 | BN89: 0.25 | BO89: 0.25 | BP89: 0.25 | BQ89: 0.25 | BR89: 0.25 | BS89: 0.25 | BT89: 0.25 | BU89: 0.25 | BV89: 0.25 | BW89: 0.25 | BX89: 0.25 | BY89: 0.25 | BZ89: 0.25 | CA89: 0.25 | CB89: 0.25 | CC89: 0.25 | CD89: 0.25 | CE89: 0.25 | CF89: 0.25 | CG89: 0.25 | CH89: 0.25 | CI89: 0.25 | CJ89: 0.25 | CK89: 0.25 | CL89: 0.25 | CM89: 0.25 | CN89: 0.25 | CO89: 0.25 | CP89: 0.25 | CQ89: 0.25 | CR89: 0.25 | CS89: 0.25 | CT89: 0.25 | CU89: 0.25 | CV89: 0.25 | CW89: 0.25 | CX89: 0.25 | CY89: 0.25 | CZ89: 0.25 | DA89: 0.25 | DB89: 0.25 | DC89: 0.25 | DD89: 0.25 | DE89: 0.25 | DF89: 0.25 | DG89: 0.25 | DH89: 0.25 | DI89: 0.25 | DJ89: 0.25 | DK89: 0.25 | DL89: 0.25 | DM89: 0.25 | DN89: 0.25 | DO89: 0.25 | DP89: 0.25 | DQ89: 0.25 | DR89: 0.25 | DS89: 0.25 | DT89: 0.25 | DU89: 0.25 | DV89: 0.25 | DW89: 0.25 | DX89: 0.25 | DY89: 0.25 | DZ89: 0.25 | EA89: 0.25 | EB89: 0.25 | EC89: 0.25 | ED89: 0.25 | EE89: 0.25 | EF89: 0.25 | EG89: 0.25 | EH89: 0.25 | EI89: 0.25 | EJ89: 0.25 | EK89: 0.25 | EL89: 0.25 | EM89: 0.25 | EN89: 0.25 | EO89: 0.25 | EP89: 0.25 | EQ89: 0.25 | ER89: 0.25 | ES89: 0.25 | ET89: 0.25 | EU89: 0.25 | EV89: 0.25 | EW89: 0.25 | EX89: 0.25 | EY89: 0.25 | EZ89: 0.25 | FA89: 0.25 | FB89: 0.25 | FC89: 0.25 | FD89: 0.25 | FE89: 0.25 | FF89: 0.25 | FG89: 0.25 | FH89: 0.25 | FI89: 0.25 | FJ89: 0.25 | FK89: 0.25 | FL89: 0.25 | FM89: 0.25 | FN89: 0.25 | FO89: 0.25 | FP89: 0.25 | FQ89: 0.25 | FR89: 0.25 | FS89: 0.25 | FT89: 0.25 | FU89: 0.25 | FV89: 0.25 | FW89: 0.25 | FX89: 0.25 | FY89: 0.25 | FZ89: 0.25 | GA89: 0.25 | GB89: 0.25 | GC89: 0.25 | GD89: 0.25 | GE89: 0.25 | GF89: 0.25 | GG89: 0.25 | GH89: 0.25 | GI89: 0.25 | GJ89: 0.25 | GK89: 0.25 | GL89: 0.25 | GM89: 0.25 | GN89: 0.25 | GO89: 0.25 | GP89: 0.25 | GQ89: 0.25 | GR89: 0.25 | GS89: 0.25 | GT89: 0.25 | GU89: 0.25 | GV89: 0.25 | GW89: 0.25 | GX89: 0.25 | GY89: 0.25 | GZ89: 0.25 | HA89: 0.25 | HB89: 0.25 | HC89: 0.25 | HD89: 0.25 | HE89: 0.25 | HF89: 0.25 | HG89: 0.25 | HH89: 0.25 | HI89: 0.25 | HJ89: 0.25 | HK89: 0.25 | HL89: 0.25 | HM89: 0.25 | HN89: 0.25 | HO89: 0.25 | HP89: 0.25 | HQ89: 0.25 | HR89: 0.25 | HS89: 0.25 | HT89: 0.25 | HU89: 0.25 | HV89: 0.25 | HW89: 0.25 | HX89: 0.25 | HY89: 0.25 | HZ89: 0.25 | IA89: 0.25 | IB89: 0.25 | IC89: 0.25 | ID89: 0.25 | IE89: 0.25 | IF89: 0.25 | IG89: 0.25 | IH89: 0.25 | II89: 0.25 | IJ89: 0.25 | IK89: 0.25 | IL89: 0.25 | IM89: 0.25 | IN89: 0.25 | IO89: 0.25 | IP89: 0.25 | IQ89: 0.25 | IR89: 0.25 | IS89: 0.25 | IT89: 0.25 | IU89: 0.25 | IV89: 0.25 | IW89: 0.25 | IX89: 0.25 | IY89: 0.25 | IZ89: 0.25 | JA89: 0.25 | JB89: 0.25 | JC89: 0.25 | JD89: 0.25 | JE89: 0.25 | JF89: 0.25 | JG89: 0.25 | JH89: 0.25 | JI89: 0.25 | JJ89: 0.25 | JK89: 0.25 | JL89: 0.25 | JM89: 0.25 | JN89: 0.25 | JO89: 0.25 | JP89: 0.25 | JQ89: 0.25 | JR89: 0.25 | JS89: 0.25 | JT89: 0.25 | JU89: 0.25 | JV89: 0.25 | JW89: 0.25 | JX89: 0.25 | JY89: 0.25 | JZ89: 0.25 | KA89: 0.25 | KB89: 0.25 | KC89: 0.25 | KD89: 0.25 | KE89: 0.25 | KF89: 0.25 | KG89: 0.25 | KH89: 0.25 | KI89: 0.25 | KJ89: 0.25 | KK89: 0.25 | KL89: 0.25 | KM89: 0.25 | KN89: 0.25 | KO89: 0.25 | KP89: 0.25 | KQ89: 0.25 | KR89: 0.25 | KS89: 0.25 | KT89: 0.25 | KU89: 0.25 | KV89: 0.25 | KW89: 0.25 | KX89: 0.25 | KY89: 0.25 | KZ89: 0.25 | LA89: 0.25 | LB89: 0.25 | LC89: 0.25 | LD89: 0.25 | LE89: 0.25 | LF89: 0.25 | LG89: 0.25 | LH89: 0.25 | LI89: 0.25 | LJ89: 0.25 | LK89: 0.25 | LL89: 0.25 | LM89: 0.25 | LN89: 0.25 | LO89: 0.25 | LP89: 0.25 | LQ89: 0.25 | LR89: 0.25 | LS89: 0.25 | LT89: 0.25 | LU89: 0.25 | LV89: 0.25 | LW89: 0.25 | LX89: 0.25 | LY89: 0.25 | LZ89: 0.25 | MA89: 0.25 | MB89: 0.25 | MC89: 0.25 | MD89: 0.25 | ME89: 0.25 | MF89: 0.25 | MG89: 0.25 | MH89: 0.25 | MI89: 0.25 | MJ89: 0.25 | MK89: 0.25 | ML89: 0.25 | MM89: 0.25 | MN89: 0.25 | MO89: 0.25 | MP89: 0.25 | MQ89: 0.25 | MR89: 0.25 | MS89: 0.25 | MT89: 0.25 | MU89: 0.25 | MV89: 0.25 | MW89: 0.25 | MX89: 0.25 | MY89: 0.25 | MZ89: 0.25 | NA89: 0.25 | NB89: 0.25
B90: Wave Management/LDFs | C90: 0.25 | D90: 0.25 | E90: 0.25 | F90: 0.25 | G90: 0.25 | H90: 0.25 | I90: 0.25 | J90: 0.25 | K90: 0.25 | L90: 0.25 | M90: 0.25 | N90: 0.25 | O90: 0.25 | P90: 0.25 | Q90: 0.25 | R90: 0.25 | S90: 0.25 | T90: 0.25 | U90: 0.25 | V90: 0.25 | W90: 0.25 | X90: 0.25 | Y90: 0.25 | Z90: 0.25 | AA90: 0.25 | AB90: 0.25 | AC90: 0.25 | AD90: 0.25 | AE90: 0.25 | AF90: 0.25 | AG90: 0.25 | AH90: 0.25 | AI90: 0.25 | AJ90: 0.25 | AK90: 0.25 | AL90: 0.25 | AM90: 0.25 | AN90: 0.25 | AO90: 0.25 | AP90: 0.25 | AQ90: 0.25 | AR90: 0.25 | AS90: 0.25 | AT90: 0.25 | AU90: 0.25 | AV90: 0.25 | AW90: 0.25 | AX90: 0.25 | AY90: 0.25 | AZ90: 0.25 | BA90: 0.25 | BB90: 0.25 | BC90: 0.25 | BD90: 0.25 | BE90: 0.25 | BF90: 0.25 | BG90: 0.25 | BH90: 0.25 | BI90: 0.25 | BJ90: 0.25 | BK90: 0.25 | BL90: 0.25 | BM90: 0.25 | BN90: 0.25 | BO90: 0.25 | BP90: 0.25 | BQ90: 0.25 | BR90: 0.25 | BS90: 0.25 | BT90: 0.25 | BU90: 0.25 | BV90: 0.25 | BW90: 0.25 | BX90: 0.25 | BY90: 0.25 | BZ90: 0.25 | CA90: 0.25 | CB90: 0.25 | CC90: 0.25 | CD90: 0.25 | CE90: 0.25 | CF90: 0.25 | CG90: 0.25 | CH90: 0.25 | CI90: 0.25 | CJ90: 0.25 | CK90: 0.25 | CL90: 0.25 | CM90: 0.25 | CN90: 0.25 | CO90: 0.25 | CP90: 0.25 | CQ90: 0.25 | CR90: 0.25 | CS90: 0.25 | CT90: 0.25 | CU90: 0.25 | CV90: 0.25 | CW90: 0.25 | CX90: 0.25 | CY90: 0.25 | CZ90: 0.25 | DA90: 0.25 | DB90: 0.25 | DC90: 0.25 | DD90: 0.25 | DE90: 0.25 | DF90: 0.25 | DG90: 0.25 | DH90: 0.25 | DI90: 0.25 | DJ90: 0.25 | DK90: 0.25 | DL90: 0.25 | DM90: 0.25 | DN90: 0.25 | DO90: 0.25 | DP90: 0.25 | DQ90: 0.25 | DR90: 0.25 | DS90: 0.25 | DT90: 0.25 | DU90: 0.25 | DV90: 0.25 | DW90: 0.25 | DX90: 0.25 | DY90: 0.25 | DZ90: 0.25 | EA90: 0.25 | EB90: 0.25 | EC90: 0.25 | ED90: 0.25 | EE90: 0.25 | EF90: 0.25 | EG90: 0.25 | EH90: 0.25 | EI90: 0.25 | EJ90: 0.25 | EK90: 0.25 | EL90: 0.25 | EM90: 0.25 | EN90: 0.25 | EO90: 0.25 | EP90: 0.25 | EQ90: 0.25 | ER90: 0.25 | ES90: 0.25 | ET90: 0.25 | EU90: 0.25 | EV90: 0.25 | EW90: 0.25 | EX90: 0.25 | EY90: 0.25 | EZ90: 0.25 | FA90: 0.25 | FB90: 0.25 | FC90: 0.25 | FD90: 0.25 | FE90: 0.25 | FF90: 0.25 | FG90: 0.25 | FH90: 0.25 | FI90: 0.25 | FJ90: 0.25 | FK90: 0.25 | FL90: 0.25 | FM90: 0.25 | FN90: 0.25 | FO90: 0.25 | FP90: 0.25 | FQ90: 0.25 | FR90: 0.25 | FS90: 0.25 | FT90: 0.25 | FU90: 0.25 | FV90: 0.25 | FW90: 0.25 | FX90: 0.25 | FY90: 0.25 | FZ90: 0.25 | GA90: 0.25 | GB90: 0.25 | GC90: 0.25 | GD90: 0.25 | GE90: 0.25 | GF90: 0.25 | GG90: 0.25 | GH90: 0.25 | GI90: 0.25 | GJ90: 0.25 | GK90: 0.25 | GL90: 0.25 | GM90: 0.25 | GN90: 0.25 | GO90: 0.25 | GP90: 0.25 | GQ90: 0.25 | GR90: 0.25 | GS90: 0.25 | GT90: 0.25 | GU90: 0.25 | GV90: 0.25 | GW90: 0.25 | GX90: 0.25 | GY90: 0.25 | GZ90: 0.25 | HA90: 0.25 | HB90: 0.25 | HC90: 0.25 | HD90: 0.25 | HE90: 0.25 | HF90: 0.25 | HG90: 0.25 | HH90: 0.25 | HI90: 0.25 | HJ90: 0.25 | HK90: 0.25 | HL90: 0.25 | HM90: 0.25 | HN90: 0.25 | HO90: 0.25 | HP90: 0.25 | HQ90: 0.25 | HR90: 0.25 | HS90: 0.25 | HT90: 0.25 | HU90: 0.25 | HV90: 0.25 | HW90: 0.25 | HX90: 0.25 | HY90: 0.25 | HZ90: 0.25 | IA90: 0.25 | IB90: 0.25 | IC90: 0.25 | ID90: 0.25 | IE90: 0.25 | IF90: 0.25 | IG90: 0.25 | IH90: 0.25 | II90: 0.25 | IJ90: 0.25 | IK90: 0.25 | IL90: 0.25 | IM90: 0.25 | IN90: 0.25 | IO90: 0.25 | IP90: 0.25 | IQ90: 0.25 | IR90: 0.25 | IS90: 0.25 | IT90: 0.25 | IU90: 0.25 | IV90: 0.25 | IW90: 0.25 | IX90: 0.25 | IY90: 0.25 | IZ90: 0.25 | JA90: 0.25 | JB90: 0.25 | JC90: 0.25 | JD90: 0.25 | JE90: 0.25 | JF90: 0.25 | JG90: 0.25 | JH90: 0.25 | JI90: 0.25 | JJ90: 0.25 | JK90: 0.25 | JL90: 0.25 | JM90: 0.25 | JN90: 0.25 | JO90: 0.25 | JP90: 0.25 | JQ90: 0.25 | JR90: 0.25 | JS90: 0.25 | JT90: 0.25 | JU90: 0.25 | JV90: 0.25 | JW90: 0.25 | JX90: 0.25 | JY90: 0.25 | JZ90: 0.25 | KA90: 0.25 | KB90: 0.25 | KC90: 0.25 | KD90: 0.25 | KE90: 0.25 | KF90: 0.25 | KG90: 0.25 | KH90: 0.25 | KI90: 0.25 | KJ90: 0.25 | KK90: 0.25 | KL90: 0.25 | KM90: 0.25 | KN90: 0.25 | KO90: 0.25 | KP90: 0.25 | KQ90: 0.25 | KR90: 0.25 | KS90: 0.25 | KT90: 0.25 | KU90: 0.25 | KV90: 0.25 | KW90: 0.25 | KX90: 0.25 | KY90: 0.25 | KZ90: 0.25 | LA90: 0.25 | LB90: 0.25 | LC90: 0.25 | LD90: 0.25 | LE90: 0.25 | LF90: 0.25 | LG90: 0.25 | LH90: 0.25 | LI90: 0.25 | LJ90: 0.25 | LK90: 0.25 | LL90: 0.25 | LM90: 0.25 | LN90: 0.25 | LO90: 0.25 | LP90: 0.25 | LQ90: 0.25 | LR90: 0.25 | LS90: 0.25 | LT90: 0.25 | LU90: 0.25 | LV90: 0.25 | LW90: 0.25 | LX90: 0.25 | LY90: 0.25 | LZ90: 0.25 | MA90: 0.25 | MB90: 0.25 | MC90: 0.25 | MD90: 0.25 | ME90: 0.25 | MF90: 0.25 | MG90: 0.25 | MH90: 0.25 | MI90: 0.25 | MJ90: 0.25 | MK90: 0.25 | ML90: 0.25 | MM90: 0.25 | MN90: 0.25 | MO90: 0.25 | MP90: 0.25 | MQ90: 0.25 | MR90: 0.25 | MS90: 0.25 | MT90: 0.25 | MU90: 0.25 | MV90: 0.25 | MW90: 0.25 | MX90: 0.25 | MY90: 0.25 | MZ90: 0.25 | NA90: 0.25 | NB90: 0.25
B91: Resets | C91: =C5/Data!$B13/Data!$B3/Data!$B25*Data!$B24*Data!$B5 -> 0.075075075 | D91: =D5/Data!$B13/Data!$B3/Data!$B25*Data!$B24*Data!$B5 -> 0.21021021 | E91: =E5/Data!$B13/Data!$B3/Data!$B25*Data!$B24*Data!$B5 -> 0.21021021 | F91: =F5/Data!$B13/Data!$B3/Data!$B25*Data!$B24*Data!$B5 -> 0.24024024 | G91: =G5/Data!$B13/Data!$B3/Data!$B25*Data!$B24*Data!$B5 -> 0.21021021 | H91: =H5/Data!$B13/Data!$B3/Data!$B25*Data!$B24*Data!$B5 -> 0.09009009 | I91: =I5/Data!$B13/Data!$B3/Data!$B25*Data!$B24*Data!$B5 -> 0.15015015 | J91: =J5/Data!$B13/Data!$B3/Data!$B25*Data!$B24*Data!$B5 -> 0.45045045 | ... NB91: =NB5/Data!$B13/Data!$B3/Data!$B25*Data!$B24*Data!$B5 -> 0.15015015
B92: Training | C92: 0 | D92: 0 | E92: 0 | F92: 0 | G92: 0 | H92: 0 | I92: 0 | J92: 0 | K92: 0 | L92: 0 | M92: 0 | N92: 0 | O92: 0 | P92: 0 | Q92: 0 | R92: 0 | S92: 0 | T92: 0 | U92: 0 | V92: 0 | W92: 0 | X92: 0 | Y92: 0 | Z92: 0 | AA92: 0 | AB92: 0 | AC92: 0 | AD92: 0 | AE92: 0 | AF92: 0 | AG92: 0 | AH92: 0 | AI92: 0 | AJ92: 0 | AK92: 0 | AL92: 0 | AM92: 0 | AN92: 0 | AO92: 0 | AP92: 0 | AQ92: 0 | AR92: 0 | AS92: 0 | AT92: 0 | AU92: 0 | AV92: 0 | AW92: 0 | AX92: 0 | AY92: 0 | AZ92: 0 | BA92: 0 | BB92: 0 | BC92: 0 | BD92: 0 | BE92: 0 | BF92: 0 | BG92: 0 | BH92: 0 | BI92: 0 | BJ92: 0 | BK92: 0 | BL92: 0 | BM92: 0 | BN92: 0 | BO92: 0 | BP92: 0 | BQ92: 0 | BR92: 0 | BS92: 0 | BT92: 0 | BU92: 0 | BV92: 0 | BW92: 0 | BX92: 0 | BY92: 0 | BZ92: 0 | CA92: 0 | CB92: 0 | CC92: 0 | CD92: 0 | CE92: 0 | CF92: 0 | CG92: 0 | CH92: 0 | CI92: 0 | CJ92: 0 | CK92: 0 | CL92: 0 | CM92: 0 | CN92: 0 | CO92: 0 | CP92: 0 | CQ92: 0 | CR92: 0 | CS92: 0 | CT92: 0 | CU92: 0 | CV92: 0 | CW92: 0 | CX92: 0 | CY92: 0 | CZ92: 0 | DA92: 0 | DB92: 0 | DC92: 0 | DD92: 0 | DE92: 0 | DF92: 0 | DG92: 0 | DH92: 0 | DI92: 0 | DJ92: 0 | DK92: 0 | DL92: 0 | DM92: 0 | DN92: 0 | DO92: 0 | DP92: 0 | DQ92: 0 | DR92: 0 | DS92: 0 | DT92: 0 | DU92: 0 | DV92: 0 | DW92: 0 | DX92: 0 | DY92: 0 | DZ92: 0 | EA92: 0 | EB92: 0 | EC92: 0 | ED92: 0 | EE92: 0 | EF92: 0 | EG92: 0 | EH92: 0 | EI92: 0 | EJ92: 0 | EK92: 0 | EL92: 0 | EM92: 0 | EN92: 0 | EO92: 0 | EP92: 0 | EQ92: 0 | ER92: 0 | ES92: 0 | ET92: 0 | EU92: 0 | EV92: 0 | EW92: 0 | EX92: 0 | EY92: 0 | EZ92: 0 | FA92: 0 | FB92: 0 | FC92: 0 | FD92: 0 | FE92: 0 | FF92: 0 | FG92: 0 | FH92: 0 | FI92: 0 | FJ92: 0 | FK92: 0 | FL92: 0 | FM92: 0 | FN92: 0 | FO92: 0 | FP92: 0 | FQ92: 0 | FR92: 0 | FS92: 0 | FT92: 0 | FU92: 0 | FV92: 0 | FW92: 0 | FX92: 0 | FY92: 0 | FZ92: 0 | GA92: 0 | GB92: 0 | GC92: 0 | GD92: 0 | GE92: 0 | GF92: 0 | GG92: 0 | GH92: 0 | GI92: 0 | GJ92: 0 | GK92: 0 | GL92: 0 | GM92: 0 | GN92: 0 | GO92: 0 | GP92: 0 | GQ92: 0 | GR92: 0 | GS92: 0 | GT92: 0 | GU92: 0 | GV92: 0 | GW92: 0 | GX92: 0 | GY92: 0 | GZ92: 0 | HA92: 0 | HB92: 0 | HC92: 0 | HD92: 0 | HE92: 0 | HF92: 0 | HG92: 0 | HH92: 0 | HI92: 0 | HJ92: 0 | HK92: 0 | HL92: 0 | HM92: 0 | HN92: 0 | HO92: 0 | HP92: 0 | HQ92: 0 | HR92: 0 | HS92: 0 | HT92: 0 | HU92: 0 | HV92: 0 | HW92: 0 | HX92: 0 | HY92: 0 | HZ92: 0 | IA92: 0 | IB92: 0 | IC92: 0 | ID92: 0 | IE92: 0 | IF92: 0 | IG92: 0 | IH92: 0 | II92: 0 | IJ92: 0 | IK92: 0 | IL92: 0 | IM92: 0 | IN92: 0 | IO92: 0 | IP92: 4 | IQ92: 2 | IR92: 2 | IS92: 2 | IT92: 2 | IU92: 2 | IV92: 2 | IW92: 0 | IX92: 0 | IY92: 0 | IZ92: 0 | JA92: 0 | JB92: 0 | JC92: 0 | JD92: 0 | JE92: 0 | JF92: 0 | JG92: 0 | JH92: 0 | JI92: 0 | JJ92: 0 | JK92: 0 | JL92: 0 | JM92: 0 | JN92: 0 | JO92: 0 | JP92: 0 | JQ92: 0 | JR92: 0 | JS92: 0 | JT92: 0 | JU92: 0 | JV92: 0 | JW92: 0 | JX92: 0 | JY92: 0 | JZ92: 0 | KA92: 0 | KB92: 0 | KC92: 0 | KD92: 0 | KE92: 0 | KF92: 0 | KG92: 0 | KH92: 0 | KI92: 0 | KJ92: 0 | KK92: 0 | KL92: 0 | KM92: 0 | KN92: 0 | KO92: 0 | KP92: 2 | KQ92: 2 | KR92: 2 | KS92: 1 | KT92: 1 | KU92: 0 | KV92: 0 | KW92: 0 | KX92: 0 | KY92: 0 | KZ92: 0 | LA92: 0 | LB92: 0 | LC92: 0 | LD92: 0 | LE92: 0 | LF92: 0 | LG92: 0 | LH92: 0 | LI92: 0 | LJ92: 0 | LK92: 0 | LL92: 0 | LM92: 0 | LN92: 0 | LO92: 0 | LP92: 0 | LQ92: 0 | LR92: 0 | LS92: 0 | LT92: 0 | LU92: 0 | LV92: 0 | LW92: 0 | LX92: 0 | LY92: 0 | LZ92: 0 | MA92: 0 | MB92: 0 | MC92: 0 | MD92: 0 | ME92: 0 | MF92: 0 | MG92: 0 | MH92: 0 | MI92: 0 | MJ92: 0 | MK92: 0 | ML92: 0 | MM92: 0 | MN92: 0 | MO92: 0 | MP92: 0 | MQ92: 0 | MR92: 0 | MS92: 0 | MT92: 0 | MU92: 0 | MV92: 0 | MW92: 0 | MX92: 0 | MY92: 0 | MZ92: 0 | NA92: 0 | NB92: 0
B93: DTC Put-away | C93: 0.25 | D93: 0.25 | E93: 0.25 | F93: 0.25 | G93: 0.25 | H93: 0.25 | I93: 0.25 | J93: 0.25 | K93: 0.25 | L93: 0.25 | M93: 0.25 | N93: 0.25 | O93: 0.25 | P93: 0.25 | Q93: 0.25 | R93: 0.25 | S93: 0.25 | T93: 0.25 | U93: 0.25 | V93: 0.25 | W93: 0.25 | X93: 0.25 | Y93: 0.25 | Z93: 0.25 | AA93: 0.25 | AB93: 0.25 | AC93: 0.25 | AD93: 0.25 | AE93: 0.25 | AF93: 0.25 | AG93: 0.25 | AH93: 0.25 | AI93: 0.25 | AJ93: 0.25 | AK93: 0.25 | AL93: 0.25 | AM93: 0.25 | AN93: 0.25 | AO93: 0.25 | AP93: 0.25 | AQ93: 0.25 | AR93: 0.25 | AS93: 0.25 | AT93: 0.25 | AU93: 0.25 | AV93: 0.25 | AW93: 0.25 | AX93: 0.25 | AY93: 0.25 | AZ93: 0.25 | BA93: 0.25 | BB93: 0.25 | BC93: 0.25 | BD93: 0.25 | BE93: 0.25 | BF93: 0.25 | BG93: 0.25 | BH93: 0.25 | BI93: 0.25 | BJ93: 0.25 | BK93: 0.25 | BL93: 0.25 | BM93: 0.25 | BN93: 0.25 | BO93: 0.25 | BP93: 0.25 | BQ93: 0.25 | BR93: 0.25 | BS93: 0.25 | BT93: 0.25 | BU93: 0.25 | BV93: 0.25 | BW93: 0.25 | BX93: 0.25 | BY93: 0.25 | BZ93: 0.25 | CA93: 0.25 | CB93: 0.25 | CC93: 0.25 | CD93: 0.25 | CE93: 0.25 | CF93: 0.25 | CG93: 0.25 | CH93: 0.25 | CI93: 0.25 | CJ93: 0.25 | CK93: 0.25 | CL93: 0.25 | CM93: 0.25 | CN93: 0.25 | CO93: 0.25 | CP93: 0.25 | CQ93: 0.25 | CR93: 0.25 | CS93: 0.25 | CT93: 0.25 | CU93: 0.25 | CV93: 0.25 | CW93: 0.25 | CX93: 0.25 | CY93: 0.25 | CZ93: 0.25 | DA93: 0.25 | DB93: 0.25 | DC93: 0.25 | DD93: 0.25 | DE93: 0.25 | DF93: 0.25 | DG93: 0.25 | DH93: 0.25 | DI93: 0.25 | DJ93: 0.25 | DK93: 0.25 | DL93: 0.25 | DM93: 0.25 | DN93: 0.25 | DO93: 0.25 | DP93: 0.25 | DQ93: 0.25 | DR93: 0.25 | DS93: 0.25 | DT93: 0.25 | DU93: 0.25 | DV93: 0.25 | DW93: 0.25 | DX93: 0.25 | DY93: 0.25 | DZ93: 0.25 | EA93: 0.25 | EB93: 0.25 | EC93: 0.25 | ED93: 0.25 | EE93: 0.25 | EF93: 0.25 | EG93: 0.25 | EH93: 0.25 | EI93: 0.25 | EJ93: 0.25 | EK93: 0.25 | EL93: 0.25 | EM93: 0.25 | EN93: 0.25 | EO93: 0.25 | EP93: 0.25 | EQ93: 0.25 | ER93: 0.25 | ES93: 0.25 | ET93: 0.25 | EU93: 0.25 | EV93: 0.25 | EW93: 0.25 | EX93: 0.25 | EY93: 0.25 | EZ93: 0.25 | FA93: 0.25 | FB93: 0.25 | FC93: 0.25 | FD93: 0.25 | FE93: 0.25 | FF93: 0.25 | FG93: 0.25 | FH93: 0.25 | FI93: 0.25 | FJ93: 0.25 | FK93: 0.25 | FL93: 0.25 | FM93: 0.25 | FN93: 0.25 | FO93: 0.25 | FP93: 0.25 | FQ93: 0.25 | FR93: 0.25 | FS93: 0.25 | FT93: 0.25 | FU93: 0.25 | FV93: 0.25 | FW93: 0.25 | FX93: 0.25 | FY93: 0.25 | FZ93: 0.25 | GA93: 0.25 | GB93: 0.25 | GC93: 0.25 | GD93: 0.25 | GE93: 0.25 | GF93: 0.25 | GG93: 0.25 | GH93: 0.25 | GI93: 0.25 | GJ93: 0.25 | GK93: 0.25 | GL93: 0.25 | GM93: 0.25 | GN93: 0.25 | GO93: 0.25 | GP93: 0.25 | GQ93: 0.25 | GR93: 0.25 | GS93: 0.25 | GT93: 0.25 | GU93: 0.25 | GV93: 0.25 | GW93: 0.25 | GX93: 0.25 | GY93: 0.25 | GZ93: 0.25 | HA93: 0.25 | HB93: 0.25 | HC93: 0.25 | HD93: 0.25 | HE93: 0.25 | HF93: 0.25 | HG93: 0.25 | HH93: 0.25 | HI93: 0.25 | HJ93: 0.25 | HK93: 0.25 | HL93: 0.25 | HM93: 0.25 | HN93: 0.25 | HO93: 0.25 | HP93: 0.25 | HQ93: 0.25 | HR93: 0.25 | HS93: 0.25 | HT93: 0.25 | HU93: 0.25 | HV93: 0.25 | HW93: 0.25 | HX93: 0.25 | HY93: 0.25 | HZ93: 0.25 | IA93: 0.25 | IB93: 0.25 | IC93: 0.25 | ID93: 0.25 | IE93: 0.25 | IF93: 0.25 | IG93: 0.25 | IH93: 0.25 | II93: 0.25 | IJ93: 0.25 | IK93: 0.25 | IL93: 0.25 | IM93: 0.25 | IN93: 0.25 | IO93: 0.25 | IP93: 0.25 | IQ93: 0.25 | IR93: 0.25 | IS93: 0.25 | IT93: 0.25 | IU93: 0.25 | IV93: 0.25 | IW93: 0.25 | IX93: 0.25 | IY93: 0.25 | IZ93: 0.25 | JA93: 0.25 | JB93: 0.25 | JC93: 0.25 | JD93: 0.25 | JE93: 0.25 | JF93: 0.25 | JG93: 0.25 | JH93: 0.25 | JI93: 0.25 | JJ93: 0.25 | JK93: 0.25 | JL93: 0.25 | JM93: 0.25 | JN93: 0.25 | JO93: 0.25 | JP93: 0.25 | JQ93: 0.25 | JR93: 0.25 | JS93: 0.25 | JT93: 0.25 | JU93: 0.25 | JV93: 0.25 | JW93: 0.25 | JX93: 1 | JY93: 1 | JZ93: 1 | KA93: 1 | KB93: 1 | KC93: 1 | KD93: 1 | KE93: 1 | KF93: 1 | KG93: 1 | KH93: 1 | KI93: 1 | KJ93: 1 | KK93: 1 | KL93: 1 | KM93: 1 | KN93: 1 | KO93: 1 | KP93: 2 | KQ93: 2 | KR93: 2 | KS93: 2 | KT93: 2 | KU93: 2 | KV93: 2 | KW93: 2 | KX93: 2 | KY93: 2 | KZ93: 2 | LA93: 2 | LB93: 2 | LC93: 2 | LD93: 0.25 | LE93: 0.25 | LF93: 0.25 | LG93: 0.25 | LH93: 0.25 | LI93: 0.25 | LJ93: 0.25 | LK93: 0.25 | LL93: 0.25 | LM93: 0.25 | LN93: 0.25 | LO93: 0.25 | LP93: 0.25 | LQ93: 0.25 | LR93: 0.25 | LS93: 0.25 | LT93: 0.25 | LU93: 0.25 | LV93: 0.25 | LW93: 0.25 | LX93: 0.25 | LY93: 0.25 | LZ93: 0.25 | MA93: 0.25 | MB93: 0.25 | MC93: 0.25 | MD93: 0.25 | ME93: 0.25 | MF93: 0.25 | MG93: 0.25 | MH93: 0.25 | MI93: 0.25 | MJ93: 0.25 | MK93: 0.25 | ML93: 0.25 | MM93: 0.25 | MN93: 0.25 | MO93: 0.25 | MP93: 0.25 | MQ93: 0.25 | MR93: 0.25 | MS93: 0.25 | MT93: 0.25 | MU93: 0.25 | MV93: 0.25 | MW93: 0.25 | MX93: 0.25 | MY93: 0.25 | MZ93: 0.25 | NA93: 0.25 | NB93: 0.25
B94: Project Work | C94: 0 | D94: 0 | E94: 0 | F94: 0 | G94: 0 | H94: 0 | I94: 0 | J94: 0 | K94: 0 | L94: 0 | M94: 0 | N94: 0 | O94: 0 | P94: 0 | Q94: 0 | R94: 0 | S94: 0 | T94: 0 | U94: 0 | V94: 0 | W94: 0 | X94: 0 | Y94: 0 | Z94: 0 | AA94: 0 | AB94: 0 | AC94: 0 | AD94: 0 | AE94: 0 | AF94: 0 | AG94: 0 | AH94: 0 | AI94: 0 | AJ94: 0 | AK94: 0 | AL94: 0 | AM94: 0 | AN94: 0 | AO94: 0 | AP94: 0 | AQ94: 0 | AR94: 0 | AS94: 0 | AT94: 0 | AU94: 0 | AV94: 0 | AW94: 0 | AX94: 0 | AY94: 0 | AZ94: 0 | BA94: 0 | BB94: 0 | BC94: 0 | BD94: 0 | BE94: 0 | BF94: 0 | BG94: 0 | BH94: 0 | BI94: 0 | BJ94: 0 | BK94: 0 | BL94: 0 | BM94: 0 | BN94: 0 | BO94: 0 | BP94: 0 | BQ94: 0 | BR94: 0 | BS94: 0 | BT94: 0 | BU94: 0 | BV94: 0 | BW94: 0 | BX94: 0 | BY94: 0 | BZ94: 0 | CA94: 0 | CB94: 0 | CC94: 0 | CD94: 0 | CE94: 0 | CF94: 0 | CG94: 0 | CH94: 0 | CI94: 0 | CJ94: 0 | CK94: 0 | CL94: 0 | CM94: 0 | CN94: 0 | CO94: 0 | CP94: 0 | CQ94: 0 | CR94: 0 | CS94: 0 | CT94: 0 | CU94: 0 | CV94: 0 | CW94: 0 | CX94: 0 | CY94: 0 | CZ94: 0 | DA94: 0 | DB94: 0 | DC94: 0 | DD94: 0 | DE94: 0 | DF94: 0 | DG94: 0 | DH94: 0 | DI94: 0 | DJ94: 0 | DK94: 0 | DL94: 0 | DM94: 0 | DN94: 0 | DO94: 0 | DP94: 0 | DQ94: 0 | DR94: 0 | DS94: 0 | DT94: 0 | DU94: 0 | DV94: 0 | DW94: 0 | DX94: 0 | DY94: 0 | DZ94: 0 | EA94: 0 | EB94: 0 | EC94: 0 | ED94: 0 | EE94: 0 | EF94: 0 | EG94: 0 | EH94: 0 | EI94: 0 | EJ94: 0 | EK94: 0 | EL94: 0 | EM94: 0 | EN94: 0 | EO94: 0 | EP94: 0 | EQ94: 0 | ER94: 0 | ES94: 0 | ET94: 0 | EU94: 0 | EV94: 0 | EW94: 0 | EX94: 0 | EY94: 0 | EZ94: 0 | FA94: 0 | FB94: 0 | FC94: 0 | FD94: 0 | FE94: 0 | FF94: 0 | FG94: 0 | FH94: 0 | FI94: 0 | FJ94: 0 | FK94: 0 | FL94: 0 | FM94: 0 | FN94: 0 | FO94: 0 | FP94: 0 | FQ94: 0 | FR94: 0 | FS94: 0 | FT94: 0 | FU94: 0 | FV94: 0 | FW94: 0 | FX94: 0 | FY94: 0 | FZ94: 0 | GA94: 0 | GB94: 0 | GC94: 0 | GD94: 0 | GE94: 0 | GF94: 0 | GG94: 0 | GH94: 0 | GI94: 0 | GJ94: 0 | GK94: 0 | GL94: 0 | GM94: 0 | GN94: 0 | GO94: 0 | GP94: 0 | GQ94: 0 | GR94: 0 | GS94: 0 | GT94: 0 | GU94: 0 | GV94: 0 | GW94: 0 | GX94: 0 | GY94: 0 | GZ94: 0 | HA94: 0 | HB94: 0 | HC94: 0 | HD94: 0 | HE94: 0 | HF94: 0 | HG94: 0 | HH94: 0 | HI94: 0 | HJ94: 0 | HK94: 0 | HL94: 0 | HM94: 0 | HN94: 0 | HO94: 0 | HP94: 0 | HQ94: 0 | HR94: 0 | HS94: 0 | HT94: 0 | HU94: 0 | HV94: 0 | HW94: 0 | HX94: 0 | HY94: 0 | HZ94: 0 | IA94: 0 | IB94: 0 | IC94: 0 | ID94: 0 | IE94: 0 | IF94: 0 | IG94: 0 | IH94: 0 | II94: 0 | IJ94: 0 | IK94: 0 | IL94: 0 | IM94: 0 | IN94: 0 | IO94: 0 | IP94: 3 | IQ94: 10 | IR94: 10 | IS94: 10 | IT94: 5 | IU94: 8 | IV94: 10 | IW94: 10 | IX94: 10 | IY94: 8 | IZ94: 8 | JA94: 5 | JB94: 8 | JC94: 8 | JD94: 8 | JE94: 8 | JF94: 8 | JG94: 8 | JH94: 5 | JI94: 8 | JJ94: 8 | JK94: 8 | JL94: 8 | JM94: 0 | JN94: 0 | JO94: 0 | JP94: 0 | JQ94: 0 | JR94: 0 | JS94: 0 | JT94: 0 | JU94: 0 | JV94: 0 | JW94: 0 | JX94: 1 | JY94: 1 | JZ94: 1 | KA94: 1 | KB94: 1 | KC94: 1 | KD94: 1 | KE94: 1 | KF94: 1 | KG94: 1 | KH94: 1 | KI94: 1 | KJ94: 1 | KK94: 1 | KL94: 1 | KM94: 1 | KN94: 1 | KO94: 1 | KP94: 1 | KQ94: 1 | KR94: 1 | KS94: 1 | KT94: 1 | KU94: 1 | KV94: 1 | KW94: 1 | KX94: 0 | KY94: 0 | KZ94: 0 | LA94: 0 | LB94: 0 | LC94: 0 | LD94: 0 | LE94: 0 | LF94: 0 | LG94: 0 | LH94: 0 | LI94: 0 | LJ94: 0 | LK94: 0 | LL94: 0 | LM94: 0 | LN94: 0 | LO94: 0 | LP94: 0 | LQ94: 0 | LR94: 0 | LS94: 0 | LT94: 0 | LU94: 0 | LV94: 0 | LW94: 0 | LX94: 0 | LY94: 0 | LZ94: 0 | MA94: 0 | MB94: 0 | MC94: 0 | MD94: 0 | ME94: 0 | MF94: 0 | MG94: 0 | MH94: 0 | MI94: 0 | MJ94: 0 | MK94: 0 | ML94: 0 | MM94: 0 | MN94: 0 | MO94: 0 | MP94: 0 | MQ94: 0 | MR94: 0 | MS94: 0 | MT94: 0 | MU94: 0 | MV94: 0 | MW94: 0 | MX94: 0 | MY94: 0 | MZ94: 0 | NA94: 0 | NB94: 0
B95: TOTAL | C95: =SUM(C86:C94) -> 1.5750751 | D95: =SUM(D86:D94) -> 1.7102102 | E95: =SUM(E86:E94) -> 1.7102102 | F95: =SUM(F86:F94) -> 1.7402402 | G95: =SUM(G86:G94) -> 1.7102102 | H95: =SUM(H86:H94) -> 1.5900901 | I95: =SUM(I86:I94) -> 1.6501502 | J95: =SUM(J86:J94) -> 1.9504505 | ... NB95: =SUM(NB86:NB94) -> 1.6501502
B98: 2nd Shift | C98: =SUM(C111,C124,C130,C142,C147) -> 9.3999623 | D98: =SUM(D111,D124,D130,D142,D147) -> 12.032657 | E98: =SUM(E111,E124,E130,E142,E147) -> 12.129453 | F98: =SUM(F111,F124,F130,F142,F147) -> 12.796118 | G98: =SUM(G111,G124,G130,G142,G147) -> 12.129815 | H98: =SUM(H111,H124,H130,H142,H147) -> 7.2885909 | I98: =SUM(I111,I124,I130,I142,I147) -> 7.5623686 | J98: =SUM(J111,J124,J130,J142,J147) -> 21.412878 | ... NB98: =SUM(NB111,NB124,NB130,NB142,NB147) -> 10.568189
B99: DTC Goal | C99: =C5*(SUMIF(Data!$G:$G,'Deployment needs'!C1,Data!$H:$H)) -> 1250 | D99: =D5*(SUMIF(Data!$G:$G,'Deployment needs'!D1,Data!$H:$H)) -> 2520 | E99: =E5*(SUMIF(Data!$G:$G,'Deployment needs'!E1,Data!$H:$H)) -> 2520 | F99: =F5*(SUMIF(Data!$G:$G,'Deployment needs'!F1,Data!$H:$H)) -> 2880 | G99: =G5*(SUMIF(Data!$G:$G,'Deployment needs'!G1,Data!$H:$H)) -> 2520 | H99: =H5*(SUMIF(Data!$G:$G,'Deployment needs'!H1,Data!$H:$H)) -> 0 | I99: =I5*(SUMIF(Data!$G:$G,'Deployment needs'!I1,Data!$H:$H)) -> 0 | J99: =J5*(SUMIF(Data!$G:$G,'Deployment needs'!J1,Data!$H:$H)) -> 7500 | ... NB99: =NB5*(SUMIF(Data!$G:$G,'Deployment needs'!NB1,Data!$H:$H)) -> 0
B100: Pick- Regular | C100: =C99/Data!$B4/Data!$B10*Data!$B14 -> 1.0281385 | D100: =D99/Data!$B4/Data!$B10*Data!$B14 -> 2.0727273 | E100: =E99/Data!$B4/Data!$B10*Data!$B14 -> 2.0727273 | F100: =F99/Data!$B4/Data!$B10*Data!$B14 -> 2.3688312 | G100: =G99/Data!$B4/Data!$B10*Data!$B14 -> 2.0727273 | H100: =H99/Data!$B4/Data!$B10*Data!$B14 -> 0 | I100: =I99/Data!$B4/Data!$B10*Data!$B14 -> 0 | J100: =J99/Data!$B4/Data!$B10*Data!$B14 -> 6.1688312 | ... IL100: =IL99/Data!$B4/Data!$B10*Data!$B14 -> 0 | IM100: 0 | IN100: =IN99/Data!$B4/Data!$B10*Data!$B14 -> 6.991342 | IO100: =IO99/Data!$B4/Data!$B10*Data!$B14 -> 5.0337662 | IP100: =IP99/Data!$B4/Data!$B10*Data!$B14 -> 7.4025974 | IQ100: =IQ99/Data!$B4/Data!$B10*Data!$B14 -> 8.8831169 | IR100: =IR99/Data!$B4/Data!$B10*Data!$B14 -> 8.8831169 | IS100: =IS99/Data!$B4/Data!$B10*Data!$B14 -> 0 | IT100: =IT99/Data!$B4/Data!$B10*Data!$B14 -> 0 | IU100: =IU99/Data!$B4/Data!$B10*Data!$B14 -> 15.627706 | ... KI100: =KI99/Data!$B4/Data!$B10*Data!$B14 -> 0 | KJ100: 0 | KK100: =KK99/Data!$B4/Data!$B10*Data!$B14 -> 30.844156 | KL100: =KL99/Data!$B4/Data!$B10*Data!$B14 -> 19.246753 | KM100: =KM99/Data!$B4/Data!$B10*Data!$B14 -> 16.285714 | KN100: =KN99/Data!$B4/Data!$B10*Data!$B14 -> 13.916883 | KO100: =KO99/Data!$B4/Data!$B10*Data!$B14 -> 13.324675 | KP100: =KP99/Data!$B4/Data!$B10*Data!$B14 -> 0 | KQ100: =KQ99/Data!$B4/Data!$B10*Data!$B14 -> 0 | KR100: =KR99/Data!$B4/Data!$B10*Data!$B14 -> 32.900433 | ... NB100: =NB99/Data!$B4/Data!$B10*Data!$B14 -> 0
B101: Pick- Singles | C101: =C99/Data!$B4/Data!$B11*Data!$B15 -> 0.044642857 | D101: =D99/Data!$B4/Data!$B11*Data!$B15 -> 0.09 | E101: =E99/Data!$B4/Data!$B11*Data!$B15 -> 0.09 | F101: =F99/Data!$B4/Data!$B11*Data!$B15 -> 0.10285714 | G101: =G99/Data!$B4/Data!$B11*Data!$B15 -> 0.09 | H101: =H99/Data!$B4/Data!$B11*Data!$B15 -> 0 | I101: =I99/Data!$B4/Data!$B11*Data!$B15 -> 0 | J101: =J99/Data!$B4/Data!$B11*Data!$B15 -> 0.26785714 | ... IL101: =IL99/Data!$B4/Data!$B11*Data!$B15 -> 0 | IM101: 0 | IN101: =IN99/Data!$B4/Data!$B11*Data!$B15 -> 0.30357143 | IO101: =IO99/Data!$B4/Data!$B11*Data!$B15 -> 0.21857143 | IP101: =IP99/Data!$B4/Data!$B11*Data!$B15 -> 0.32142857 | IQ101: =IQ99/Data!$B4/Data!$B11*Data!$B15 -> 0.38571429 | IR101: =IR99/Data!$B4/Data!$B11*Data!$B15 -> 0.38571429 | IS101: =IS99/Data!$B4/Data!$B11*Data!$B15 -> 0 | IT101: =IT99/Data!$B4/Data!$B11*Data!$B15 -> 0 | IU101: =IU99/Data!$B4/Data!$B11*Data!$B15 -> 0.67857143 | ... KI101: =KI99/Data!$B4/Data!$B11*Data!$B15 -> 0 | KJ101: 0 | KK101: =KK99/Data!$B4/Data!$B11*Data!$B15 -> 1.3392857 | KL101: =KL99/Data!$B4/Data!$B11*Data!$B15 -> 0.83571429 | KM101: =KM99/Data!$B4/Data!$B11*Data!$B15 -> 0.70714286 | KN101: =KN99/Data!$B4/Data!$B11*Data!$B15 -> 0.60428571 | KO101: =KO99/Data!$B4/Data!$B11*Data!$B15 -> 0.57857143 | KP101: =KP99/Data!$B4/Data!$B11*Data!$B15 -> 0 | KQ101: =KQ99/Data!$B4/Data!$B11*Data!$B15 -> 0 | KR101: =KR99/Data!$B4/Data!$B11*Data!$B15 -> 1.4285714 | ... NB101: =NB99/Data!$B4/Data!$B11*Data!$B15 -> 0
B102: Ship- Bulk | C102: =C99/Data!$B16/Data!$B13/Data!$B4*Data!$B14 -> 0.19934531 | D102: =D99/Data!$B16/Data!$B13/Data!$B4*Data!$B14 -> 0.40188014 | E102: =E99/Data!$B16/Data!$B13/Data!$B4*Data!$B14 -> 0.40188014 | F102: =F99/Data!$B16/Data!$B13/Data!$B4*Data!$B14 -> 0.45929159 | G102: =G99/Data!$B16/Data!$B13/Data!$B4*Data!$B14 -> 0.40188014 | H102: =H99/Data!$B16/Data!$B13/Data!$B4*Data!$B14 -> 0 | I102: =I99/Data!$B16/Data!$B13/Data!$B4*Data!$B14 -> 0 | J102: =J99/Data!$B16/Data!$B13/Data!$B4*Data!$B14 -> 1.1960718 | ... IL102: =IL99/Data!$B16/Data!$B13/Data!$B4*Data!$B14 -> 0 | IM102: 0 | IN102: =IN99/Data!$B16/Data!$B13/Data!$B4*Data!$B14 -> 1.3555481 | IO102: =IO99/Data!$B16/Data!$B13/Data!$B4*Data!$B14 -> 0.97599463 | IP102: =IP99/Data!$B16/Data!$B13/Data!$B4*Data!$B14 -> 1.4352862 | IQ102: =IQ99/Data!$B16/Data!$B13/Data!$B4*Data!$B14 -> 1.7223435 | IR102: =IR99/Data!$B16/Data!$B13/Data!$B4*Data!$B14 -> 1.7223435 | IS102: =IS99/Data!$B16/Data!$B13/Data!$B4*Data!$B14 -> 0 | IT102: =IT99/Data!$B16/Data!$B13/Data!$B4*Data!$B14 -> 0 | IU102: =IU99/Data!$B16/Data!$B13/Data!$B4*Data!$B14 -> 3.0300487 | ... NB102: =NB99/Data!$B16/Data!$B13/Data!$B4*Data!$B14 -> 0
B103: Ship- Singles | C103: =C99/Data!$B4/Data!$B17*Data!$B15 -> 0.074404762 | D103: =D99/Data!$B4/Data!$B17*Data!$B15 -> 0.15 | E103: =E99/Data!$B4/Data!$B17*Data!$B15 -> 0.15 | F103: =F99/Data!$B4/Data!$B17*Data!$B15 -> 0.17142857 | G103: =G99/Data!$B4/Data!$B17*Data!$B15 -> 0.15 | H103: =H99/Data!$B4/Data!$B17*Data!$B15 -> 0 | I103: =I99/Data!$B4/Data!$B17*Data!$B15 -> 0 | J103: =J99/Data!$B4/Data!$B17*Data!$B15 -> 0.44642857 | ... IL103: =IL99/Data!$B4/Data!$B17*Data!$B15 -> 0 | IM103: 0 | IN103: =IN99/Data!$B4/Data!$B17*Data!$B15 -> 0.50595238 | IO103: =IO99/Data!$B4/Data!$B17*Data!$B15 -> 0.36428571 | IP103: =IP99/Data!$B4/Data!$B17*Data!$B15 -> 0.53571429 | IQ103: =IQ99/Data!$B4/Data!$B17*Data!$B15 -> 0.64285714 | IR103: =IR99/Data!$B4/Data!$B17*Data!$B15 -> 0.64285714 | IS103: =IS99/Data!$B4/Data!$B17*Data!$B15 -> 0 | IT103: =IT99/Data!$B4/Data!$B17*Data!$B15 -> 0 | IU103: =IU99/Data!$B4/Data!$B17*Data!$B15 -> 1.1309524 | ... NB103: =NB99/Data!$B4/Data!$B17*Data!$B15 -> 0
B104: Cartbuilding | C104: =C100/Data!$B18 -> 0.12851732 | D104: =D100/Data!$B18 -> 0.25909091 | E104: =E100/Data!$B18 -> 0.25909091 | F104: =F100/Data!$B18 -> 0.2961039 | G104: =G100/Data!$B18 -> 0.25909091 | H104: =H100/Data!$B18 -> 0 | I104: =I100/Data!$B18 -> 0 | J104: =J100/Data!$B18 -> 0.7711039 | ... IL104: =IL100/Data!$B18 -> 0 | IM104: 0 | IN104: =IN100/Data!$B18 -> 0.87391775 | IO104: =IO100/Data!$B18 -> 0.62922078 | IP104: =IP100/Data!$B18 -> 0.92532468 | IQ104: =IQ100/Data!$B18 -> 1.1103896 | IR104: =IR100/Data!$B18 -> 1.1103896 | IS104: =IS100/Data!$B18 -> 0 | IT104: =IT100/Data!$B18 -> 0 | IU104: =IU100/Data!$B18 -> 1.9534632 | ... NB104: =NB100/Data!$B18 -> 0
B105: Taper/Case Erector | C105: =C102*Data!$B19 -> 0.19934531 | D105: =D102*Data!$B19 -> 0.40188014 | E105: =E102*Data!$B19 -> 0.40188014 | F105: =F102*Data!$B19 -> 0.45929159 | G105: =G102*Data!$B19 -> 0.40188014 | H105: =H102*Data!$B19 -> 0 | I105: =I102*Data!$B19 -> 0 | J105: =J102*Data!$B19 -> 1.1960718 | ... IL105: =IL102*Data!$B19 -> 0 | IM105: 0 | IN105: =IN102*Data!$B19 -> 1.3555481 | IO105: =IO102*Data!$B19 -> 0.97599463 | IP105: =IP102*Data!$B19 -> 1.4352862 | IQ105: =IQ102*Data!$B19 -> 1.7223435 | IR105: =IR102*Data!$B19 -> 1.7223435 | IS105: =IS102*Data!$B19 -> 0 | IT105: =IT102*Data!$B19 -> 0 | IU105: =IU102*Data!$B19 -> 3.0300487 | ... NB105: =NB102*Data!$B19 -> 0
B106: Truck Loader | C106: =C102*Data!$B20 -> 0.19934531 | D106: =D102*Data!$B20 -> 0.40188014 | E106: =E102*Data!$B20 -> 0.40188014 | F106: =F102*Data!$B20 -> 0.45929159 | G106: =G102*Data!$B20 -> 0.40188014 | H106: =H102*Data!$B20 -> 0 | I106: =I102*Data!$B20 -> 0 | J106: =J102*Data!$B20 -> 1.1960718 | ... IL106: =IL102*Data!$B20 -> 0 | IM106: 0 | IN106: =IN102*Data!$B20 -> 1.3555481 | IO106: =IO102*Data!$B20 -> 0.97599463 | IP106: =IP102*Data!$B20 -> 1.4352862 | IQ106: =IQ102*Data!$B20 -> 1.7223435 | IR106: =IR102*Data!$B20 -> 1.7223435 | IS106: =IS102*Data!$B20 -> 0 | IT106: =IT102*Data!$B20 -> 0 | IU106: =IU102*Data!$B20 -> 3.0300487 | ... NB106: =NB102*Data!$B20 -> 0
B107: Gift Cards | C107: =C99/Data!$B4*Data!$B21/Data!$B26 -> 0.014880952 | D107: =D99/Data!$B4*Data!$B21/Data!$B26 -> 0.03 | E107: =E99/Data!$B4*Data!$B21/Data!$B26 -> 0.03 | F107: =F99/Data!$B4*Data!$B21/Data!$B26 -> 0.034285714 | G107: =G99/Data!$B4*Data!$B21/Data!$B26 -> 0.03 | H107: =H99/Data!$B4*Data!$B21/Data!$B26 -> 0 | I107: =I99/Data!$B4*Data!$B21/Data!$B26 -> 0 | J107: =J99/Data!$B4*Data!$B21/Data!$B26 -> 0.089285714 | ... IL107: =IL99/Data!$B4*Data!$B21/Data!$B26 -> 0 | IM107: 0 | IN107: =IN99/Data!$B4*Data!$B21/Data!$B26 -> 0.10119048 | IO107: =IO99/Data!$B4*Data!$B21/Data!$B26 -> 0.072857143 | IP107: =IP99/Data!$B4*Data!$B21/Data!$B26 -> 0.10714286 | IQ107: =IQ99/Data!$B4*Data!$B21/Data!$B26 -> 0.12857143 | IR107: =IR99/Data!$B4*Data!$B21/Data!$B26 -> 0.12857143 | IS107: =IS99/Data!$B4*Data!$B21/Data!$B26 -> 0 | IT107: =IT99/Data!$B4*Data!$B21/Data!$B26 -> 0 | IU107: =IU99/Data!$B4*Data!$B21/Data!$B26 -> 0.22619048 | ... NB107: =NB99/Data!$B4*Data!$B21/Data!$B26 -> 0
B108: Repack | C108: 0.3 | D108: 0.3 | E108: 0.3 | F108: 0.3 | G108: 0.3 | H108: 0.3 | I108: 0.3 | J108: 0.3 | K108: 0.3 | L108: 0.3 | M108: 0.3 | N108: 0.3 | O108: 0.3 | P108: 0.3 | Q108: 0.3 | R108: 0.3 | S108: 0.3 | T108: 0.3 | U108: 0.3 | V108: 0.3 | W108: 0.3 | X108: 0.3 | Y108: 0.3 | Z108: 0.3 | AA108: 0.3 | AB108: 0.3 | AC108: 0.3 | AD108: 0.3 | AE108: 0.3 | AF108: 0.3 | AG108: 0.3 | AH108: 0.3 | AI108: 0.3 | AJ108: 0.3 | AK108: 0.3 | AL108: 0.3 | AM108: 0.3 | AN108: 0.3 | AO108: 0.3 | AP108: 0.3 | AQ108: 0.3 | AR108: 0.3 | AS108: 0.3 | AT108: 0.3 | AU108: 0.3 | AV108: 0.3 | AW108: 0.3 | AX108: 0.3 | AY108: 0.3 | AZ108: 0.3 | BA108: 0.3 | BB108: 0.3 | BC108: 0.3 | BD108: 0.3 | BE108: 0.3 | BF108: 0.3 | BG108: 0.3 | BH108: 0.3 | BI108: 0.3 | BJ108: 0.3 | BK108: 0.3 | BL108: 0.3 | BM108: 0.3 | BN108: 0.3 | BO108: 0.3 | BP108: 0.3 | BQ108: 0.3 | BR108: 0.3 | BS108: 0.3 | BT108: 0.3 | BU108: 0.3 | BV108: 0.3 | BW108: 0.3 | BX108: 0.3 | BY108: 0.3 | BZ108: 0.3 | CA108: 0.3 | CB108: 0.3 | CC108: 0.3 | CD108: 0.3 | CE108: 0.3 | CF108: 0.3 | CG108: 0.3 | CH108: 0.3 | CI108: 0.3 | CJ108: 0.3 | CK108: 0.3 | CL108: 0.3 | CM108: 0.3 | CN108: 0.3 | CO108: 0.3 | CP108: 0.3 | CQ108: 0.3 | CR108: 0.3 | CS108: 0.3 | CT108: 0.3 | CU108: 0.3 | CV108: 0.3 | CW108: 0.3 | CX108: 0.3 | CY108: 0.3 | CZ108: 0.3 | DA108: 0.3 | DB108: 0.3 | DC108: 0.3 | DD108: 0.3 | DE108: 0.3 | DF108: 0.3 | DG108: 0.3 | DH108: 0.3 | DI108: 0.3 | DJ108: 0.3 | DK108: 0.3 | DL108: 0.3 | DM108: 0.3 | DN108: 0.3 | DO108: 0.3 | DP108: 0.3 | DQ108: 0.3 | DR108: 0.3 | DS108: 0.3 | DT108: 0.3 | DU108: 0.3 | DV108: 0.3 | DW108: 0.3 | DX108: 0.3 | DY108: 0.3 | DZ108: 0.3 | EA108: 0.3 | EB108: 0.3 | EC108: 0.3 | ED108: 0.3 | EE108: 0.3 | EF108: 0.3 | EG108: 0.3 | EH108: 0.3 | EI108: 0.3 | EJ108: 0.3 | EK108: 0.3 | EL108: 0.3 | EM108: 0.3 | EN108: 0.3 | EO108: 0.3 | EP108: 0.3 | EQ108: 0.3 | ER108: 0.3 | ES108: 0.3 | ET108: 0.3 | EU108: 0.3 | EV108: 0.3 | EW108: 0.3 | EX108: 0.3 | EY108: 0.3 | EZ108: 0.3 | FA108: 0.3 | FB108: 0.3 | FC108: 0.3 | FD108: 0.3 | FE108: 0.3 | FF108: 0.3 | FG108: 0.3 | FH108: 0.3 | FI108: 0.3 | FJ108: 0.3 | FK108: 0.3 | FL108: 0.3 | FM108: 0.3 | FN108: 0.3 | FO108: 0.3 | FP108: 0.3 | FQ108: 0.3 | FR108: 0.3 | FS108: 0.3 | FT108: 0.3 | FU108: 0.3 | FV108: 0.3 | FW108: 0.3 | FX108: 0.3 | FY108: 0.3 | FZ108: 0.3 | GA108: 0.3 | GB108: 0.3 | GC108: 0.3 | GD108: 0.3 | GE108: 0.3 | GF108: 0.3 | GG108: 0.3 | GH108: 0.3 | GI108: 0.3 | GJ108: 0.3 | GK108: 0.3 | GL108: 0.3 | GM108: 0.3 | GN108: 0.3 | GO108: 0.3 | GP108: 0.3 | GQ108: 0.3 | GR108: 0.3 | GS108: 0.3 | GT108: 0.3 | GU108: 0.3 | GV108: 0.3 | GW108: 0.3 | GX108: 0.3 | GY108: 0.3 | GZ108: 0.3 | HA108: 0.3 | HB108: 0.3 | HC108: 0.3 | HD108: 0.3 | HE108: 0.3 | HF108: 0.3 | HG108: 0.3 | HH108: 0.3 | HI108: 0.3 | HJ108: 0.3 | HK108: 0.3 | HL108: 0.3 | HM108: 0.3 | HN108: 0.3 | HO108: 0.3 | HP108: 0.3 | HQ108: 0.3 | HR108: 0.3 | HS108: 0.3 | HT108: 0.3 | HU108: 0.3 | HV108: 0.3 | HW108: 0.3 | HX108: 0.3 | HY108: 0.3 | HZ108: 0.3 | IA108: 0.3 | IB108: 0.3 | IC108: 0.3 | ID108: 0.3 | IE108: 0.3 | IF108: 0.3 | IG108: 0.3 | IH108: 0.3 | II108: 0.3 | IJ108: 0.3 | IK108: 0.3 | IL108: 0.3 | IM108: 0 | IN108: 0.3 | IO108: 0.3 | IP108: 0.3 | IQ108: 0.3 | IR108: 0.3 | IS108: 0.3 | IT108: 0 | IU108: 0.3 | IV108: 0.3 | IW108: 0.3 | IX108: 0.3 | IY108: 0.3 | IZ108: 0.3 | JA108: 0 | JB108: 0.3 | JC108: 0.3 | JD108: 0.3 | JE108: 0.3 | JF108: 0.3 | JG108: 0.3 | JH108: 0 | JI108: 0.3 | JJ108: 0.3 | JK108: 0.3 | JL108: 0.3 | JM108: 0.3 | JN108: 0.3 | JO108: 0.3 | JP108: 0.3 | JQ108: 0.3 | JR108: 0.3 | JS108: 0.3 | JT108: 0.3 | JU108: 0.3 | JV108: 0 | JW108: 0.3 | JX108: 0.3 | JY108: 0.3 | JZ108: 0.3 | KA108: 0.3 | KB108: 0.3 | KC108: 0 | KD108: 0.3 | KE108: 0.3 | KF108: 0.3 | KG108: 0.3 | KH108: 0.3 | KI108: 0.3 | KJ108: 0 | KK108: 0.3 | KL108: 0.3 | KM108: 0.3 | KN108: 0.3 | KO108: 0.3 | KP108: 0.3 | KQ108: 0.3 | KR108: 0.3 | KS108: 0.3 | KT108: 0.3 | KU108: 0.3 | KV108: 0.3 | KW108: 0.3 | KX108: 0.3 | KY108: 0.3 | KZ108: 0.3 | LA108: 0.3 | LB108: 0.3 | LC108: 0.3 | LD108: 0.3 | LE108: 0.3 | LF108: 0.3 | LG108: 0.3 | LH108: 0.3 | LI108: 0.3 | LJ108: 0.3 | LK108: 0.3 | LL108: 0.3 | LM108: 0.3 | LN108: 0.3 | LO108: 0.3 | LP108: 0.3 | LQ108: 0.3 | LR108: 0.3 | LS108: 0.3 | LT108: 0.3 | LU108: 0.3 | LV108: 0.3 | LW108: 0.3 | LX108: 0.3 | LY108: 0.3 | LZ108: 0.3 | MA108: 0.3 | MB108: 0.3 | MC108: 0.3 | MD108: 0.3 | ME108: 0.3 | MF108: 0.3 | MG108: 0.3 | MH108: 0.3 | MI108: 0.3 | MJ108: 0.3 | MK108: 0.3 | ML108: 0.3 | MM108: 0.3 | MN108: 0.3 | MO108: 0.3 | MP108: 0.3 | MQ108: 0.3 | MR108: 0.3 | MS108: 0.3 | MT108: 0.3 | MU108: 0.3 | MV108: 0.3 | MW108: 0.3 | MX108: 0.3 | MY108: 0.3 | MZ108: 0.3 | NA108: 0.3 | NB108: 0.3
B109: Banding | C109: =C99/Data!$B28/Data!$B4/Data!$B13*Data!$B29 -> 0.28153153 | D109: =D99/Data!$B28/Data!$B4/Data!$B13*Data!$B29 -> 0.56756757 | E109: =E99/Data!$B28/Data!$B4/Data!$B13*Data!$B29 -> 0.56756757 | F109: =F99/Data!$B28/Data!$B4/Data!$B13*Data!$B29 -> 0.64864865 | G109: =G99/Data!$B28/Data!$B4/Data!$B13*Data!$B29 -> 0.56756757 | H109: =H99/Data!$B28/Data!$B4/Data!$B13*Data!$B29 -> 0 | I109: =I99/Data!$B28/Data!$B4/Data!$B13*Data!$B29 -> 0 | J109: =J99/Data!$B28/Data!$B4/Data!$B13*Data!$B29 -> 1.6891892 | ... IL109: =IL99/Data!$B28/Data!$B4/Data!$B13*Data!$B29 -> 0 | IM109: 0 | IN109: =IN99/Data!$B28/Data!$B4/Data!$B13*Data!$B29 -> 1.9144144 | IO109: =IO99/Data!$B28/Data!$B4/Data!$B13*Data!$B29 -> 1.3783784 | IP109: =IP99/Data!$B28/Data!$B4/Data!$B13*Data!$B29 -> 2.027027 | IQ109: =IQ99/Data!$B28/Data!$B4/Data!$B13*Data!$B29 -> 2.4324324 | IR109: =IR99/Data!$B28/Data!$B4/Data!$B13*Data!$B29 -> 2.4324324 | IS109: =IS99/Data!$B28/Data!$B4/Data!$B13*Data!$B29 -> 0 | IT109: =IT99/Data!$B28/Data!$B4/Data!$B13*Data!$B29 -> 0 | IU109: =IU99/Data!$B28/Data!$B4/Data!$B13*Data!$B29 -> 4.2792793 | ... NB109: =NB99/Data!$B28/Data!$B4/Data!$B13*Data!$B29 -> 0
